
> workspace@0.0.0 web:preview E:\LifeSim Mayor Mode
> node scripts/start-web-preview.mjs

Starting LifeSim web preview at http://127.0.0.1:4125
[08:31:49.945] [32mINFO[39m (44980): [36mInitializing simulation engine...[39m
[08:31:50.038] [32mINFO[39m (44980): [36mLoaded agent stat history from DB[39m
    [35magentCount[39m: 1104
[08:31:50.070] [32mINFO[39m (44980): [36mHospitals already present, skipping creation[39m
    [35mcount[39m: 6
[08:31:50.070] [32mINFO[39m (44980): [36mRaw producers already present, skipping[39m
    [35mfarmCount[39m: 10
    [35mworkshopCount[39m: 7
[08:31:50.071] [32mINFO[39m (44980): [36mPublic services already present, skipping[39m
    [35mschools[39m: 4
    [35mparks[39m: 5
    [35mtemples[39m: 3
[08:31:50.071] [32mINFO[39m (44980): [36mResuming simulation from saved state[39m
[08:31:50.071] [32mINFO[39m (44980): [36mSimulation engine initialized[39m
    [35magentCount[39m: 911
    [35mbusinessCount[39m: 131
[08:31:50.085] [32mINFO[39m (44980): [36mServer listening[39m
    [35mport[39m: 4125
    [35mhost[39m: "127.0.0.1"
[08:32:09.020] [32mINFO[39m (44980): [36mrequest completed[39m
    [35mreq[39m: {
      "id": 1,
      "method": "GET",
      "url": "/api/decisions/day"
    }
    [35mres[39m: {
      "statusCode": 200
    }
    [35mresponseTime[39m: 39
[08:32:20.848] [32mINFO[39m (44980): [36mAgents died[39m
    [35mcount[39m: 5
    [35mpopulation[39m: 906
[08:32:20.856] [32mINFO[39m (44980): [36mNew agents born[39m
    [35mcount[39m: 7
    [35mpopulation[39m: 913
[08:32:20.891] [32mINFO[39m (44980): [36mAgents emigrated[39m
    [35mcount[39m: 22
    [35mpopulation[39m: 891
    [35mwellbeingScore[39m: 0.6
[08:32:20.894] [32mINFO[39m (44980): [36mAgents immigrated[39m
    [35mcount[39m: 2
    [35mpopulation[39m: 893
    [35mwellbeingScore[39m: 0.6
[08:32:20.896] [32mINFO[39m (44980): [36mOne-time government survival bailout issued[39m
    [35mbizId[39m: 16
    [35mbizName[39m: "Продуктовый №6"
    [35mbalanceAfter[39m: 624
    [35mbailoutAmount[39m: 800
[08:32:20.896] [32mINFO[39m (44980): [36mOne-time government survival bailout issued[39m
    [35mbizId[39m: 20
    [35mbizName[39m: "Продуктовый №10"
    [35mbalanceAfter[39m: 498
    [35mbailoutAmount[39m: 800
[08:32:20.896] [32mINFO[39m (44980): [36mOne-time government survival bailout issued[39m
    [35mbizId[39m: 26
    [35mbizName[39m: "Пекарня №16"
    [35mbalanceAfter[39m: 617
    [35mbailoutAmount[39m: 800
[08:32:20.896] [32mINFO[39m (44980): [36mOne-time government survival bailout issued[39m
    [35mbizId[39m: 45
    [35mbizName[39m: "Химчистка №4"
    [35mbalanceAfter[39m: 428
    [35mbailoutAmount[39m: 800
[08:32:20.896] [32mINFO[39m (44980): [36mOne-time government survival bailout issued[39m
    [35mbizId[39m: 92
    [35mbizName[39m: "Магазин  №23"
    [35mbalanceAfter[39m: 474
    [35mbailoutAmount[39m: 800
[08:32:20.900] [32mINFO[39m (44980): [36mGovernment grant approved (need-driven)[39m
    [35magentId[39m: 118
    [35mbizName[39m: "Ресторан     №56"
    [35mbizType[39m: "food"
    [35mlaunchCost[39m: 2000
    [35msuccessScore[39m: 38
    [35mneedScore[39m: 56
    [35mmarketRatio[39m: 0.79
    [35mgovBudgetAfter[39m: 228356
[08:32:20.901] [32mINFO[39m (44980): [36mGovernment grant approved (need-driven)[39m
    [35magentId[39m: 68
    [35mbizName[39m: "Закусочная     №57"
    [35mbizType[39m: "food"
    [35mlaunchCost[39m: 2000
    [35msuccessScore[39m: 38
    [35mneedScore[39m: 56
    [35mmarketRatio[39m: 0.79
    [35mgovBudgetAfter[39m: 226356
[08:32:20.902] [32mINFO[39m (44980): [36mGovernment grant approved (need-driven)[39m
    [35magentId[39m: 1369
    [35mbizName[39m: "Столовая     №58"
    [35mbizType[39m: "food"
    [35mlaunchCost[39m: 2000
    [35msuccessScore[39m: 38
    [35mneedScore[39m: 56
    [35mmarketRatio[39m: 0.76
    [35mgovBudgetAfter[39m: 224356
[08:33:00.403] [32mINFO[39m (44980): [36mrequest completed[39m
    [35mreq[39m: {
      "id": 2,
      "method": "GET",
      "url": "/"
    }
    [35mres[39m: {
      "statusCode": 200
    }
    [35mresponseTime[39m: 7
[08:33:00.451] [32mINFO[39m (44980): [36mrequest completed[39m
    [35mreq[39m: {
      "id": 4,
      "method": "GET",
      "url": "/assets/index-CdqeHSEI.css"
    }
    [35mres[39m: {
      "statusCode": 200
    }
    [35mresponseTime[39m: 5
[08:33:00.459] [32mINFO[39m (44980): [36mrequest completed[39m
    [35mreq[39m: {
      "id": 3,
      "method": "GET",
      "url": "/assets/index-5aVeGPww.js"
    }
    [35mres[39m: {
      "statusCode": 200
    }
    [35mresponseTime[39m: 14
[08:33:00.715] [32mINFO[39m (44980): [36mrequest completed[39m
    [35mreq[39m: {
      "id": 5,
      "method": "GET",
      "url": "/api/stats/population-breakdown"
    }
    [35mres[39m: {
      "statusCode": 200
    }
    [35mresponseTime[39m: 5
[08:33:00.717] [32mINFO[39m (44980): [36mrequest completed[39m
    [35mreq[39m: {
      "id": 6,
      "method": "GET",
      "url": "/api/events"
    }
    [35mres[39m: {
      "statusCode": 200
    }
    [35mresponseTime[39m: 1
[08:33:00.721] [32mINFO[39m (44980): [36mrequest completed[39m
    [35mreq[39m: {
      "id": 7,
      "method": "GET",
      "url": "/api/simulation/state"
    }
    [35mres[39m: {
      "statusCode": 200
    }
    [35mresponseTime[39m: 3
[08:33:00.731] [32mINFO[39m (44980): [36mrequest completed[39m
    [35mreq[39m: {
      "id": 8,
      "method": "GET",
      "url": "/api/stats/history"
    }
    [35mres[39m: {
      "statusCode": 200
    }
    [35mresponseTime[39m: 7
[08:33:00.735] [32mINFO[39m (44980): [36mrequest completed[39m
    [35mreq[39m: {
      "id": 9,
      "method": "GET",
      "url": "/api/stats/summary"
    }
    [35mres[39m: {
      "statusCode": 200
    }
    [35mresponseTime[39m: 4
[08:33:00.743] [32mINFO[39m (44980): [36mrequest completed[39m
    [35mreq[39m: {
      "id": 10,
      "method": "GET",
      "url": "/api/decisions/day"
    }
    [35mres[39m: {
      "statusCode": 200
    }
    [35mresponseTime[39m: 7
[08:33:00.745] [32mINFO[39m (44980): [36mrequest completed[39m
    [35mreq[39m: {
      "id": 11,
      "method": "GET",
      "url": "/api/decisions/requests"
    }
    [35mres[39m: {
      "statusCode": 200
    }
    [35mresponseTime[39m: 1
[08:33:00.857] [32mINFO[39m (44980): [36mrequest completed[39m
    [35mreq[39m: {
      "id": 12,
      "method": "GET",
      "url": "/api/stats/population-breakdown"
    }
    [35mres[39m: {
      "statusCode": 304
    }
    [35mresponseTime[39m: 2
[08:33:00.869] [32mINFO[39m (44980): [36mrequest completed[39m
    [35mreq[39m: {
      "id": 13,
      "method": "GET",
      "url": "/favicon.svg"
    }
    [35mres[39m: {
      "statusCode": 200
    }
    [35mresponseTime[39m: 2
[08:33:05.839] [32mINFO[39m (44980): [36mrequest completed[39m
    [35mreq[39m: {
      "id": 14,
      "method": "GET",
      "url": "/api/simulation/state"
    }
    [35mres[39m: {
      "statusCode": 200
    }
    [35mresponseTime[39m: 2
[08:33:05.929] [32mINFO[39m (44980): [36mrequest completed[39m
    [35mreq[39m: {
      "id": 15,
      "method": "GET",
      "url": "/api/decisions/day"
    }
    [35mres[39m: {
      "statusCode": 200
    }
    [35mresponseTime[39m: 3
[08:33:05.931] [32mINFO[39m (44980): [36mrequest completed[39m
    [35mreq[39m: {
      "id": 16,
      "method": "GET",
      "url": "/api/decisions/requests"
    }
    [35mres[39m: {
      "statusCode": 200
    }
    [35mresponseTime[39m: 1
[08:33:07.857] [32mINFO[39m (44980): [36mrequest completed[39m
    [35mreq[39m: {
      "id": 17,
      "method": "GET",
      "url": "/api/stats/population-breakdown"
    }
    [35mres[39m: {
      "statusCode": 200
    }
    [35mresponseTime[39m: 1
[08:33:07.877] [32mINFO[39m (44980): [36mrequest completed[39m
    [35mreq[39m: {
      "id": 18,
      "method": "GET",
      "url": "/api/stats/history"
    }
    [35mres[39m: {
      "statusCode": 200
    }
    [35mresponseTime[39m: 3
[08:33:07.903] [32mINFO[39m (44980): [36mrequest completed[39m
    [35mreq[39m: {
      "id": 19,
      "method": "GET",
      "url": "/api/stats/summary"
    }
    [35mres[39m: {
      "statusCode": 200
    }
    [35mresponseTime[39m: 2
[08:33:08.857] [32mINFO[39m (44980): [36mrequest completed[39m
    [35mreq[39m: {
      "id": 20,
      "method": "GET",
      "url": "/api/events"
    }
    [35mres[39m: {
      "statusCode": 304
    }
    [35mresponseTime[39m: 1
[08:33:10.871] [32mINFO[39m (44980): [36mrequest completed[39m
    [35mreq[39m: {
      "id": 21,
      "method": "GET",
      "url": "/api/simulation/state"
    }
    [35mres[39m: {
      "statusCode": 304
    }
    [35mresponseTime[39m: 1
[08:33:10.976] [32mINFO[39m (44980): [36mrequest completed[39m
    [35mreq[39m: {
      "id": 22,
      "method": "GET",
      "url": "/api/decisions/day"
    }
    [35mres[39m: {
      "statusCode": 304
    }
    [35mresponseTime[39m: 3
[08:33:10.977] [32mINFO[39m (44980): [36mrequest completed[39m
    [35mreq[39m: {
      "id": 23,
      "method": "GET",
      "url": "/api/decisions/requests"
    }
    [35mres[39m: {
      "statusCode": 304
    }
    [35mresponseTime[39m: 1
[08:33:14.857] [32mINFO[39m (44980): [36mrequest completed[39m
    [35mreq[39m: {
      "id": 24,
      "method": "GET",
      "url": "/api/stats/population-breakdown"
    }
    [35mres[39m: {
      "statusCode": 200
    }
    [35mresponseTime[39m: 1
[08:33:14.942] [32mINFO[39m (44980): [36mrequest completed[39m
    [35mreq[39m: {
      "id": 25,
      "method": "GET",
      "url": "/api/stats/history"
    }
    [35mres[39m: {
      "statusCode": 200
    }
    [35mresponseTime[39m: 2
[08:33:15.016] [32mINFO[39m (44980): [36mrequest completed[39m
    [35mreq[39m: {
      "id": 26,
      "method": "GET",
      "url": "/api/stats/summary"
    }
    [35mres[39m: {
      "statusCode": 200
    }
    [35mresponseTime[39m: 1
[08:33:15.908] [32mINFO[39m (44980): [36mrequest completed[39m
    [35mreq[39m: {
      "id": 27,
      "method": "GET",
      "url": "/api/simulation/state"
    }
    [35mres[39m: {
      "statusCode": 200
    }
    [35mresponseTime[39m: 1
[08:33:16.045] [32mINFO[39m (44980): [36mrequest completed[39m
    [35mreq[39m: {
      "id": 28,
      "method": "GET",
      "url": "/api/decisions/day"
    }
    [35mres[39m: {
      "statusCode": 200
    }
    [35mresponseTime[39m: 3
[08:33:16.046] [32mINFO[39m (44980): [36mrequest completed[39m
    [35mreq[39m: {
      "id": 29,
      "method": "GET",
      "url": "/api/decisions/requests"
    }
    [35mres[39m: {
      "statusCode": 200
    }
    [35mresponseTime[39m: 1
[08:33:16.875] [32mINFO[39m (44980): [36mrequest completed[39m
    [35mreq[39m: {
      "id": 30,
      "method": "GET",
      "url": "/api/events"
    }
    [35mres[39m: {
      "statusCode": 304
    }
    [35mresponseTime[39m: 0
[08:33:20.949] [32mINFO[39m (44980): [36mrequest completed[39m
    [35mreq[39m: {
      "id": 31,
      "method": "GET",
      "url": "/api/simulation/state"
    }
    [35mres[39m: {
      "statusCode": 304
    }
    [35mresponseTime[39m: 2
[08:33:21.082] [32mINFO[39m (44980): [36mrequest completed[39m
    [35mreq[39m: {
      "id": 32,
      "method": "GET",
      "url": "/api/decisions/day"
    }
    [35mres[39m: {
      "statusCode": 304
    }
    [35mresponseTime[39m: 3
[08:33:21.083] [32mINFO[39m (44980): [36mrequest completed[39m
    [35mreq[39m: {
      "id": 33,
      "method": "GET",
      "url": "/api/decisions/requests"
    }
    [35mres[39m: {
      "statusCode": 304
    }
    [35mresponseTime[39m: 1
[08:33:21.857] [32mINFO[39m (44980): [36mrequest completed[39m
    [35mreq[39m: {
      "id": 34,
      "method": "GET",
      "url": "/api/stats/population-breakdown"
    }
    [35mres[39m: {
      "statusCode": 304
    }
    [35mresponseTime[39m: 0
[08:33:21.976] [32mINFO[39m (44980): [36mrequest completed[39m
    [35mreq[39m: {
      "id": 35,
      "method": "GET",
      "url": "/api/stats/history"
    }
    [35mres[39m: {
      "statusCode": 200
    }
    [35mresponseTime[39m: 2
[08:33:22.058] [32mINFO[39m (44980): [36mrequest completed[39m
    [35mreq[39m: {
      "id": 36,
      "method": "GET",
      "url": "/api/stats/summary"
    }
    [35mres[39m: {
      "statusCode": 304
    }
    [35mresponseTime[39m: 1
[08:33:22.414] [31mERROR[39m (44980): [36mTick error[39m
    err: {
      "type": "SqliteError",
      "message": "FOREIGN KEY constraint failed",
      "stack":
          SqliteError: FOREIGN KEY constraint failed
              at <anonymous> (E:\LifeSim Mayor Mode\artifacts\api-server\src\lib\simulation-engine.ts:4177:24)
              at sqliteTransaction (E:\LifeSim Mayor Mode\node_modules\.pnpm\better-sqlite3@12.9.0\node_modules\better-sqlite3\lib\methods\transaction.js:65:24)
              at SimulationEngine.syncToDB (E:\LifeSim Mayor Mode\artifacts\api-server\src\lib\simulation-engine.ts:4183:6)
              at async SimulationEngine.tick (E:\LifeSim Mayor Mode\artifacts\api-server\src\lib\simulation-engine.ts:3150:7)
      "code": "SQLITE_CONSTRAINT_FOREIGNKEY"
    }
[08:33:24.888] [32mINFO[39m (44980): [36mrequest completed[39m
    [35mreq[39m: {
      "id": 37,
      "method": "GET",
      "url": "/api/events"
    }
    [35mres[39m: {
      "statusCode": 304
    }
    [35mresponseTime[39m: 0
[08:33:25.976] [32mINFO[39m (44980): [36mrequest completed[39m
    [35mreq[39m: {
      "id": 38,
      "method": "GET",
      "url": "/api/simulation/state"
    }
    [35mres[39m: {
      "statusCode": 200
    }
    [35mresponseTime[39m: 2
[08:33:26.112] [32mINFO[39m (44980): [36mrequest completed[39m
    [35mreq[39m: {
      "id": 39,
      "method": "GET",
      "url": "/api/decisions/day"
    }
    [35mres[39m: {
      "statusCode": 200
    }
    [35mresponseTime[39m: 2
[08:33:26.113] [32mINFO[39m (44980): [36mrequest completed[39m
    [35mreq[39m: {
      "id": 40,
      "method": "GET",
      "url": "/api/decisions/requests"
    }
    [35mres[39m: {
      "statusCode": 200
    }
    [35mresponseTime[39m: 1
[08:33:27.536] [32mINFO[39m (44980): [36mrequest completed[39m
    [35mreq[39m: {
      "id": 41,
      "method": "POST",
      "url": "/api/decisions/issue"
    }
    [35mres[39m: {
      "statusCode": 200
    }
    [35mresponseTime[39m: 8
[08:33:27.568] [32mINFO[39m (44980): [36mrequest completed[39m
    [35mreq[39m: {
      "id": 42,
      "method": "GET",
      "url": "/api/decisions/day"
    }
    [35mres[39m: {
      "statusCode": 200
    }
    [35mresponseTime[39m: 2
[08:33:27.569] [32mINFO[39m (44980): [36mrequest completed[39m
    [35mreq[39m: {
      "id": 43,
      "method": "GET",
      "url": "/api/simulation/state"
    }
    [35mres[39m: {
      "statusCode": 200
    }
    [35mresponseTime[39m: 1
[08:33:28.858] [32mINFO[39m (44980): [36mrequest completed[39m
    [35mreq[39m: {
      "id": 44,
      "method": "GET",
      "url": "/api/stats/population-breakdown"
    }
    [35mres[39m: {
      "statusCode": 200
    }
    [35mresponseTime[39m: 1
[08:33:29.007] [32mINFO[39m (44980): [36mrequest completed[39m
    [35mreq[39m: {
      "id": 45,
      "method": "GET",
      "url": "/api/stats/history"
    }
    [35mres[39m: {
      "statusCode": 200
    }
    [35mresponseTime[39m: 3
[08:33:29.093] [32mINFO[39m (44980): [36mrequest completed[39m
    [35mreq[39m: {
      "id": 46,
      "method": "GET",
      "url": "/api/stats/summary"
    }
    [35mres[39m: {
      "statusCode": 200
    }
    [35mresponseTime[39m: 1
[08:33:31.159] [32mINFO[39m (44980): [36mrequest completed[39m
    [35mreq[39m: {
      "id": 47,
      "method": "GET",
      "url": "/api/decisions/requests"
    }
    [35mres[39m: {
      "statusCode": 304
    }
    [35mresponseTime[39m: 1
[08:33:32.733] [32mINFO[39m (44980): [36mrequest completed[39m
    [35mreq[39m: {
      "id": 48,
      "method": "GET",
      "url": "/api/decisions/day"
    }
    [35mres[39m: {
      "statusCode": 200
    }
    [35mresponseTime[39m: 3
[08:33:32.736] [32mINFO[39m (44980): [36mrequest completed[39m
    [35mreq[39m: {
      "id": 49,
      "method": "GET",
      "url": "/api/simulation/state"
    }
    [35mres[39m: {
      "statusCode": 200
    }
    [35mresponseTime[39m: 2
[08:33:32.895] [32mINFO[39m (44980): [36mrequest completed[39m
    [35mreq[39m: {
      "id": 50,
      "method": "GET",
      "url": "/api/events"
    }
    [35mres[39m: {
      "statusCode": 304
    }
    [35mresponseTime[39m: 1
[08:33:35.858] [32mINFO[39m (44980): [36mrequest completed[39m
    [35mreq[39m: {
      "id": 51,
      "method": "GET",
      "url": "/api/stats/population-breakdown"
    }
    [35mres[39m: {
      "statusCode": 200
    }
    [35mresponseTime[39m: 1
[08:33:36.046] [32mINFO[39m (44980): [36mrequest completed[39m
    [35mreq[39m: {
      "id": 52,
      "method": "GET",
      "url": "/api/stats/history"
    }
    [35mres[39m: {
      "statusCode": 200
    }
    [35mresponseTime[39m: 5
[08:33:36.127] [32mINFO[39m (44980): [36mrequest completed[39m
    [35mreq[39m: {
      "id": 53,
      "method": "GET",
      "url": "/api/stats/summary"
    }
    [35mres[39m: {
      "statusCode": 200
    }
    [35mresponseTime[39m: 1
[08:33:36.192] [32mINFO[39m (44980): [36mrequest completed[39m
    [35mreq[39m: {
      "id": 54,
      "method": "GET",
      "url": "/api/decisions/requests"
    }
    [35mres[39m: {
      "statusCode": 200
    }
    [35mresponseTime[39m: 1
[08:33:37.761] [32mINFO[39m (44980): [36mrequest completed[39m
    [35mreq[39m: {
      "id": 55,
      "method": "GET",
      "url": "/api/decisions/day"
    }
    [35mres[39m: {
      "statusCode": 304
    }
    [35mresponseTime[39m: 3
[08:33:37.777] [32mINFO[39m (44980): [36mrequest completed[39m
    [35mreq[39m: {
      "id": 56,
      "method": "GET",
      "url": "/api/simulation/state"
    }
    [35mres[39m: {
      "statusCode": 304
    }
    [35mresponseTime[39m: 1
[08:33:40.908] [32mINFO[39m (44980): [36mrequest completed[39m
    [35mreq[39m: {
      "id": 57,
      "method": "GET",
      "url": "/api/events"
    }
    [35mres[39m: {
      "statusCode": 304
    }
    [35mresponseTime[39m: 1
[08:33:41.231] [32mINFO[39m (44980): [36mrequest completed[39m
    [35mreq[39m: {
      "id": 58,
      "method": "GET",
      "url": "/api/decisions/requests"
    }
    [35mres[39m: {
      "statusCode": 304
    }
    [35mresponseTime[39m: 1
[08:33:42.901] [32mINFO[39m (44980): [36mrequest completed[39m
    [35mreq[39m: {
      "id": 59,
      "method": "GET",
      "url": "/api/decisions/day"
    }
    [35mres[39m: {
      "statusCode": 200
    }
    [35mresponseTime[39m: 2
[08:33:42.904] [32mINFO[39m (44980): [36mrequest completed[39m
    [35mreq[39m: {
      "id": 60,
      "method": "GET",
      "url": "/api/simulation/state"
    }
    [35mres[39m: {
      "statusCode": 200
    }
    [35mresponseTime[39m: 2
[08:33:42.905] [32mINFO[39m (44980): [36mrequest completed[39m
    [35mreq[39m: {
      "id": 61,
      "method": "GET",
      "url": "/api/stats/population-breakdown"
    }
    [35mres[39m: {
      "statusCode": 200
    }
    [35mresponseTime[39m: 1
[08:33:43.074] [32mINFO[39m (44980): [36mrequest completed[39m
    [35mreq[39m: {
      "id": 62,
      "method": "GET",
      "url": "/api/stats/history"
    }
    [35mres[39m: {
      "statusCode": 200
    }
    [35mresponseTime[39m: 3
[08:33:43.164] [32mINFO[39m (44980): [36mrequest completed[39m
    [35mreq[39m: {
      "id": 63,
      "method": "GET",
      "url": "/api/stats/summary"
    }
    [35mres[39m: {
      "statusCode": 200
    }
    [35mresponseTime[39m: 1
[08:33:46.259] [32mINFO[39m (44980): [36mrequest completed[39m
    [35mreq[39m: {
      "id": 64,
      "method": "GET",
      "url": "/api/decisions/requests"
    }
    [35mres[39m: {
      "statusCode": 200
    }
    [35mresponseTime[39m: 1
[08:33:47.910] [32mINFO[39m (44980): [36mrequest completed[39m
    [35mreq[39m: {
      "id": 65,
      "method": "GET",
      "url": "/api/decisions/day"
    }
    [35mres[39m: {
      "statusCode": 304
    }
    [35mresponseTime[39m: 2
[08:33:47.941] [32mINFO[39m (44980): [36mrequest completed[39m
    [35mreq[39m: {
      "id": 66,
      "method": "GET",
      "url": "/api/simulation/state"
    }
    [35mres[39m: {
      "statusCode": 304
    }
    [35mresponseTime[39m: 1
[08:33:48.923] [32mINFO[39m (44980): [36mrequest completed[39m
    [35mreq[39m: {
      "id": 67,
      "method": "GET",
      "url": "/api/events"
    }
    [35mres[39m: {
      "statusCode": 304
    }
    [35mresponseTime[39m: 0
[08:33:49.859] [32mINFO[39m (44980): [36mrequest completed[39m
    [35mreq[39m: {
      "id": 68,
      "method": "GET",
      "url": "/api/stats/population-breakdown"
    }
    [35mres[39m: {
      "statusCode": 304
    }
    [35mresponseTime[39m: 1
[08:33:50.111] [32mINFO[39m (44980): [36mrequest completed[39m
    [35mreq[39m: {
      "id": 69,
      "method": "GET",
      "url": "/api/stats/history"
    }
    [35mres[39m: {
      "statusCode": 304
    }
    [35mresponseTime[39m: 3
[08:33:50.209] [32mINFO[39m (44980): [36mrequest completed[39m
    [35mreq[39m: {
      "id": 70,
      "method": "GET",
      "url": "/api/stats/summary"
    }
    [35mres[39m: {
      "statusCode": 304
    }
    [35mresponseTime[39m: 1
[08:33:51.292] [32mINFO[39m (44980): [36mrequest completed[39m
    [35mreq[39m: {
      "id": 71,
      "method": "GET",
      "url": "/api/decisions/requests"
    }
    [35mres[39m: {
      "statusCode": 304
    }
    [35mresponseTime[39m: 1
[08:33:53.109] [32mINFO[39m (44980): [36mrequest completed[39m
    [35mreq[39m: {
      "id": 72,
      "method": "GET",
      "url": "/api/decisions/day"
    }
    [35mres[39m: {
      "statusCode": 200
    }
    [35mresponseTime[39m: 3
[08:33:53.111] [32mINFO[39m (44980): [36mrequest completed[39m
    [35mreq[39m: {
      "id": 73,
      "method": "GET",
      "url": "/api/simulation/state"
    }
    [35mres[39m: {
      "statusCode": 200
    }
    [35mresponseTime[39m: 2
[08:33:56.319] [32mINFO[39m (44980): [36mrequest completed[39m
    [35mreq[39m: {
      "id": 74,
      "method": "GET",
      "url": "/api/decisions/requests"
    }
    [35mres[39m: {
      "statusCode": 200
    }
    [35mresponseTime[39m: 1
[08:33:56.859] [32mINFO[39m (44980): [36mrequest completed[39m
    [35mreq[39m: {
      "id": 75,
      "method": "GET",
      "url": "/api/stats/population-breakdown"
    }
    [35mres[39m: {
      "statusCode": 200
    }
    [35mresponseTime[39m: 1
[08:33:56.939] [32mINFO[39m (44980): [36mrequest completed[39m
    [35mreq[39m: {
      "id": 76,
      "method": "GET",
      "url": "/api/events"
    }
    [35mres[39m: {
      "statusCode": 304
    }
    [35mresponseTime[39m: 1
[08:33:57.144] [32mINFO[39m (44980): [36mrequest completed[39m
    [35mreq[39m: {
      "id": 77,
      "method": "GET",
      "url": "/api/stats/history"
    }
    [35mres[39m: {
      "statusCode": 200
    }
    [35mresponseTime[39m: 5
[08:33:57.233] [32mINFO[39m (44980): [36mrequest completed[39m
    [35mreq[39m: {
      "id": 78,
      "method": "GET",
      "url": "/api/stats/summary"
    }
    [35mres[39m: {
      "statusCode": 200
    }
    [35mresponseTime[39m: 1
[08:33:58.118] [32mINFO[39m (44980): [36mrequest completed[39m
    [35mreq[39m: {
      "id": 79,
      "method": "GET",
      "url": "/api/decisions/day"
    }
    [35mres[39m: {
      "statusCode": 304
    }
    [35mresponseTime[39m: 3
[08:33:58.176] [32mINFO[39m (44980): [36mrequest completed[39m
    [35mreq[39m: {
      "id": 80,
      "method": "GET",
      "url": "/api/simulation/state"
    }
    [35mres[39m: {
      "statusCode": 304
    }
    [35mresponseTime[39m: 1
[08:34:01.346] [32mINFO[39m (44980): [36mrequest completed[39m
    [35mreq[39m: {
      "id": 81,
      "method": "GET",
      "url": "/api/decisions/requests"
    }
    [35mres[39m: {
      "statusCode": 304
    }
    [35mresponseTime[39m: 1
[08:34:03.322] [31mERROR[39m (44980): [36mTick error[39m
    err: {
      "type": "SqliteError",
      "message": "FOREIGN KEY constraint failed",
      "stack":
          SqliteError: FOREIGN KEY constraint failed
              at <anonymous> (E:\LifeSim Mayor Mode\artifacts\api-server\src\lib\simulation-engine.ts:4177:24)
              at sqliteTransaction (E:\LifeSim Mayor Mode\node_modules\.pnpm\better-sqlite3@12.9.0\node_modules\better-sqlite3\lib\methods\transaction.js:65:24)
              at SimulationEngine.syncToDB (E:\LifeSim Mayor Mode\artifacts\api-server\src\lib\simulation-engine.ts:4183:6)
              at async SimulationEngine.tick (E:\LifeSim Mayor Mode\artifacts\api-server\src\lib\simulation-engine.ts:3150:7)
      "code": "SQLITE_CONSTRAINT_FOREIGNKEY"
    }
[08:34:03.326] [32mINFO[39m (44980): [36mrequest completed[39m
    [35mreq[39m: {
      "id": 82,
      "method": "GET",
      "url": "/api/decisions/day"
    }
    [35mres[39m: {
      "statusCode": 200
    }
    [35mresponseTime[39m: 3
[08:34:03.327] [32mINFO[39m (44980): [36mrequest completed[39m
    [35mreq[39m: {
      "id": 83,
      "method": "GET",
      "url": "/api/simulation/state"
    }
    [35mres[39m: {
      "statusCode": 200
    }
    [35mresponseTime[39m: 1
[08:34:03.859] [32mINFO[39m (44980): [36mrequest completed[39m
    [35mreq[39m: {
      "id": 84,
      "method": "GET",
      "url": "/api/stats/population-breakdown"
    }
    [35mres[39m: {
      "statusCode": 200
    }
    [35mresponseTime[39m: 1
[08:34:04.179] [32mINFO[39m (44980): [36mrequest completed[39m
    [35mreq[39m: {
      "id": 85,
      "method": "GET",
      "url": "/api/stats/history"
    }
    [35mres[39m: {
      "statusCode": 304
    }
    [35mresponseTime[39m: 2
[08:34:04.278] [32mINFO[39m (44980): [36mrequest completed[39m
    [35mreq[39m: {
      "id": 86,
      "method": "GET",
      "url": "/api/stats/summary"
    }
    [35mres[39m: {
      "statusCode": 200
    }
    [35mresponseTime[39m: 1
[08:34:04.943] [32mINFO[39m (44980): [36mrequest completed[39m
    [35mreq[39m: {
      "id": 87,
      "method": "GET",
      "url": "/api/events"
    }
    [35mres[39m: {
      "statusCode": 304
    }
    [35mresponseTime[39m: 0
[08:34:06.390] [32mINFO[39m (44980): [36mrequest completed[39m
    [35mreq[39m: {
      "id": 88,
      "method": "GET",
      "url": "/api/decisions/requests"
    }
    [35mres[39m: {
      "statusCode": 200
    }
    [35mresponseTime[39m: 1
[08:34:08.343] [32mINFO[39m (44980): [36mrequest completed[39m
    [35mreq[39m: {
      "id": 89,
      "method": "GET",
      "url": "/api/decisions/day"
    }
    [35mres[39m: {
      "statusCode": 304
    }
    [35mresponseTime[39m: 3
[08:34:08.365] [32mINFO[39m (44980): [36mrequest completed[39m
    [35mreq[39m: {
      "id": 90,
      "method": "GET",
      "url": "/api/simulation/state"
    }
    [35mres[39m: {
      "statusCode": 304
    }
    [35mresponseTime[39m: 1
[08:34:10.858] [32mINFO[39m (44980): [36mrequest completed[39m
    [35mreq[39m: {
      "id": 91,
      "method": "GET",
      "url": "/api/stats/population-breakdown"
    }
    [35mres[39m: {
      "statusCode": 304
    }
    [35mresponseTime[39m: 0
[08:34:11.211] [32mINFO[39m (44980): [36mrequest completed[39m
    [35mreq[39m: {
      "id": 92,
      "method": "GET",
      "url": "/api/stats/history"
    }
    [35mres[39m: {
      "statusCode": 304
    }
    [35mresponseTime[39m: 2
[08:34:11.305] [32mINFO[39m (44980): [36mrequest completed[39m
    [35mreq[39m: {
      "id": 93,
      "method": "GET",
      "url": "/api/stats/summary"
    }
    [35mres[39m: {
      "statusCode": 304
    }
    [35mresponseTime[39m: 1
[08:34:11.438] [32mINFO[39m (44980): [36mrequest completed[39m
    [35mreq[39m: {
      "id": 94,
      "method": "GET",
      "url": "/api/decisions/requests"
    }
    [35mres[39m: {
      "statusCode": 304
    }
    [35mresponseTime[39m: 1
[08:34:12.957] [32mINFO[39m (44980): [36mrequest completed[39m
    [35mreq[39m: {
      "id": 95,
      "method": "GET",
      "url": "/api/events"
    }
    [35mres[39m: {
      "statusCode": 304
    }
    [35mresponseTime[39m: 1
[08:34:13.636] [32mINFO[39m (44980): [36mrequest completed[39m
    [35mreq[39m: {
      "id": 96,
      "method": "GET",
      "url": "/api/decisions/day"
    }
    [35mres[39m: {
      "statusCode": 200
    }
    [35mresponseTime[39m: 2
[08:34:13.637] [32mINFO[39m (44980): [36mrequest completed[39m
    [35mreq[39m: {
      "id": 97,
      "method": "GET",
      "url": "/api/simulation/state"
    }
    [35mres[39m: {
      "statusCode": 200
    }
    [35mresponseTime[39m: 1
[08:34:16.464] [32mINFO[39m (44980): [36mrequest completed[39m
    [35mreq[39m: {
      "id": 98,
      "method": "GET",
      "url": "/api/decisions/requests"
    }
    [35mres[39m: {
      "statusCode": 200
    }
    [35mresponseTime[39m: 1
[08:34:17.855] [32mINFO[39m (44980): [36mrequest completed[39m
    [35mreq[39m: {
      "id": 99,
      "method": "GET",
      "url": "/api/stats/population-breakdown"
    }
    [35mres[39m: {
      "statusCode": 200
    }
    [35mresponseTime[39m: 1
[08:34:18.238] [32mINFO[39m (44980): [36mrequest completed[39m
    [35mreq[39m: {
      "id": 100,
      "method": "GET",
      "url": "/api/stats/history"
    }
    [35mres[39m: {
      "statusCode": 200
    }
    [35mresponseTime[39m: 2
[08:34:18.335] [32mINFO[39m (44980): [36mrequest completed[39m
    [35mreq[39m: {
      "id": 101,
      "method": "GET",
      "url": "/api/stats/summary"
    }
    [35mres[39m: {
      "statusCode": 200
    }
    [35mresponseTime[39m: 1
[08:34:18.644] [32mINFO[39m (44980): [36mrequest completed[39m
    [35mreq[39m: {
      "id": 102,
      "method": "GET",
      "url": "/api/decisions/day"
    }
    [35mres[39m: {
      "statusCode": 304
    }
    [35mresponseTime[39m: 2
[08:34:18.670] [32mINFO[39m (44980): [36mrequest completed[39m
    [35mreq[39m: {
      "id": 103,
      "method": "GET",
      "url": "/api/simulation/state"
    }
    [35mres[39m: {
      "statusCode": 304
    }
    [35mresponseTime[39m: 1
[08:34:20.976] [32mINFO[39m (44980): [36mrequest completed[39m
    [35mreq[39m: {
      "id": 104,
      "method": "GET",
      "url": "/api/events"
    }
    [35mres[39m: {
      "statusCode": 304
    }
    [35mresponseTime[39m: 1
[08:34:21.493] [32mINFO[39m (44980): [36mrequest completed[39m
    [35mreq[39m: {
      "id": 105,
      "method": "GET",
      "url": "/api/decisions/requests"
    }
    [35mres[39m: {
      "statusCode": 304
    }
    [35mresponseTime[39m: 0
[08:34:23.920] [31mERROR[39m (44980): [36mTick error[39m
    err: {
      "type": "SqliteError",
      "message": "FOREIGN KEY constraint failed",
      "stack":
          SqliteError: FOREIGN KEY constraint failed
              at <anonymous> (E:\LifeSim Mayor Mode\artifacts\api-server\src\lib\simulation-engine.ts:4177:24)
              at sqliteTransaction (E:\LifeSim Mayor Mode\node_modules\.pnpm\better-sqlite3@12.9.0\node_modules\better-sqlite3\lib\methods\transaction.js:65:24)
              at SimulationEngine.syncToDB (E:\LifeSim Mayor Mode\artifacts\api-server\src\lib\simulation-engine.ts:4183:6)
              at async SimulationEngine.tick (E:\LifeSim Mayor Mode\artifacts\api-server\src\lib\simulation-engine.ts:3150:7)
      "code": "SQLITE_CONSTRAINT_FOREIGNKEY"
    }
[08:34:23.922] [32mINFO[39m (44980): [36mrequest completed[39m
    [35mreq[39m: {
      "id": 106,
      "method": "GET",
      "url": "/api/decisions/day"
    }
    [35mres[39m: {
      "statusCode": 200
    }
    [35mresponseTime[39m: 1
[08:34:23.924] [32mINFO[39m (44980): [36mrequest completed[39m
    [35mreq[39m: {
      "id": 107,
      "method": "GET",
      "url": "/api/simulation/state"
    }
    [35mres[39m: {
      "statusCode": 200
    }
    [35mresponseTime[39m: 1
[08:34:24.856] [32mINFO[39m (44980): [36mrequest completed[39m
    [35mreq[39m: {
      "id": 108,
      "method": "GET",
      "url": "/api/stats/population-breakdown"
    }
    [35mres[39m: {
      "statusCode": 200
    }
    [35mresponseTime[39m: 1
[08:34:25.275] [32mINFO[39m (44980): [36mrequest completed[39m
    [35mreq[39m: {
      "id": 109,
      "method": "GET",
      "url": "/api/stats/history"
    }
    [35mres[39m: {
      "statusCode": 200
    }
    [35mresponseTime[39m: 3
[08:34:25.378] [32mINFO[39m (44980): [36mrequest completed[39m
    [35mreq[39m: {
      "id": 110,
      "method": "GET",
      "url": "/api/stats/summary"
    }
    [35mres[39m: {
      "statusCode": 200
    }
    [35mresponseTime[39m: 1
[08:34:26.525] [32mINFO[39m (44980): [36mrequest completed[39m
    [35mreq[39m: {
      "id": 111,
      "method": "GET",
      "url": "/api/decisions/requests"
    }
    [35mres[39m: {
      "statusCode": 200
    }
    [35mresponseTime[39m: 1
[08:34:28.928] [32mINFO[39m (44980): [36mrequest completed[39m
    [35mreq[39m: {
      "id": 112,
      "method": "GET",
      "url": "/api/decisions/day"
    }
    [35mres[39m: {
      "statusCode": 304
    }
    [35mresponseTime[39m: 2
[08:34:28.951] [32mINFO[39m (44980): [36mrequest completed[39m
    [35mreq[39m: {
      "id": 113,
      "method": "GET",
      "url": "/api/simulation/state"
    }
    [35mres[39m: {
      "statusCode": 304
    }
    [35mresponseTime[39m: 1
[08:34:29.005] [32mINFO[39m (44980): [36mrequest completed[39m
    [35mreq[39m: {
      "id": 114,
      "method": "GET",
      "url": "/api/events"
    }
    [35mres[39m: {
      "statusCode": 304
    }
    [35mresponseTime[39m: 0
[08:34:31.556] [32mINFO[39m (44980): [36mrequest completed[39m
    [35mreq[39m: {
      "id": 115,
      "method": "GET",
      "url": "/api/decisions/requests"
    }
    [35mres[39m: {
      "statusCode": 304
    }
    [35mresponseTime[39m: 1
[08:34:31.860] [32mINFO[39m (44980): [36mrequest completed[39m
    [35mreq[39m: {
      "id": 116,
      "method": "GET",
      "url": "/api/stats/population-breakdown"
    }
    [35mres[39m: {
      "statusCode": 304
    }
    [35mresponseTime[39m: 1
[08:34:32.319] [32mINFO[39m (44980): [36mrequest completed[39m
    [35mreq[39m: {
      "id": 117,
      "method": "GET",
      "url": "/api/stats/history"
    }
    [35mres[39m: {
      "statusCode": 304
    }
    [35mresponseTime[39m: 4
[08:34:32.438] [32mINFO[39m (44980): [36mrequest completed[39m
    [35mreq[39m: {
      "id": 118,
      "method": "GET",
      "url": "/api/stats/summary"
    }
    [35mres[39m: {
      "statusCode": 304
    }
    [35mresponseTime[39m: 2
[08:34:34.306] [32mINFO[39m (44980): [36mrequest completed[39m
    [35mreq[39m: {
      "id": 119,
      "method": "GET",
      "url": "/api/decisions/day"
    }
    [35mres[39m: {
      "statusCode": 200
    }
    [35mresponseTime[39m: 2
[08:34:34.308] [32mINFO[39m (44980): [36mrequest completed[39m
    [35mreq[39m: {
      "id": 120,
      "method": "GET",
      "url": "/api/simulation/state"
    }
    [35mres[39m: {
      "statusCode": 200
    }
    [35mresponseTime[39m: 2
[08:34:36.595] [32mINFO[39m (44980): [36mrequest completed[39m
    [35mreq[39m: {
      "id": 121,
      "method": "GET",
      "url": "/api/decisions/requests"
    }
    [35mres[39m: {
      "statusCode": 200
    }
    [35mresponseTime[39m: 1
[08:34:37.044] [32mINFO[39m (44980): [36mrequest completed[39m
    [35mreq[39m: {
      "id": 122,
      "method": "GET",
      "url": "/api/events"
    }
    [35mres[39m: {
      "statusCode": 304
    }
    [35mresponseTime[39m: 1
[08:34:38.861] [32mINFO[39m (44980): [36mrequest completed[39m
    [35mreq[39m: {
      "id": 123,
      "method": "GET",
      "url": "/api/stats/population-breakdown"
    }
    [35mres[39m: {
      "statusCode": 200
    }
    [35mresponseTime[39m: 1
[08:34:39.312] [32mINFO[39m (44980): [36mrequest completed[39m
    [35mreq[39m: {
      "id": 124,
      "method": "GET",
      "url": "/api/decisions/day"
    }
    [35mres[39m: {
      "statusCode": 304
    }
    [35mresponseTime[39m: 2
[08:34:39.356] [32mINFO[39m (44980): [36mrequest completed[39m
    [35mreq[39m: {
      "id": 125,
      "method": "GET",
      "url": "/api/simulation/state"
    }
    [35mres[39m: {
      "statusCode": 304
    }
    [35mresponseTime[39m: 0
[08:34:39.384] [32mINFO[39m (44980): [36mrequest completed[39m
    [35mreq[39m: {
      "id": 126,
      "method": "GET",
      "url": "/api/stats/history"
    }
    [35mres[39m: {
      "statusCode": 200
    }
    [35mresponseTime[39m: 2
[08:34:39.482] [32mINFO[39m (44980): [36mrequest completed[39m
    [35mreq[39m: {
      "id": 127,
      "method": "GET",
      "url": "/api/stats/summary"
    }
    [35mres[39m: {
      "statusCode": 200
    }
    [35mresponseTime[39m: 1
[08:34:41.626] [32mINFO[39m (44980): [36mrequest completed[39m
    [35mreq[39m: {
      "id": 128,
      "method": "GET",
      "url": "/api/decisions/requests"
    }
    [35mres[39m: {
      "statusCode": 304
    }
    [35mresponseTime[39m: 1
[08:34:44.557] [31mERROR[39m (44980): [36mTick error[39m
    err: {
      "type": "SqliteError",
      "message": "FOREIGN KEY constraint failed",
      "stack":
          SqliteError: FOREIGN KEY constraint failed
              at <anonymous> (E:\LifeSim Mayor Mode\artifacts\api-server\src\lib\simulation-engine.ts:4177:24)
              at sqliteTransaction (E:\LifeSim Mayor Mode\node_modules\.pnpm\better-sqlite3@12.9.0\node_modules\better-sqlite3\lib\methods\transaction.js:65:24)
              at SimulationEngine.syncToDB (E:\LifeSim Mayor Mode\artifacts\api-server\src\lib\simulation-engine.ts:4183:6)
              at async SimulationEngine.tick (E:\LifeSim Mayor Mode\artifacts\api-server\src\lib\simulation-engine.ts:3150:7)
      "code": "SQLITE_CONSTRAINT_FOREIGNKEY"
    }
[08:34:44.560] [32mINFO[39m (44980): [36mrequest completed[39m
    [35mreq[39m: {
      "id": 129,
      "method": "GET",
      "url": "/api/decisions/day"
    }
    [35mres[39m: {
      "statusCode": 200
    }
    [35mresponseTime[39m: 2
[08:34:44.561] [32mINFO[39m (44980): [36mrequest completed[39m
    [35mreq[39m: {
      "id": 130,
      "method": "GET",
      "url": "/api/simulation/state"
    }
    [35mres[39m: {
      "statusCode": 200
    }
    [35mresponseTime[39m: 1
[08:34:45.057] [32mINFO[39m (44980): [36mrequest completed[39m
    [35mreq[39m: {
      "id": 131,
      "method": "GET",
      "url": "/api/events"
    }
    [35mres[39m: {
      "statusCode": 304
    }
    [35mresponseTime[39m: 1
[08:34:45.885] [32mINFO[39m (44980): [36mrequest completed[39m
    [35mreq[39m: {
      "id": 132,
      "method": "GET",
      "url": "/api/stats/population-breakdown"
    }
    [35mres[39m: {
      "statusCode": 200
    }
    [35mresponseTime[39m: 1
[08:34:46.451] [32mINFO[39m (44980): [36mrequest completed[39m
    [35mreq[39m: {
      "id": 133,
      "method": "GET",
      "url": "/api/stats/history"
    }
    [35mres[39m: {
      "statusCode": 200
    }
    [35mresponseTime[39m: 3
[08:34:46.549] [32mINFO[39m (44980): [36mrequest completed[39m
    [35mreq[39m: {
      "id": 134,
      "method": "GET",
      "url": "/api/stats/summary"
    }
    [35mres[39m: {
      "statusCode": 200
    }
    [35mresponseTime[39m: 1
[08:34:46.699] [32mINFO[39m (44980): [36mrequest completed[39m
    [35mreq[39m: {
      "id": 135,
      "method": "GET",
      "url": "/api/decisions/requests"
    }
    [35mres[39m: {
      "statusCode": 200
    }
    [35mresponseTime[39m: 1
[08:35:15.563] [31mERROR[39m (44980): [36mTick error[39m
    err: {
      "type": "SqliteError",
      "message": "FOREIGN KEY constraint failed",
      "stack":
          SqliteError: FOREIGN KEY constraint failed
              at <anonymous> (E:\LifeSim Mayor Mode\artifacts\api-server\src\lib\simulation-engine.ts:4177:24)
              at sqliteTransaction (E:\LifeSim Mayor Mode\node_modules\.pnpm\better-sqlite3@12.9.0\node_modules\better-sqlite3\lib\methods\transaction.js:65:24)
              at SimulationEngine.syncToDB (E:\LifeSim Mayor Mode\artifacts\api-server\src\lib\simulation-engine.ts:4183:6)
              at async SimulationEngine.tick (E:\LifeSim Mayor Mode\artifacts\api-server\src\lib\simulation-engine.ts:3150:7)
      "code": "SQLITE_CONSTRAINT_FOREIGNKEY"
    }
[08:35:25.804] [31mERROR[39m (44980): [36mTick error[39m
    err: {
      "type": "SqliteError",
      "message": "FOREIGN KEY constraint failed",
      "stack":
          SqliteError: FOREIGN KEY constraint failed
              at <anonymous> (E:\LifeSim Mayor Mode\artifacts\api-server\src\lib\simulation-engine.ts:4177:24)
              at sqliteTransaction (E:\LifeSim Mayor Mode\node_modules\.pnpm\better-sqlite3@12.9.0\node_modules\better-sqlite3\lib\methods\transaction.js:65:24)
              at SimulationEngine.syncToDB (E:\LifeSim Mayor Mode\artifacts\api-server\src\lib\simulation-engine.ts:4183:6)
              at async SimulationEngine.tick (E:\LifeSim Mayor Mode\artifacts\api-server\src\lib\simulation-engine.ts:3150:7)
      "code": "SQLITE_CONSTRAINT_FOREIGNKEY"
    }
[08:36:27.298] [32mINFO[39m (44980): [36mAgents died[39m
    [35mcount[39m: 8
    [35mpopulation[39m: 885
[08:36:27.302] [32mINFO[39m (44980): [36mNew agents born[39m
    [35mcount[39m: 7
    [35mpopulation[39m: 892
[08:36:27.324] [32mINFO[39m (44980): [36mAgents emigrated[39m
    [35mcount[39m: 16
    [35mpopulation[39m: 876
    [35mwellbeingScore[39m: 0.61
[08:36:27.326] [32mINFO[39m (44980): [36mAgents immigrated[39m
    [35mcount[39m: 3
    [35mpopulation[39m: 879
    [35mwellbeingScore[39m: 0.61
[08:36:27.351] [32mINFO[39m (44980): [36mWorld event triggered[39m
    [35mevent[39m: {
      "id": "wealthy_migration-12",
      "type": "wealthy_migration",
      "name": "Приток богатых мигрантов",
      "description": "100 зажиточных семей переехали в город, привезя значительные накопления.",
      "icon": "💰",
      "startDay": 12,
      "endDay": -1,
      "severity": "positive"
    }
    [35mday[39m: 12
[08:36:27.352] [32mINFO[39m (44980): [36mOne-time government survival bailout issued[39m
    [35mbizId[39m: 23
    [35mbizName[39m: "Столовая №13"
    [35mbalanceAfter[39m: 598
    [35mbailoutAmount[39m: 800
[08:36:27.352] [32mINFO[39m (44980): [36mOne-time government survival bailout issued[39m
    [35mbizId[39m: 32
    [35mbizName[39m: "Супермаркет №22"
    [35mbalanceAfter[39m: 585
    [35mbailoutAmount[39m: 800
[08:36:27.352] [32mINFO[39m (44980): [36mOne-time government survival bailout issued[39m
    [35mbizId[39m: 47
    [35mbizName[39m: "Аптека №6"
    [35mbalanceAfter[39m: 491
    [35mbailoutAmount[39m: 800
[08:36:27.352] [32mINFO[39m (44980): [36mOne-time government survival bailout issued[39m
    [35mbizId[39m: 48
    [35mbizName[39m: "Прачечная №7"
    [35mbalanceAfter[39m: 557
    [35mbailoutAmount[39m: 800
[08:36:27.352] [32mINFO[39m (44980): [36mOne-time government survival bailout issued[39m
    [35mbizId[39m: 51
    [35mbizName[39m: "Парикмахерская №10"
    [35mbalanceAfter[39m: 477
    [35mbailoutAmount[39m: 800
[08:36:27.354] [32mINFO[39m (44980): [36mSelf-funded business opened[39m
    [35magentId[39m: 1546
    [35mbizName[39m: "Супермаркет     №59"
    [35mbizType[39m: "food"
    [35mlaunchCost[39m: 2000
    [35msuccessScore[39m: 34
    [35magentMoney[39m: 5288
[08:36:27.355] [32mINFO[39m (44980): [36mSelf-funded business opened[39m
    [35magentId[39m: 1591
    [35mbizName[39m: "Кафе     №60"
    [35mbizType[39m: "food"
    [35mlaunchCost[39m: 2000
    [35msuccessScore[39m: 34
    [35magentMoney[39m: 5211
[08:36:27.355] [32mINFO[39m (44980): [36mSelf-funded business opened[39m
    [35magentId[39m: 1610
    [35mbizName[39m: "Закусочная     №61"
    [35mbizType[39m: "food"
    [35mlaunchCost[39m: 2000
    [35msuccessScore[39m: 34
    [35magentMoney[39m: 4761
[08:36:27.356] [32mINFO[39m (44980): [36mGovernment grant approved (need-driven)[39m
    [35magentId[39m: 1566
    [35mbizName[39m: "Закусочная     №62"
    [35mbizType[39m: "food"
    [35mlaunchCost[39m: 2000
    [35msuccessScore[39m: 34
    [35mneedScore[39m: 50
    [35mmarketRatio[39m: 0.69
    [35mgovBudgetAfter[39m: 225464
[08:36:27.357] [32mINFO[39m (44980): [36mGovernment grant approved (need-driven)[39m
    [35magentId[39m: 1537
    [35mbizName[39m: "Столовая     №63"
    [35mbizType[39m: "food"
    [35mlaunchCost[39m: 2000
    [35msuccessScore[39m: 34
    [35mneedScore[39m: 50
    [35mmarketRatio[39m: 0.69
    [35mgovBudgetAfter[39m: 223464
[08:36:27.357] [32mINFO[39m (44980): [36mGovernment grant approved (need-driven)[39m
    [35magentId[39m: 1576
    [35mbizName[39m: "Зерновое хозяйство     №11"
    [35mbizType[39m: "farm"
    [35mlaunchCost[39m: 1800
    [35msuccessScore[39m: 33
    [35mneedScore[39m: 0
    [35mmarketRatio[39m: 1
    [35mgovBudgetAfter[39m: 221664
[08:37:08.690] [31mERROR[39m (44980): [36mTick error[39m
    err: {
      "type": "SqliteError",
      "message": "FOREIGN KEY constraint failed",
      "stack":
          SqliteError: FOREIGN KEY constraint failed
              at <anonymous> (E:\LifeSim Mayor Mode\artifacts\api-server\src\lib\simulation-engine.ts:4177:24)
              at sqliteTransaction (E:\LifeSim Mayor Mode\node_modules\.pnpm\better-sqlite3@12.9.0\node_modules\better-sqlite3\lib\methods\transaction.js:65:24)
              at SimulationEngine.syncToDB (E:\LifeSim Mayor Mode\artifacts\api-server\src\lib\simulation-engine.ts:4183:6)
              at async SimulationEngine.tick (E:\LifeSim Mayor Mode\artifacts\api-server\src\lib\simulation-engine.ts:3150:7)
      "code": "SQLITE_CONSTRAINT_FOREIGNKEY"
    }
[08:37:39.345] [31mERROR[39m (44980): [36mTick error[39m
    err: {
      "type": "SqliteError",
      "message": "FOREIGN KEY constraint failed",
      "stack":
          SqliteError: FOREIGN KEY constraint failed
              at <anonymous> (E:\LifeSim Mayor Mode\artifacts\api-server\src\lib\simulation-engine.ts:4177:24)
              at sqliteTransaction (E:\LifeSim Mayor Mode\node_modules\.pnpm\better-sqlite3@12.9.0\node_modules\better-sqlite3\lib\methods\transaction.js:65:24)
              at SimulationEngine.syncToDB (E:\LifeSim Mayor Mode\artifacts\api-server\src\lib\simulation-engine.ts:4183:6)
              at async SimulationEngine.tick (E:\LifeSim Mayor Mode\artifacts\api-server\src\lib\simulation-engine.ts:3150:7)
      "code": "SQLITE_CONSTRAINT_FOREIGNKEY"
    }
[08:37:59.763] [31mERROR[39m (44980): [36mTick error[39m
    err: {
      "type": "SqliteError",
      "message": "FOREIGN KEY constraint failed",
      "stack":
          SqliteError: FOREIGN KEY constraint failed
              at <anonymous> (E:\LifeSim Mayor Mode\artifacts\api-server\src\lib\simulation-engine.ts:4177:24)
              at sqliteTransaction (E:\LifeSim Mayor Mode\node_modules\.pnpm\better-sqlite3@12.9.0\node_modules\better-sqlite3\lib\methods\transaction.js:65:24)
              at SimulationEngine.syncToDB (E:\LifeSim Mayor Mode\artifacts\api-server\src\lib\simulation-engine.ts:4183:6)
              at async SimulationEngine.tick (E:\LifeSim Mayor Mode\artifacts\api-server\src\lib\simulation-engine.ts:3150:7)
      "code": "SQLITE_CONSTRAINT_FOREIGNKEY"
    }
[08:38:30.667] [31mERROR[39m (44980): [36mTick error[39m
    err: {
      "type": "SqliteError",
      "message": "FOREIGN KEY constraint failed",
      "stack":
          SqliteError: FOREIGN KEY constraint failed
              at <anonymous> (E:\LifeSim Mayor Mode\artifacts\api-server\src\lib\simulation-engine.ts:4177:24)
              at sqliteTransaction (E:\LifeSim Mayor Mode\node_modules\.pnpm\better-sqlite3@12.9.0\node_modules\better-sqlite3\lib\methods\transaction.js:65:24)
              at SimulationEngine.syncToDB (E:\LifeSim Mayor Mode\artifacts\api-server\src\lib\simulation-engine.ts:4183:6)
              at async SimulationEngine.tick (E:\LifeSim Mayor Mode\artifacts\api-server\src\lib\simulation-engine.ts:3150:7)
      "code": "SQLITE_CONSTRAINT_FOREIGNKEY"
    }
[08:38:40.893] [31mERROR[39m (44980): [36mTick error[39m
    err: {
      "type": "SqliteError",
      "message": "FOREIGN KEY constraint failed",
      "stack":
          SqliteError: FOREIGN KEY constraint failed
              at <anonymous> (E:\LifeSim Mayor Mode\artifacts\api-server\src\lib\simulation-engine.ts:4177:24)
              at sqliteTransaction (E:\LifeSim Mayor Mode\node_modules\.pnpm\better-sqlite3@12.9.0\node_modules\better-sqlite3\lib\methods\transaction.js:65:24)
              at SimulationEngine.syncToDB (E:\LifeSim Mayor Mode\artifacts\api-server\src\lib\simulation-engine.ts:4183:6)
              at async SimulationEngine.tick (E:\LifeSim Mayor Mode\artifacts\api-server\src\lib\simulation-engine.ts:3150:7)
      "code": "SQLITE_CONSTRAINT_FOREIGNKEY"
    }
[08:39:01.449] [31mERROR[39m (44980): [36mTick error[39m
    err: {
      "type": "SqliteError",
      "message": "FOREIGN KEY constraint failed",
      "stack":
          SqliteError: FOREIGN KEY constraint failed
              at <anonymous> (E:\LifeSim Mayor Mode\artifacts\api-server\src\lib\simulation-engine.ts:4177:24)
              at sqliteTransaction (E:\LifeSim Mayor Mode\node_modules\.pnpm\better-sqlite3@12.9.0\node_modules\better-sqlite3\lib\methods\transaction.js:65:24)
              at SimulationEngine.syncToDB (E:\LifeSim Mayor Mode\artifacts\api-server\src\lib\simulation-engine.ts:4183:6)
              at async SimulationEngine.tick (E:\LifeSim Mayor Mode\artifacts\api-server\src\lib\simulation-engine.ts:3150:7)
      "code": "SQLITE_CONSTRAINT_FOREIGNKEY"
    }
[08:39:21.975] [31mERROR[39m (44980): [36mTick error[39m
    err: {
      "type": "SqliteError",
      "message": "FOREIGN KEY constraint failed",
      "stack":
          SqliteError: FOREIGN KEY constraint failed
              at <anonymous> (E:\LifeSim Mayor Mode\artifacts\api-server\src\lib\simulation-engine.ts:4177:24)
              at sqliteTransaction (E:\LifeSim Mayor Mode\node_modules\.pnpm\better-sqlite3@12.9.0\node_modules\better-sqlite3\lib\methods\transaction.js:65:24)
              at SimulationEngine.syncToDB (E:\LifeSim Mayor Mode\artifacts\api-server\src\lib\simulation-engine.ts:4183:6)
              at async SimulationEngine.tick (E:\LifeSim Mayor Mode\artifacts\api-server\src\lib\simulation-engine.ts:3150:7)
      "code": "SQLITE_CONSTRAINT_FOREIGNKEY"
    }
[08:39:42.419] [32mINFO[39m (44980): [36mBusiness going bankrupt — closing[39m
    [35mbizId[39m: 94
    [35mbizName[39m: "Прачечная  №26"
    [35mbalance[39m: -315
    [35mticksUnprofitable[39m: 44
[08:39:52.832] [31mERROR[39m (44980): [36mTick error[39m
    err: {
      "type": "SqliteError",
      "message": "FOREIGN KEY constraint failed",
      "stack":
          SqliteError: FOREIGN KEY constraint failed
              at <anonymous> (E:\LifeSim Mayor Mode\artifacts\api-server\src\lib\simulation-engine.ts:4177:24)
              at sqliteTransaction (E:\LifeSim Mayor Mode\node_modules\.pnpm\better-sqlite3@12.9.0\node_modules\better-sqlite3\lib\methods\transaction.js:65:24)
              at SimulationEngine.syncToDB (E:\LifeSim Mayor Mode\artifacts\api-server\src\lib\simulation-engine.ts:4183:6)
              at async SimulationEngine.tick (E:\LifeSim Mayor Mode\artifacts\api-server\src\lib\simulation-engine.ts:3150:7)
      "code": "SQLITE_CONSTRAINT_FOREIGNKEY"
    }
[08:40:34.136] [32mINFO[39m (44980): [36mAgents died[39m
    [35mcount[39m: 3
    [35mpopulation[39m: 976
[08:40:34.138] [32mINFO[39m (44980): [36mNew agents born[39m
    [35mcount[39m: 9
    [35mpopulation[39m: 985
[08:40:34.146] [32mINFO[39m (44980): [36mAgents emigrated[39m
    [35mcount[39m: 11
    [35mpopulation[39m: 974
    [35mwellbeingScore[39m: 0.76
[08:40:34.149] [32mINFO[39m (44980): [36mAgents immigrated[39m
    [35mcount[39m: 10
    [35mpopulation[39m: 984
    [35mwellbeingScore[39m: 0.76
[08:40:34.149] [32mINFO[39m (44980): [36mOne-time government survival bailout issued[39m
    [35mbizId[39m: 19
    [35mbizName[39m: "Пекарня №9"
    [35mbalanceAfter[39m: 497
    [35mbailoutAmount[39m: 800
[08:40:34.149] [32mINFO[39m (44980): [36mOne-time government survival bailout issued[39m
    [35mbizId[39m: 25
    [35mbizName[39m: "Ресторан №15"
    [35mbalanceAfter[39m: 644
    [35mbailoutAmount[39m: 800
[08:40:34.149] [32mINFO[39m (44980): [36mOne-time government survival bailout issued[39m
    [35mbizId[39m: 33
    [35mbizName[39m: "Кафе №23"
    [35mbalanceAfter[39m: 558
    [35mbailoutAmount[39m: 800
[08:40:34.149] [32mINFO[39m (44980): [36mOne-time government survival bailout issued[39m
    [35mbizId[39m: 40
    [35mbizName[39m: "Ресторан №30"
    [35mbalanceAfter[39m: 606
    [35mbailoutAmount[39m: 800
[08:40:34.149] [32mINFO[39m (44980): [36mOne-time government survival bailout issued[39m
    [35mbizId[39m: 46
    [35mbizName[39m: "Парикмахерская №5"
    [35mbalanceAfter[39m: 395
    [35mbailoutAmount[39m: 800
[08:40:34.151] [32mINFO[39m (44980): [36mSelf-funded business opened[39m
    [35magentId[39m: 1558
    [35mbizName[39m: "Прачечная  №41"
    [35mbizType[39m: "service"
    [35mlaunchCost[39m: 1500
    [35msuccessScore[39m: 38
    [35magentMoney[39m: 5119
[08:40:34.151] [32mINFO[39m (44980): [36mSelf-funded business opened[39m
    [35magentId[39m: 1590
    [35mbizName[39m: "Химчистка  №42"
    [35mbizType[39m: "service"
    [35mlaunchCost[39m: 1500
    [35msuccessScore[39m: 38
    [35magentMoney[39m: 5533
[08:40:34.152] [32mINFO[39m (44980): [36mSelf-funded business opened[39m
    [35magentId[39m: 1618
    [35mbizName[39m: "Парикмахерская  №43"
    [35mbizType[39m: "service"
    [35mlaunchCost[39m: 1500
    [35msuccessScore[39m: 38
    [35magentMoney[39m: 5709
[08:40:34.152] [32mINFO[39m (44980): [36mGovernment grant approved (need-driven)[39m
    [35magentId[39m: 1732
    [35mbizName[39m: "Химчистка  №44"
    [35mbizType[39m: "service"
    [35mlaunchCost[39m: 1500
    [35msuccessScore[39m: 38
    [35mneedScore[39m: 75
    [35mmarketRatio[39m: 0.39
    [35mgovBudgetAfter[39m: 220027
[08:40:34.153] [32mINFO[39m (44980): [36mGovernment grant approved (need-driven)[39m
    [35magentId[39m: 1729
    [35mbizName[39m: "Химчистка  №45"
    [35mbizType[39m: "service"
    [35mlaunchCost[39m: 1500
    [35msuccessScore[39m: 35
    [35mneedScore[39m: 75
    [35mmarketRatio[39m: 0.24
    [35mgovBudgetAfter[39m: 218527
[08:40:34.153] [32mINFO[39m (44980): [36mGovernment grant approved (need-driven)[39m
    [35magentId[39m: 1608
    [35mbizName[39m: "Овощная ферма     №12"
    [35mbizType[39m: "farm"
    [35mlaunchCost[39m: 1800
    [35msuccessScore[39m: 33
    [35mneedScore[39m: 0
    [35mmarketRatio[39m: 1
    [35mgovBudgetAfter[39m: 216727
[08:40:44.689] [31mERROR[39m (44980): [36mTick error[39m
    err: {
      "type": "SqliteError",
      "message": "FOREIGN KEY constraint failed",
      "stack":
          SqliteError: FOREIGN KEY constraint failed
              at <anonymous> (E:\LifeSim Mayor Mode\artifacts\api-server\src\lib\simulation-engine.ts:4177:24)
              at sqliteTransaction (E:\LifeSim Mayor Mode\node_modules\.pnpm\better-sqlite3@12.9.0\node_modules\better-sqlite3\lib\methods\transaction.js:65:24)
              at SimulationEngine.syncToDB (E:\LifeSim Mayor Mode\artifacts\api-server\src\lib\simulation-engine.ts:4183:6)
              at async SimulationEngine.tick (E:\LifeSim Mayor Mode\artifacts\api-server\src\lib\simulation-engine.ts:3150:7)
      "code": "SQLITE_CONSTRAINT_FOREIGNKEY"
    }
[08:40:54.968] [31mERROR[39m (44980): [36mTick error[39m
    err: {
      "type": "SqliteError",
      "message": "FOREIGN KEY constraint failed",
      "stack":
          SqliteError: FOREIGN KEY constraint failed
              at <anonymous> (E:\LifeSim Mayor Mode\artifacts\api-server\src\lib\simulation-engine.ts:4177:24)
              at sqliteTransaction (E:\LifeSim Mayor Mode\node_modules\.pnpm\better-sqlite3@12.9.0\node_modules\better-sqlite3\lib\methods\transaction.js:65:24)
              at SimulationEngine.syncToDB (E:\LifeSim Mayor Mode\artifacts\api-server\src\lib\simulation-engine.ts:4183:6)
              at async SimulationEngine.tick (E:\LifeSim Mayor Mode\artifacts\api-server\src\lib\simulation-engine.ts:3150:7)
      "code": "SQLITE_CONSTRAINT_FOREIGNKEY"
    }
[08:41:05.235] [31mERROR[39m (44980): [36mTick error[39m
    err: {
      "type": "SqliteError",
      "message": "FOREIGN KEY constraint failed",
      "stack":
          SqliteError: FOREIGN KEY constraint failed
              at <anonymous> (E:\LifeSim Mayor Mode\artifacts\api-server\src\lib\simulation-engine.ts:4177:24)
              at sqliteTransaction (E:\LifeSim Mayor Mode\node_modules\.pnpm\better-sqlite3@12.9.0\node_modules\better-sqlite3\lib\methods\transaction.js:65:24)
              at SimulationEngine.syncToDB (E:\LifeSim Mayor Mode\artifacts\api-server\src\lib\simulation-engine.ts:4183:6)
              at async SimulationEngine.tick (E:\LifeSim Mayor Mode\artifacts\api-server\src\lib\simulation-engine.ts:3150:7)
      "code": "SQLITE_CONSTRAINT_FOREIGNKEY"
    }
[08:41:25.708] [31mERROR[39m (44980): [36mTick error[39m
    err: {
      "type": "SqliteError",
      "message": "FOREIGN KEY constraint failed",
      "stack":
          SqliteError: FOREIGN KEY constraint failed
              at <anonymous> (E:\LifeSim Mayor Mode\artifacts\api-server\src\lib\simulation-engine.ts:4177:24)
              at sqliteTransaction (E:\LifeSim Mayor Mode\node_modules\.pnpm\better-sqlite3@12.9.0\node_modules\better-sqlite3\lib\methods\transaction.js:65:24)
              at SimulationEngine.syncToDB (E:\LifeSim Mayor Mode\artifacts\api-server\src\lib\simulation-engine.ts:4183:6)
              at async SimulationEngine.tick (E:\LifeSim Mayor Mode\artifacts\api-server\src\lib\simulation-engine.ts:3150:7)
      "code": "SQLITE_CONSTRAINT_FOREIGNKEY"
    }
[08:41:35.905] [31mERROR[39m (44980): [36mTick error[39m
    err: {
      "type": "SqliteError",
      "message": "FOREIGN KEY constraint failed",
      "stack":
          SqliteError: FOREIGN KEY constraint failed
              at <anonymous> (E:\LifeSim Mayor Mode\artifacts\api-server\src\lib\simulation-engine.ts:4177:24)
              at sqliteTransaction (E:\LifeSim Mayor Mode\node_modules\.pnpm\better-sqlite3@12.9.0\node_modules\better-sqlite3\lib\methods\transaction.js:65:24)
              at SimulationEngine.syncToDB (E:\LifeSim Mayor Mode\artifacts\api-server\src\lib\simulation-engine.ts:4183:6)
              at async SimulationEngine.tick (E:\LifeSim Mayor Mode\artifacts\api-server\src\lib\simulation-engine.ts:3150:7)
      "code": "SQLITE_CONSTRAINT_FOREIGNKEY"
    }
[08:41:46.091] [31mERROR[39m (44980): [36mTick error[39m
    err: {
      "type": "SqliteError",
      "message": "FOREIGN KEY constraint failed",
      "stack":
          SqliteError: FOREIGN KEY constraint failed
              at <anonymous> (E:\LifeSim Mayor Mode\artifacts\api-server\src\lib\simulation-engine.ts:4177:24)
              at sqliteTransaction (E:\LifeSim Mayor Mode\node_modules\.pnpm\better-sqlite3@12.9.0\node_modules\better-sqlite3\lib\methods\transaction.js:65:24)
              at SimulationEngine.syncToDB (E:\LifeSim Mayor Mode\artifacts\api-server\src\lib\simulation-engine.ts:4183:6)
              at async SimulationEngine.tick (E:\LifeSim Mayor Mode\artifacts\api-server\src\lib\simulation-engine.ts:3150:7)
      "code": "SQLITE_CONSTRAINT_FOREIGNKEY"
    }
[08:41:56.306] [31mERROR[39m (44980): [36mTick error[39m
    err: {
      "type": "SqliteError",
      "message": "FOREIGN KEY constraint failed",
      "stack":
          SqliteError: FOREIGN KEY constraint failed
              at <anonymous> (E:\LifeSim Mayor Mode\artifacts\api-server\src\lib\simulation-engine.ts:4177:24)
              at sqliteTransaction (E:\LifeSim Mayor Mode\node_modules\.pnpm\better-sqlite3@12.9.0\node_modules\better-sqlite3\lib\methods\transaction.js:65:24)
              at SimulationEngine.syncToDB (E:\LifeSim Mayor Mode\artifacts\api-server\src\lib\simulation-engine.ts:4183:6)
              at async SimulationEngine.tick (E:\LifeSim Mayor Mode\artifacts\api-server\src\lib\simulation-engine.ts:3150:7)
      "code": "SQLITE_CONSTRAINT_FOREIGNKEY"
    }
[08:42:06.534] [31mERROR[39m (44980): [36mTick error[39m
    err: {
      "type": "SqliteError",
      "message": "FOREIGN KEY constraint failed",
      "stack":
          SqliteError: FOREIGN KEY constraint failed
              at <anonymous> (E:\LifeSim Mayor Mode\artifacts\api-server\src\lib\simulation-engine.ts:4177:24)
              at sqliteTransaction (E:\LifeSim Mayor Mode\node_modules\.pnpm\better-sqlite3@12.9.0\node_modules\better-sqlite3\lib\methods\transaction.js:65:24)
              at SimulationEngine.syncToDB (E:\LifeSim Mayor Mode\artifacts\api-server\src\lib\simulation-engine.ts:4183:6)
              at async SimulationEngine.tick (E:\LifeSim Mayor Mode\artifacts\api-server\src\lib\simulation-engine.ts:3150:7)
      "code": "SQLITE_CONSTRAINT_FOREIGNKEY"
    }
[08:42:16.755] [31mERROR[39m (44980): [36mTick error[39m
    err: {
      "type": "SqliteError",
      "message": "FOREIGN KEY constraint failed",
      "stack":
          SqliteError: FOREIGN KEY constraint failed
              at <anonymous> (E:\LifeSim Mayor Mode\artifacts\api-server\src\lib\simulation-engine.ts:4177:24)
              at sqliteTransaction (E:\LifeSim Mayor Mode\node_modules\.pnpm\better-sqlite3@12.9.0\node_modules\better-sqlite3\lib\methods\transaction.js:65:24)
              at SimulationEngine.syncToDB (E:\LifeSim Mayor Mode\artifacts\api-server\src\lib\simulation-engine.ts:4183:6)
              at async SimulationEngine.tick (E:\LifeSim Mayor Mode\artifacts\api-server\src\lib\simulation-engine.ts:3150:7)
      "code": "SQLITE_CONSTRAINT_FOREIGNKEY"
    }
[08:42:37.284] [31mERROR[39m (44980): [36mTick error[39m
    err: {
      "type": "SqliteError",
      "message": "FOREIGN KEY constraint failed",
      "stack":
          SqliteError: FOREIGN KEY constraint failed
              at <anonymous> (E:\LifeSim Mayor Mode\artifacts\api-server\src\lib\simulation-engine.ts:4177:24)
              at sqliteTransaction (E:\LifeSim Mayor Mode\node_modules\.pnpm\better-sqlite3@12.9.0\node_modules\better-sqlite3\lib\methods\transaction.js:65:24)
              at SimulationEngine.syncToDB (E:\LifeSim Mayor Mode\artifacts\api-server\src\lib\simulation-engine.ts:4183:6)
              at async SimulationEngine.tick (E:\LifeSim Mayor Mode\artifacts\api-server\src\lib\simulation-engine.ts:3150:7)
      "code": "SQLITE_CONSTRAINT_FOREIGNKEY"
    }
[08:42:47.552] [31mERROR[39m (44980): [36mTick error[39m
    err: {
      "type": "SqliteError",
      "message": "FOREIGN KEY constraint failed",
      "stack":
          SqliteError: FOREIGN KEY constraint failed
              at <anonymous> (E:\LifeSim Mayor Mode\artifacts\api-server\src\lib\simulation-engine.ts:4177:24)
              at sqliteTransaction (E:\LifeSim Mayor Mode\node_modules\.pnpm\better-sqlite3@12.9.0\node_modules\better-sqlite3\lib\methods\transaction.js:65:24)
              at SimulationEngine.syncToDB (E:\LifeSim Mayor Mode\artifacts\api-server\src\lib\simulation-engine.ts:4183:6)
              at async SimulationEngine.tick (E:\LifeSim Mayor Mode\artifacts\api-server\src\lib\simulation-engine.ts:3150:7)
      "code": "SQLITE_CONSTRAINT_FOREIGNKEY"
    }
[08:42:57.814] [31mERROR[39m (44980): [36mTick error[39m
    err: {
      "type": "SqliteError",
      "message": "FOREIGN KEY constraint failed",
      "stack":
          SqliteError: FOREIGN KEY constraint failed
              at <anonymous> (E:\LifeSim Mayor Mode\artifacts\api-server\src\lib\simulation-engine.ts:4177:24)
              at sqliteTransaction (E:\LifeSim Mayor Mode\node_modules\.pnpm\better-sqlite3@12.9.0\node_modules\better-sqlite3\lib\methods\transaction.js:65:24)
              at SimulationEngine.syncToDB (E:\LifeSim Mayor Mode\artifacts\api-server\src\lib\simulation-engine.ts:4183:6)
              at async SimulationEngine.tick (E:\LifeSim Mayor Mode\artifacts\api-server\src\lib\simulation-engine.ts:3150:7)
      "code": "SQLITE_CONSTRAINT_FOREIGNKEY"
    }
[08:43:18.373] [31mERROR[39m (44980): [36mTick error[39m
    err: {
      "type": "SqliteError",
      "message": "FOREIGN KEY constraint failed",
      "stack":
          SqliteError: FOREIGN KEY constraint failed
              at <anonymous> (E:\LifeSim Mayor Mode\artifacts\api-server\src\lib\simulation-engine.ts:4177:24)
              at sqliteTransaction (E:\LifeSim Mayor Mode\node_modules\.pnpm\better-sqlite3@12.9.0\node_modules\better-sqlite3\lib\methods\transaction.js:65:24)
              at SimulationEngine.syncToDB (E:\LifeSim Mayor Mode\artifacts\api-server\src\lib\simulation-engine.ts:4183:6)
              at async SimulationEngine.tick (E:\LifeSim Mayor Mode\artifacts\api-server\src\lib\simulation-engine.ts:3150:7)
      "code": "SQLITE_CONSTRAINT_FOREIGNKEY"
    }
[08:43:28.641] [31mERROR[39m (44980): [36mTick error[39m
    err: {
      "type": "SqliteError",
      "message": "FOREIGN KEY constraint failed",
      "stack":
          SqliteError: FOREIGN KEY constraint failed
              at <anonymous> (E:\LifeSim Mayor Mode\artifacts\api-server\src\lib\simulation-engine.ts:4177:24)
              at sqliteTransaction (E:\LifeSim Mayor Mode\node_modules\.pnpm\better-sqlite3@12.9.0\node_modules\better-sqlite3\lib\methods\transaction.js:65:24)
              at SimulationEngine.syncToDB (E:\LifeSim Mayor Mode\artifacts\api-server\src\lib\simulation-engine.ts:4183:6)
              at async SimulationEngine.tick (E:\LifeSim Mayor Mode\artifacts\api-server\src\lib\simulation-engine.ts:3150:7)
      "code": "SQLITE_CONSTRAINT_FOREIGNKEY"
    }
[08:44:20.193] [31mERROR[39m (44980): [36mTick error[39m
    err: {
      "type": "SqliteError",
      "message": "FOREIGN KEY constraint failed",
      "stack":
          SqliteError: FOREIGN KEY constraint failed
              at <anonymous> (E:\LifeSim Mayor Mode\artifacts\api-server\src\lib\simulation-engine.ts:4177:24)
              at sqliteTransaction (E:\LifeSim Mayor Mode\node_modules\.pnpm\better-sqlite3@12.9.0\node_modules\better-sqlite3\lib\methods\transaction.js:65:24)
              at SimulationEngine.syncToDB (E:\LifeSim Mayor Mode\artifacts\api-server\src\lib\simulation-engine.ts:4183:6)
              at async SimulationEngine.tick (E:\LifeSim Mayor Mode\artifacts\api-server\src\lib\simulation-engine.ts:3150:7)
      "code": "SQLITE_CONSTRAINT_FOREIGNKEY"
    }
[08:44:40.701] [32mINFO[39m (44980): [36mAgents died[39m
    [35mcount[39m: 6
    [35mpopulation[39m: 978
[08:44:40.704] [32mINFO[39m (44980): [36mNew agents born[39m
    [35mcount[39m: 9
    [35mpopulation[39m: 987
[08:44:40.729] [32mINFO[39m (44980): [36mAgents emigrated[39m
    [35mcount[39m: 21
    [35mpopulation[39m: 966
    [35mwellbeingScore[39m: 0.76
[08:44:40.731] [32mINFO[39m (44980): [36mAgents immigrated[39m
    [35mcount[39m: 10
    [35mpopulation[39m: 976
    [35mwellbeingScore[39m: 0.76
[08:44:40.732] [32mINFO[39m (44980): [36mOne-time government survival bailout issued[39m
    [35mbizId[39m: 18
    [35mbizName[39m: "Супермаркет №8"
    [35mbalanceAfter[39m: 575
    [35mbailoutAmount[39m: 800
[08:44:40.732] [32mINFO[39m (44980): [36mOne-time government survival bailout issued[39m
    [35mbizId[39m: 53
    [35mbizName[39m: "Ателье №12"
    [35mbalanceAfter[39m: 646
    [35mbailoutAmount[39m: 800
[08:44:40.732] [32mINFO[39m (44980): [36mOne-time government survival bailout issued[39m
    [35mbizId[39m: 54
    [35mbizName[39m: "Магазин №13"
    [35mbalanceAfter[39m: 382
    [35mbailoutAmount[39m: 800
[08:44:40.732] [32mINFO[39m (44980): [36mOne-time government survival bailout issued[39m
    [35mbizId[39m: 91
    [35mbizName[39m: "Сервисный центр  №22"
    [35mbalanceAfter[39m: 624
    [35mbailoutAmount[39m: 800
[08:44:40.732] [32mINFO[39m (44980): [36mOne-time government survival bailout issued[39m
    [35mbizId[39m: 96
    [35mbizName[39m: "Химчистка  №28"
    [35mbalanceAfter[39m: 481
    [35mbailoutAmount[39m: 800
[08:44:40.733] [32mINFO[39m (44980): [36mSelf-funded business opened[39m
    [35magentId[39m: 1549
    [35mbizName[39m: "Зерновое хозяйство     №13"
    [35mbizType[39m: "farm"
    [35mlaunchCost[39m: 1800
    [35msuccessScore[39m: 33
    [35magentMoney[39m: 5167
[08:44:40.734] [32mINFO[39m (44980): [36mSelf-funded business opened[39m
    [35magentId[39m: 1579
    [35mbizName[39m: "Агроферма     №14"
    [35mbizType[39m: "farm"
    [35mlaunchCost[39m: 1800
    [35msuccessScore[39m: 33
    [35magentMoney[39m: 4436
[08:44:40.734] [32mINFO[39m (44980): [36mSelf-funded business opened[39m
    [35magentId[39m: 1607
    [35mbizName[39m: "Животноводческий комплекс     №15"
    [35mbizType[39m: "farm"
    [35mlaunchCost[39m: 1800
    [35msuccessScore[39m: 33
    [35magentMoney[39m: 4436
[08:44:40.735] [32mINFO[39m (44980): [36mGovernment grant approved (need-driven)[39m
    [35magentId[39m: 1803
    [35mbizName[39m: "Птицефабрика     №16"
    [35mbizType[39m: "farm"
    [35mlaunchCost[39m: 1800
    [35msuccessScore[39m: 33
    [35mneedScore[39m: 0
    [35mmarketRatio[39m: 1
    [35mgovBudgetAfter[39m: 214538
[08:44:40.735] [32mINFO[39m (44980): [36mGovernment grant approved (need-driven)[39m
    [35magentId[39m: 1804
    [35mbizName[39m: "Зерновое хозяйство     №17"
    [35mbizType[39m: "farm"
    [35mlaunchCost[39m: 1800
    [35msuccessScore[39m: 33
    [35mneedScore[39m: 0
    [35mmarketRatio[39m: 1
    [35mgovBudgetAfter[39m: 212738
[08:44:40.736] [32mINFO[39m (44980): [36mGovernment grant approved (need-driven)[39m
    [35magentId[39m: 1616
    [35mbizName[39m: "Химический завод №8"
    [35mbizType[39m: "workshop"
    [35mlaunchCost[39m: 2200
    [35msuccessScore[39m: 33
    [35mneedScore[39m: 0
    [35mmarketRatio[39m: 1
    [35mgovBudgetAfter[39m: 210538
[08:44:40.848] [31mERROR[39m (44980): [36mTick error[39m
    err: {
      "type": "SqliteError",
      "message": "FOREIGN KEY constraint failed",
      "stack":
          SqliteError: FOREIGN KEY constraint failed
              at <anonymous> (E:\LifeSim Mayor Mode\artifacts\api-server\src\lib\simulation-engine.ts:4177:24)
              at sqliteTransaction (E:\LifeSim Mayor Mode\node_modules\.pnpm\better-sqlite3@12.9.0\node_modules\better-sqlite3\lib\methods\transaction.js:65:24)
              at SimulationEngine.syncToDB (E:\LifeSim Mayor Mode\artifacts\api-server\src\lib\simulation-engine.ts:4183:6)
              at async SimulationEngine.tick (E:\LifeSim Mayor Mode\artifacts\api-server\src\lib\simulation-engine.ts:3150:7)
      "code": "SQLITE_CONSTRAINT_FOREIGNKEY"
    }
[08:44:51.051] [32mINFO[39m (44980): [36mBusiness going bankrupt — closing[39m
    [35mbizId[39m: 20
    [35mbizName[39m: "Продуктовый №10"
    [35mbalance[39m: -402
    [35mticksUnprofitable[39m: 50
[08:44:51.166] [31mERROR[39m (44980): [36mTick error[39m
    err: {
      "type": "SqliteError",
      "message": "FOREIGN KEY constraint failed",
      "stack":
          SqliteError: FOREIGN KEY constraint failed
              at <anonymous> (E:\LifeSim Mayor Mode\artifacts\api-server\src\lib\simulation-engine.ts:4177:24)
              at sqliteTransaction (E:\LifeSim Mayor Mode\node_modules\.pnpm\better-sqlite3@12.9.0\node_modules\better-sqlite3\lib\methods\transaction.js:65:24)
              at SimulationEngine.syncToDB (E:\LifeSim Mayor Mode\artifacts\api-server\src\lib\simulation-engine.ts:4183:6)
              at async SimulationEngine.tick (E:\LifeSim Mayor Mode\artifacts\api-server\src\lib\simulation-engine.ts:3150:7)
      "code": "SQLITE_CONSTRAINT_FOREIGNKEY"
    }
[08:45:01.418] [31mERROR[39m (44980): [36mTick error[39m
    err: {
      "type": "SqliteError",
      "message": "FOREIGN KEY constraint failed",
      "stack":
          SqliteError: FOREIGN KEY constraint failed
              at <anonymous> (E:\LifeSim Mayor Mode\artifacts\api-server\src\lib\simulation-engine.ts:4177:24)
              at sqliteTransaction (E:\LifeSim Mayor Mode\node_modules\.pnpm\better-sqlite3@12.9.0\node_modules\better-sqlite3\lib\methods\transaction.js:65:24)
              at SimulationEngine.syncToDB (E:\LifeSim Mayor Mode\artifacts\api-server\src\lib\simulation-engine.ts:4183:6)
              at async SimulationEngine.tick (E:\LifeSim Mayor Mode\artifacts\api-server\src\lib\simulation-engine.ts:3150:7)
      "code": "SQLITE_CONSTRAINT_FOREIGNKEY"
    }
[08:45:11.680] [31mERROR[39m (44980): [36mTick error[39m
    err: {
      "type": "SqliteError",
      "message": "FOREIGN KEY constraint failed",
      "stack":
          SqliteError: FOREIGN KEY constraint failed
              at <anonymous> (E:\LifeSim Mayor Mode\artifacts\api-server\src\lib\simulation-engine.ts:4177:24)
              at sqliteTransaction (E:\LifeSim Mayor Mode\node_modules\.pnpm\better-sqlite3@12.9.0\node_modules\better-sqlite3\lib\methods\transaction.js:65:24)
              at SimulationEngine.syncToDB (E:\LifeSim Mayor Mode\artifacts\api-server\src\lib\simulation-engine.ts:4183:6)
              at async SimulationEngine.tick (E:\LifeSim Mayor Mode\artifacts\api-server\src\lib\simulation-engine.ts:3150:7)
      "code": "SQLITE_CONSTRAINT_FOREIGNKEY"
    }
[08:45:21.882] [31mERROR[39m (44980): [36mTick error[39m
    err: {
      "type": "SqliteError",
      "message": "FOREIGN KEY constraint failed",
      "stack":
          SqliteError: FOREIGN KEY constraint failed
              at <anonymous> (E:\LifeSim Mayor Mode\artifacts\api-server\src\lib\simulation-engine.ts:4177:24)
              at sqliteTransaction (E:\LifeSim Mayor Mode\node_modules\.pnpm\better-sqlite3@12.9.0\node_modules\better-sqlite3\lib\methods\transaction.js:65:24)
              at SimulationEngine.syncToDB (E:\LifeSim Mayor Mode\artifacts\api-server\src\lib\simulation-engine.ts:4183:6)
              at async SimulationEngine.tick (E:\LifeSim Mayor Mode\artifacts\api-server\src\lib\simulation-engine.ts:3150:7)
      "code": "SQLITE_CONSTRAINT_FOREIGNKEY"
    }
[08:45:32.076] [31mERROR[39m (44980): [36mTick error[39m
    err: {
      "type": "SqliteError",
      "message": "FOREIGN KEY constraint failed",
      "stack":
          SqliteError: FOREIGN KEY constraint failed
              at <anonymous> (E:\LifeSim Mayor Mode\artifacts\api-server\src\lib\simulation-engine.ts:4177:24)
              at sqliteTransaction (E:\LifeSim Mayor Mode\node_modules\.pnpm\better-sqlite3@12.9.0\node_modules\better-sqlite3\lib\methods\transaction.js:65:24)
              at SimulationEngine.syncToDB (E:\LifeSim Mayor Mode\artifacts\api-server\src\lib\simulation-engine.ts:4183:6)
              at async SimulationEngine.tick (E:\LifeSim Mayor Mode\artifacts\api-server\src\lib\simulation-engine.ts:3150:7)
      "code": "SQLITE_CONSTRAINT_FOREIGNKEY"
    }
[08:45:42.279] [31mERROR[39m (44980): [36mTick error[39m
    err: {
      "type": "SqliteError",
      "message": "FOREIGN KEY constraint failed",
      "stack":
          SqliteError: FOREIGN KEY constraint failed
              at <anonymous> (E:\LifeSim Mayor Mode\artifacts\api-server\src\lib\simulation-engine.ts:4177:24)
              at sqliteTransaction (E:\LifeSim Mayor Mode\node_modules\.pnpm\better-sqlite3@12.9.0\node_modules\better-sqlite3\lib\methods\transaction.js:65:24)
              at SimulationEngine.syncToDB (E:\LifeSim Mayor Mode\artifacts\api-server\src\lib\simulation-engine.ts:4183:6)
              at async SimulationEngine.tick (E:\LifeSim Mayor Mode\artifacts\api-server\src\lib\simulation-engine.ts:3150:7)
      "code": "SQLITE_CONSTRAINT_FOREIGNKEY"
    }
[08:46:02.639] [31mERROR[39m (44980): [36mTick error[39m
    err: {
      "type": "SqliteError",
      "message": "FOREIGN KEY constraint failed",
      "stack":
          SqliteError: FOREIGN KEY constraint failed
              at <anonymous> (E:\LifeSim Mayor Mode\artifacts\api-server\src\lib\simulation-engine.ts:4177:24)
              at sqliteTransaction (E:\LifeSim Mayor Mode\node_modules\.pnpm\better-sqlite3@12.9.0\node_modules\better-sqlite3\lib\methods\transaction.js:65:24)
              at SimulationEngine.syncToDB (E:\LifeSim Mayor Mode\artifacts\api-server\src\lib\simulation-engine.ts:4183:6)
              at async SimulationEngine.tick (E:\LifeSim Mayor Mode\artifacts\api-server\src\lib\simulation-engine.ts:3150:7)
      "code": "SQLITE_CONSTRAINT_FOREIGNKEY"
    }
[08:46:12.867] [31mERROR[39m (44980): [36mTick error[39m
    err: {
      "type": "SqliteError",
      "message": "FOREIGN KEY constraint failed",
      "stack":
          SqliteError: FOREIGN KEY constraint failed
              at <anonymous> (E:\LifeSim Mayor Mode\artifacts\api-server\src\lib\simulation-engine.ts:4177:24)
              at sqliteTransaction (E:\LifeSim Mayor Mode\node_modules\.pnpm\better-sqlite3@12.9.0\node_modules\better-sqlite3\lib\methods\transaction.js:65:24)
              at SimulationEngine.syncToDB (E:\LifeSim Mayor Mode\artifacts\api-server\src\lib\simulation-engine.ts:4183:6)
              at async SimulationEngine.tick (E:\LifeSim Mayor Mode\artifacts\api-server\src\lib\simulation-engine.ts:3150:7)
      "code": "SQLITE_CONSTRAINT_FOREIGNKEY"
    }
[08:46:23.067] [31mERROR[39m (44980): [36mTick error[39m
    err: {
      "type": "SqliteError",
      "message": "FOREIGN KEY constraint failed",
      "stack":
          SqliteError: FOREIGN KEY constraint failed
              at <anonymous> (E:\LifeSim Mayor Mode\artifacts\api-server\src\lib\simulation-engine.ts:4177:24)
              at sqliteTransaction (E:\LifeSim Mayor Mode\node_modules\.pnpm\better-sqlite3@12.9.0\node_modules\better-sqlite3\lib\methods\transaction.js:65:24)
              at SimulationEngine.syncToDB (E:\LifeSim Mayor Mode\artifacts\api-server\src\lib\simulation-engine.ts:4183:6)
              at async SimulationEngine.tick (E:\LifeSim Mayor Mode\artifacts\api-server\src\lib\simulation-engine.ts:3150:7)
      "code": "SQLITE_CONSTRAINT_FOREIGNKEY"
    }
[08:46:33.344] [31mERROR[39m (44980): [36mTick error[39m
    err: {
      "type": "SqliteError",
      "message": "FOREIGN KEY constraint failed",
      "stack":
          SqliteError: FOREIGN KEY constraint failed
              at <anonymous> (E:\LifeSim Mayor Mode\artifacts\api-server\src\lib\simulation-engine.ts:4177:24)
              at sqliteTransaction (E:\LifeSim Mayor Mode\node_modules\.pnpm\better-sqlite3@12.9.0\node_modules\better-sqlite3\lib\methods\transaction.js:65:24)
              at SimulationEngine.syncToDB (E:\LifeSim Mayor Mode\artifacts\api-server\src\lib\simulation-engine.ts:4183:6)
              at async SimulationEngine.tick (E:\LifeSim Mayor Mode\artifacts\api-server\src\lib\simulation-engine.ts:3150:7)
      "code": "SQLITE_CONSTRAINT_FOREIGNKEY"
    }
[08:47:04.103] [31mERROR[39m (44980): [36mTick error[39m
    err: {
      "type": "SqliteError",
      "message": "FOREIGN KEY constraint failed",
      "stack":
          SqliteError: FOREIGN KEY constraint failed
              at <anonymous> (E:\LifeSim Mayor Mode\artifacts\api-server\src\lib\simulation-engine.ts:4177:24)
              at sqliteTransaction (E:\LifeSim Mayor Mode\node_modules\.pnpm\better-sqlite3@12.9.0\node_modules\better-sqlite3\lib\methods\transaction.js:65:24)
              at SimulationEngine.syncToDB (E:\LifeSim Mayor Mode\artifacts\api-server\src\lib\simulation-engine.ts:4183:6)
              at async SimulationEngine.tick (E:\LifeSim Mayor Mode\artifacts\api-server\src\lib\simulation-engine.ts:3150:7)
      "code": "SQLITE_CONSTRAINT_FOREIGNKEY"
    }
[08:48:06.173] [31mERROR[39m (44980): [36mTick error[39m
    err: {
      "type": "SqliteError",
      "message": "FOREIGN KEY constraint failed",
      "stack":
          SqliteError: FOREIGN KEY constraint failed
              at <anonymous> (E:\LifeSim Mayor Mode\artifacts\api-server\src\lib\simulation-engine.ts:4177:24)
              at sqliteTransaction (E:\LifeSim Mayor Mode\node_modules\.pnpm\better-sqlite3@12.9.0\node_modules\better-sqlite3\lib\methods\transaction.js:65:24)
              at SimulationEngine.syncToDB (E:\LifeSim Mayor Mode\artifacts\api-server\src\lib\simulation-engine.ts:4183:6)
              at async SimulationEngine.tick (E:\LifeSim Mayor Mode\artifacts\api-server\src\lib\simulation-engine.ts:3150:7)
      "code": "SQLITE_CONSTRAINT_FOREIGNKEY"
    }
[08:48:16.463] [31mERROR[39m (44980): [36mTick error[39m
    err: {
      "type": "SqliteError",
      "message": "FOREIGN KEY constraint failed",
      "stack":
          SqliteError: FOREIGN KEY constraint failed
              at <anonymous> (E:\LifeSim Mayor Mode\artifacts\api-server\src\lib\simulation-engine.ts:4177:24)
              at sqliteTransaction (E:\LifeSim Mayor Mode\node_modules\.pnpm\better-sqlite3@12.9.0\node_modules\better-sqlite3\lib\methods\transaction.js:65:24)
              at SimulationEngine.syncToDB (E:\LifeSim Mayor Mode\artifacts\api-server\src\lib\simulation-engine.ts:4183:6)
              at async SimulationEngine.tick (E:\LifeSim Mayor Mode\artifacts\api-server\src\lib\simulation-engine.ts:3150:7)
      "code": "SQLITE_CONSTRAINT_FOREIGNKEY"
    }
[08:48:37.006] [31mERROR[39m (44980): [36mTick error[39m
    err: {
      "type": "SqliteError",
      "message": "FOREIGN KEY constraint failed",
      "stack":
          SqliteError: FOREIGN KEY constraint failed
              at <anonymous> (E:\LifeSim Mayor Mode\artifacts\api-server\src\lib\simulation-engine.ts:4177:24)
              at sqliteTransaction (E:\LifeSim Mayor Mode\node_modules\.pnpm\better-sqlite3@12.9.0\node_modules\better-sqlite3\lib\methods\transaction.js:65:24)
              at SimulationEngine.syncToDB (E:\LifeSim Mayor Mode\artifacts\api-server\src\lib\simulation-engine.ts:4183:6)
              at async SimulationEngine.tick (E:\LifeSim Mayor Mode\artifacts\api-server\src\lib\simulation-engine.ts:3150:7)
      "code": "SQLITE_CONSTRAINT_FOREIGNKEY"
    }
[08:48:47.174] [32mINFO[39m (44980): [36mAgents died[39m
    [35mcount[39m: 3
    [35mpopulation[39m: 973
[08:48:47.176] [32mINFO[39m (44980): [36mNew agents born[39m
    [35mcount[39m: 10
    [35mpopulation[39m: 983
[08:48:47.190] [32mINFO[39m (44980): [36mAgents emigrated[39m
    [35mcount[39m: 16
    [35mpopulation[39m: 967
    [35mwellbeingScore[39m: 0.79
[08:48:47.192] [32mINFO[39m (44980): [36mAgents immigrated[39m
    [35mcount[39m: 12
    [35mpopulation[39m: 979
    [35mwellbeingScore[39m: 0.79
[08:48:47.193] [32mINFO[39m (44980): [36mBusiness going bankrupt — closing[39m
    [35mbizId[39m: 104
    [35mbizName[39m: "Ателье  №31"
    [35mbalance[39m: -617
    [35mticksUnprofitable[39m: 73
[08:48:47.193] [32mINFO[39m (44980): [36mOne-time government survival bailout issued[39m
    [35mbizId[39m: 11
    [35mbizName[39m: "Супермаркет №1"
    [35mbalanceAfter[39m: 434
    [35mbailoutAmount[39m: 800
[08:48:47.193] [32mINFO[39m (44980): [36mOne-time government survival bailout issued[39m
    [35mbizId[39m: 12
    [35mbizName[39m: "Ресторан №2"
    [35mbalanceAfter[39m: 596
    [35mbailoutAmount[39m: 800
[08:48:47.193] [32mINFO[39m (44980): [36mOne-time government survival bailout issued[39m
    [35mbizId[39m: 13
    [35mbizName[39m: "Пекарня №3"
    [35mbalanceAfter[39m: 611
    [35mbailoutAmount[39m: 800
[08:48:47.193] [32mINFO[39m (44980): [36mOne-time government survival bailout issued[39m
    [35mbizId[39m: 24
    [35mbizName[39m: "Кафе №14"
    [35mbalanceAfter[39m: 557
    [35mbailoutAmount[39m: 800
[08:48:47.193] [32mINFO[39m (44980): [36mOne-time government survival bailout issued[39m
    [35mbizId[39m: 37
    [35mbizName[39m: "Пекарня №27"
    [35mbalanceAfter[39m: 605
    [35mbailoutAmount[39m: 800
[08:48:47.195] [32mINFO[39m (44980): [36mSelf-funded business opened[39m
    [35magentId[39m: 1592
    [35mbizName[39m: "Химический завод №9"
    [35mbizType[39m: "workshop"
    [35mlaunchCost[39m: 2200
    [35msuccessScore[39m: 33
    [35magentMoney[39m: 4622
[08:48:47.195] [32mINFO[39m (44980): [36mSelf-funded business opened[39m
    [35magentId[39m: 1598
    [35mbizName[39m: "Цех упаковки №10"
    [35mbizType[39m: "workshop"
    [35mlaunchCost[39m: 2200
    [35msuccessScore[39m: 33
    [35magentMoney[39m: 6274
[08:48:47.196] [32mINFO[39m (44980): [36mSelf-funded business opened[39m
    [35magentId[39m: 1628
    [35mbizName[39m: "Цех упаковки №11"
    [35mbizType[39m: "workshop"
    [35mlaunchCost[39m: 2200
    [35msuccessScore[39m: 33
    [35magentMoney[39m: 6078
[08:48:47.196] [32mINFO[39m (44980): [36mGovernment grant approved (need-driven)[39m
    [35magentId[39m: 1886
    [35mbizName[39m: "Производственный цех №12"
    [35mbizType[39m: "workshop"
    [35mlaunchCost[39m: 2200
    [35msuccessScore[39m: 33
    [35mneedScore[39m: 0
    [35mmarketRatio[39m: 1
    [35mgovBudgetAfter[39m: 205007
[08:48:47.197] [32mINFO[39m (44980): [36mGovernment grant approved (need-driven)[39m
    [35magentId[39m: 1892
    [35mbizName[39m: "Химический завод №13"
    [35mbizType[39m: "workshop"
    [35mlaunchCost[39m: 2200
    [35msuccessScore[39m: 33
    [35mneedScore[39m: 0
    [35mmarketRatio[39m: 1
    [35mgovBudgetAfter[39m: 202807
[08:48:47.197] [32mINFO[39m (44980): [36mGovernment grant approved (need-driven)[39m
    [35magentId[39m: 1902
    [35mbizName[39m: "Животноводческий комплекс     №18"
    [35mbizType[39m: "farm"
    [35mlaunchCost[39m: 1800
    [35msuccessScore[39m: 33
    [35mneedScore[39m: 0
    [35mmarketRatio[39m: 1
    [35mgovBudgetAfter[39m: 201007
[08:48:47.308] [31mERROR[39m (44980): [36mTick error[39m
    err: {
      "type": "SqliteError",
      "message": "FOREIGN KEY constraint failed",
      "stack":
          SqliteError: FOREIGN KEY constraint failed
              at <anonymous> (E:\LifeSim Mayor Mode\artifacts\api-server\src\lib\simulation-engine.ts:4177:24)
              at sqliteTransaction (E:\LifeSim Mayor Mode\node_modules\.pnpm\better-sqlite3@12.9.0\node_modules\better-sqlite3\lib\methods\transaction.js:65:24)
              at SimulationEngine.syncToDB (E:\LifeSim Mayor Mode\artifacts\api-server\src\lib\simulation-engine.ts:4183:6)
              at async SimulationEngine.tick (E:\LifeSim Mayor Mode\artifacts\api-server\src\lib\simulation-engine.ts:3150:7)
      "code": "SQLITE_CONSTRAINT_FOREIGNKEY"
    }
[08:49:07.874] [31mERROR[39m (44980): [36mTick error[39m
    err: {
      "type": "SqliteError",
      "message": "FOREIGN KEY constraint failed",
      "stack":
          SqliteError: FOREIGN KEY constraint failed
              at <anonymous> (E:\LifeSim Mayor Mode\artifacts\api-server\src\lib\simulation-engine.ts:4177:24)
              at sqliteTransaction (E:\LifeSim Mayor Mode\node_modules\.pnpm\better-sqlite3@12.9.0\node_modules\better-sqlite3\lib\methods\transaction.js:65:24)
              at SimulationEngine.syncToDB (E:\LifeSim Mayor Mode\artifacts\api-server\src\lib\simulation-engine.ts:4183:6)
              at async SimulationEngine.tick (E:\LifeSim Mayor Mode\artifacts\api-server\src\lib\simulation-engine.ts:3150:7)
      "code": "SQLITE_CONSTRAINT_FOREIGNKEY"
    }
[08:49:28.329] [31mERROR[39m (44980): [36mTick error[39m
    err: {
      "type": "SqliteError",
      "message": "FOREIGN KEY constraint failed",
      "stack":
          SqliteError: FOREIGN KEY constraint failed
              at <anonymous> (E:\LifeSim Mayor Mode\artifacts\api-server\src\lib\simulation-engine.ts:4177:24)
              at sqliteTransaction (E:\LifeSim Mayor Mode\node_modules\.pnpm\better-sqlite3@12.9.0\node_modules\better-sqlite3\lib\methods\transaction.js:65:24)
              at SimulationEngine.syncToDB (E:\LifeSim Mayor Mode\artifacts\api-server\src\lib\simulation-engine.ts:4183:6)
              at async SimulationEngine.tick (E:\LifeSim Mayor Mode\artifacts\api-server\src\lib\simulation-engine.ts:3150:7)
      "code": "SQLITE_CONSTRAINT_FOREIGNKEY"
    }
[08:49:38.528] [31mERROR[39m (44980): [36mTick error[39m
    err: {
      "type": "SqliteError",
      "message": "FOREIGN KEY constraint failed",
      "stack":
          SqliteError: FOREIGN KEY constraint failed
              at <anonymous> (E:\LifeSim Mayor Mode\artifacts\api-server\src\lib\simulation-engine.ts:4177:24)
              at sqliteTransaction (E:\LifeSim Mayor Mode\node_modules\.pnpm\better-sqlite3@12.9.0\node_modules\better-sqlite3\lib\methods\transaction.js:65:24)
              at SimulationEngine.syncToDB (E:\LifeSim Mayor Mode\artifacts\api-server\src\lib\simulation-engine.ts:4183:6)
              at async SimulationEngine.tick (E:\LifeSim Mayor Mode\artifacts\api-server\src\lib\simulation-engine.ts:3150:7)
      "code": "SQLITE_CONSTRAINT_FOREIGNKEY"
    }
[08:49:58.895] [31mERROR[39m (44980): [36mTick error[39m
    err: {
      "type": "SqliteError",
      "message": "FOREIGN KEY constraint failed",
      "stack":
          SqliteError: FOREIGN KEY constraint failed
              at <anonymous> (E:\LifeSim Mayor Mode\artifacts\api-server\src\lib\simulation-engine.ts:4177:24)
              at sqliteTransaction (E:\LifeSim Mayor Mode\node_modules\.pnpm\better-sqlite3@12.9.0\node_modules\better-sqlite3\lib\methods\transaction.js:65:24)
              at SimulationEngine.syncToDB (E:\LifeSim Mayor Mode\artifacts\api-server\src\lib\simulation-engine.ts:4183:6)
              at async SimulationEngine.tick (E:\LifeSim Mayor Mode\artifacts\api-server\src\lib\simulation-engine.ts:3150:7)
      "code": "SQLITE_CONSTRAINT_FOREIGNKEY"
    }
[08:50:29.560] [31mERROR[39m (44980): [36mTick error[39m
    err: {
      "type": "SqliteError",
      "message": "FOREIGN KEY constraint failed",
      "stack":
          SqliteError: FOREIGN KEY constraint failed
              at <anonymous> (E:\LifeSim Mayor Mode\artifacts\api-server\src\lib\simulation-engine.ts:4177:24)
              at sqliteTransaction (E:\LifeSim Mayor Mode\node_modules\.pnpm\better-sqlite3@12.9.0\node_modules\better-sqlite3\lib\methods\transaction.js:65:24)
              at SimulationEngine.syncToDB (E:\LifeSim Mayor Mode\artifacts\api-server\src\lib\simulation-engine.ts:4183:6)
              at async SimulationEngine.tick (E:\LifeSim Mayor Mode\artifacts\api-server\src\lib\simulation-engine.ts:3150:7)
      "code": "SQLITE_CONSTRAINT_FOREIGNKEY"
    }
[08:50:39.785] [31mERROR[39m (44980): [36mTick error[39m
    err: {
      "type": "SqliteError",
      "message": "FOREIGN KEY constraint failed",
      "stack":
          SqliteError: FOREIGN KEY constraint failed
              at <anonymous> (E:\LifeSim Mayor Mode\artifacts\api-server\src\lib\simulation-engine.ts:4177:24)
              at sqliteTransaction (E:\LifeSim Mayor Mode\node_modules\.pnpm\better-sqlite3@12.9.0\node_modules\better-sqlite3\lib\methods\transaction.js:65:24)
              at SimulationEngine.syncToDB (E:\LifeSim Mayor Mode\artifacts\api-server\src\lib\simulation-engine.ts:4183:6)
              at async SimulationEngine.tick (E:\LifeSim Mayor Mode\artifacts\api-server\src\lib\simulation-engine.ts:3150:7)
      "code": "SQLITE_CONSTRAINT_FOREIGNKEY"
    }
[08:50:50.006] [31mERROR[39m (44980): [36mTick error[39m
    err: {
      "type": "SqliteError",
      "message": "FOREIGN KEY constraint failed",
      "stack":
          SqliteError: FOREIGN KEY constraint failed
              at <anonymous> (E:\LifeSim Mayor Mode\artifacts\api-server\src\lib\simulation-engine.ts:4177:24)
              at sqliteTransaction (E:\LifeSim Mayor Mode\node_modules\.pnpm\better-sqlite3@12.9.0\node_modules\better-sqlite3\lib\methods\transaction.js:65:24)
              at SimulationEngine.syncToDB (E:\LifeSim Mayor Mode\artifacts\api-server\src\lib\simulation-engine.ts:4183:6)
              at async SimulationEngine.tick (E:\LifeSim Mayor Mode\artifacts\api-server\src\lib\simulation-engine.ts:3150:7)
      "code": "SQLITE_CONSTRAINT_FOREIGNKEY"
    }
[08:51:00.231] [31mERROR[39m (44980): [36mTick error[39m
    err: {
      "type": "SqliteError",
      "message": "FOREIGN KEY constraint failed",
      "stack":
          SqliteError: FOREIGN KEY constraint failed
              at <anonymous> (E:\LifeSim Mayor Mode\artifacts\api-server\src\lib\simulation-engine.ts:4177:24)
              at sqliteTransaction (E:\LifeSim Mayor Mode\node_modules\.pnpm\better-sqlite3@12.9.0\node_modules\better-sqlite3\lib\methods\transaction.js:65:24)
              at SimulationEngine.syncToDB (E:\LifeSim Mayor Mode\artifacts\api-server\src\lib\simulation-engine.ts:4183:6)
              at async SimulationEngine.tick (E:\LifeSim Mayor Mode\artifacts\api-server\src\lib\simulation-engine.ts:3150:7)
      "code": "SQLITE_CONSTRAINT_FOREIGNKEY"
    }
[08:51:10.485] [31mERROR[39m (44980): [36mTick error[39m
    err: {
      "type": "SqliteError",
      "message": "FOREIGN KEY constraint failed",
      "stack":
          SqliteError: FOREIGN KEY constraint failed
              at <anonymous> (E:\LifeSim Mayor Mode\artifacts\api-server\src\lib\simulation-engine.ts:4177:24)
              at sqliteTransaction (E:\LifeSim Mayor Mode\node_modules\.pnpm\better-sqlite3@12.9.0\node_modules\better-sqlite3\lib\methods\transaction.js:65:24)
              at SimulationEngine.syncToDB (E:\LifeSim Mayor Mode\artifacts\api-server\src\lib\simulation-engine.ts:4183:6)
              at async SimulationEngine.tick (E:\LifeSim Mayor Mode\artifacts\api-server\src\lib\simulation-engine.ts:3150:7)
      "code": "SQLITE_CONSTRAINT_FOREIGNKEY"
    }
[08:51:20.726] [31mERROR[39m (44980): [36mTick error[39m
    err: {
      "type": "SqliteError",
      "message": "FOREIGN KEY constraint failed",
      "stack":
          SqliteError: FOREIGN KEY constraint failed
              at <anonymous> (E:\LifeSim Mayor Mode\artifacts\api-server\src\lib\simulation-engine.ts:4177:24)
              at sqliteTransaction (E:\LifeSim Mayor Mode\node_modules\.pnpm\better-sqlite3@12.9.0\node_modules\better-sqlite3\lib\methods\transaction.js:65:24)
              at SimulationEngine.syncToDB (E:\LifeSim Mayor Mode\artifacts\api-server\src\lib\simulation-engine.ts:4183:6)
              at async SimulationEngine.tick (E:\LifeSim Mayor Mode\artifacts\api-server\src\lib\simulation-engine.ts:3150:7)
      "code": "SQLITE_CONSTRAINT_FOREIGNKEY"
    }
[08:51:30.895] [32mINFO[39m (44980): [36mBusiness going bankrupt — closing[39m
    [35mbizId[39m: 115
    [35mbizName[39m: "Продуктовый     №39"
    [35mbalance[39m: -479
    [35mticksUnprofitable[39m: 41
[08:51:31.021] [31mERROR[39m (44980): [36mTick error[39m
    err: {
      "type": "SqliteError",
      "message": "FOREIGN KEY constraint failed",
      "stack":
          SqliteError: FOREIGN KEY constraint failed
              at <anonymous> (E:\LifeSim Mayor Mode\artifacts\api-server\src\lib\simulation-engine.ts:4177:24)
              at sqliteTransaction (E:\LifeSim Mayor Mode\node_modules\.pnpm\better-sqlite3@12.9.0\node_modules\better-sqlite3\lib\methods\transaction.js:65:24)
              at SimulationEngine.syncToDB (E:\LifeSim Mayor Mode\artifacts\api-server\src\lib\simulation-engine.ts:4183:6)
              at async SimulationEngine.tick (E:\LifeSim Mayor Mode\artifacts\api-server\src\lib\simulation-engine.ts:3150:7)
      "code": "SQLITE_CONSTRAINT_FOREIGNKEY"
    }
[08:51:41.275] [31mERROR[39m (44980): [36mTick error[39m
    err: {
      "type": "SqliteError",
      "message": "FOREIGN KEY constraint failed",
      "stack":
          SqliteError: FOREIGN KEY constraint failed
              at <anonymous> (E:\LifeSim Mayor Mode\artifacts\api-server\src\lib\simulation-engine.ts:4177:24)
              at sqliteTransaction (E:\LifeSim Mayor Mode\node_modules\.pnpm\better-sqlite3@12.9.0\node_modules\better-sqlite3\lib\methods\transaction.js:65:24)
              at SimulationEngine.syncToDB (E:\LifeSim Mayor Mode\artifacts\api-server\src\lib\simulation-engine.ts:4183:6)
              at async SimulationEngine.tick (E:\LifeSim Mayor Mode\artifacts\api-server\src\lib\simulation-engine.ts:3150:7)
      "code": "SQLITE_CONSTRAINT_FOREIGNKEY"
    }
[08:51:51.526] [31mERROR[39m (44980): [36mTick error[39m
    err: {
      "type": "SqliteError",
      "message": "FOREIGN KEY constraint failed",
      "stack":
          SqliteError: FOREIGN KEY constraint failed
              at <anonymous> (E:\LifeSim Mayor Mode\artifacts\api-server\src\lib\simulation-engine.ts:4177:24)
              at sqliteTransaction (E:\LifeSim Mayor Mode\node_modules\.pnpm\better-sqlite3@12.9.0\node_modules\better-sqlite3\lib\methods\transaction.js:65:24)
              at SimulationEngine.syncToDB (E:\LifeSim Mayor Mode\artifacts\api-server\src\lib\simulation-engine.ts:4183:6)
              at async SimulationEngine.tick (E:\LifeSim Mayor Mode\artifacts\api-server\src\lib\simulation-engine.ts:3150:7)
      "code": "SQLITE_CONSTRAINT_FOREIGNKEY"
    }
[08:52:01.765] [31mERROR[39m (44980): [36mTick error[39m
    err: {
      "type": "SqliteError",
      "message": "FOREIGN KEY constraint failed",
      "stack":
          SqliteError: FOREIGN KEY constraint failed
              at <anonymous> (E:\LifeSim Mayor Mode\artifacts\api-server\src\lib\simulation-engine.ts:4177:24)
              at sqliteTransaction (E:\LifeSim Mayor Mode\node_modules\.pnpm\better-sqlite3@12.9.0\node_modules\better-sqlite3\lib\methods\transaction.js:65:24)
              at SimulationEngine.syncToDB (E:\LifeSim Mayor Mode\artifacts\api-server\src\lib\simulation-engine.ts:4183:6)
              at async SimulationEngine.tick (E:\LifeSim Mayor Mode\artifacts\api-server\src\lib\simulation-engine.ts:3150:7)
      "code": "SQLITE_CONSTRAINT_FOREIGNKEY"
    }
[08:52:12.046] [31mERROR[39m (44980): [36mTick error[39m
    err: {
      "type": "SqliteError",
      "message": "FOREIGN KEY constraint failed",
      "stack":
          SqliteError: FOREIGN KEY constraint failed
              at <anonymous> (E:\LifeSim Mayor Mode\artifacts\api-server\src\lib\simulation-engine.ts:4177:24)
              at sqliteTransaction (E:\LifeSim Mayor Mode\node_modules\.pnpm\better-sqlite3@12.9.0\node_modules\better-sqlite3\lib\methods\transaction.js:65:24)
              at SimulationEngine.syncToDB (E:\LifeSim Mayor Mode\artifacts\api-server\src\lib\simulation-engine.ts:4183:6)
              at async SimulationEngine.tick (E:\LifeSim Mayor Mode\artifacts\api-server\src\lib\simulation-engine.ts:3150:7)
      "code": "SQLITE_CONSTRAINT_FOREIGNKEY"
    }
[08:52:22.296] [31mERROR[39m (44980): [36mTick error[39m
    err: {
      "type": "SqliteError",
      "message": "FOREIGN KEY constraint failed",
      "stack":
          SqliteError: FOREIGN KEY constraint failed
              at <anonymous> (E:\LifeSim Mayor Mode\artifacts\api-server\src\lib\simulation-engine.ts:4177:24)
              at sqliteTransaction (E:\LifeSim Mayor Mode\node_modules\.pnpm\better-sqlite3@12.9.0\node_modules\better-sqlite3\lib\methods\transaction.js:65:24)
              at SimulationEngine.syncToDB (E:\LifeSim Mayor Mode\artifacts\api-server\src\lib\simulation-engine.ts:4183:6)
              at async SimulationEngine.tick (E:\LifeSim Mayor Mode\artifacts\api-server\src\lib\simulation-engine.ts:3150:7)
      "code": "SQLITE_CONSTRAINT_FOREIGNKEY"
    }
[08:52:32.468] [32mINFO[39m (44980): [36mBusiness going bankrupt — closing[39m
    [35mbizId[39m: 26
    [35mbizName[39m: "Пекарня №16"
    [35mbalance[39m: -581
    [35mticksUnprofitable[39m: 47
[08:52:32.579] [31mERROR[39m (44980): [36mTick error[39m
    err: {
      "type": "SqliteError",
      "message": "FOREIGN KEY constraint failed",
      "stack":
          SqliteError: FOREIGN KEY constraint failed
              at <anonymous> (E:\LifeSim Mayor Mode\artifacts\api-server\src\lib\simulation-engine.ts:4177:24)
              at sqliteTransaction (E:\LifeSim Mayor Mode\node_modules\.pnpm\better-sqlite3@12.9.0\node_modules\better-sqlite3\lib\methods\transaction.js:65:24)
              at SimulationEngine.syncToDB (E:\LifeSim Mayor Mode\artifacts\api-server\src\lib\simulation-engine.ts:4183:6)
              at async SimulationEngine.tick (E:\LifeSim Mayor Mode\artifacts\api-server\src\lib\simulation-engine.ts:3150:7)
      "code": "SQLITE_CONSTRAINT_FOREIGNKEY"
    }
[08:52:53.027] [32mINFO[39m (44980): [36mAgents died[39m
    [35mcount[39m: 8
    [35mpopulation[39m: 971
[08:52:53.029] [32mINFO[39m (44980): [36mNew agents born[39m
    [35mcount[39m: 10
    [35mpopulation[39m: 981
[08:52:53.040] [32mINFO[39m (44980): [36mAgents emigrated[39m
    [35mcount[39m: 14
    [35mpopulation[39m: 967
    [35mwellbeingScore[39m: 0.78
[08:52:53.042] [32mINFO[39m (44980): [36mAgents immigrated[39m
    [35mcount[39m: 11
    [35mpopulation[39m: 978
    [35mwellbeingScore[39m: 0.78
[08:52:53.043] [32mINFO[39m (44980): [36mOne-time government survival bailout issued[39m
    [35mbizId[39m: 34
    [35mbizName[39m: "Столовая №24"
    [35mbalanceAfter[39m: 336
    [35mbailoutAmount[39m: 800
[08:52:53.043] [32mINFO[39m (44980): [36mOne-time government survival bailout issued[39m
    [35mbizId[39m: 49
    [35mbizName[39m: "Ателье №8"
    [35mbalanceAfter[39m: 160
    [35mbailoutAmount[39m: 800
[08:52:53.043] [32mINFO[39m (44980): [36mOne-time government survival bailout issued[39m
    [35mbizId[39m: 50
    [35mbizName[39m: "Прачечная №9"
    [35mbalanceAfter[39m: 566
    [35mbailoutAmount[39m: 800
[08:52:53.043] [32mINFO[39m (44980): [36mOne-time government survival bailout issued[39m
    [35mbizId[39m: 57
    [35mbizName[39m: "Магазин №16"
    [35mbalanceAfter[39m: 492
    [35mbailoutAmount[39m: 800
[08:52:53.043] [32mINFO[39m (44980): [36mOne-time government survival bailout issued[39m
    [35mbizId[39m: 86
    [35mbizName[39m: "Парикмахерская  №33"
    [35mbalanceAfter[39m: 380
    [35mbailoutAmount[39m: 800
[08:52:53.045] [32mINFO[39m (44980): [36mSelf-funded business opened[39m
    [35magentId[39m: 1541
    [35mbizName[39m: "Супермаркет     №61"
    [35mbizType[39m: "food"
    [35mlaunchCost[39m: 2000
    [35msuccessScore[39m: 34
    [35magentMoney[39m: 4703
[08:52:53.046] [32mINFO[39m (44980): [36mSelf-funded business opened[39m
    [35magentId[39m: 1557
    [35mbizName[39m: "Супермаркет     №62"
    [35mbizType[39m: "food"
    [35mlaunchCost[39m: 2000
    [35msuccessScore[39m: 34
    [35magentMoney[39m: 4118
[08:52:53.047] [32mINFO[39m (44980): [36mSelf-funded business opened[39m
    [35magentId[39m: 1568
    [35mbizName[39m: "Супермаркет     №63"
    [35mbizType[39m: "food"
    [35mlaunchCost[39m: 2000
    [35msuccessScore[39m: 34
    [35magentMoney[39m: 5349
[08:52:53.047] [32mINFO[39m (44980): [36mGovernment grant approved (need-driven)[39m
    [35magentId[39m: 1617
    [35mbizName[39m: "Продуктовый     №64"
    [35mbizType[39m: "food"
    [35mlaunchCost[39m: 2000
    [35msuccessScore[39m: 34
    [35mneedScore[39m: 50
    [35mmarketRatio[39m: 0.69
    [35mgovBudgetAfter[39m: 194060
[08:52:53.048] [32mINFO[39m (44980): [36mGovernment grant approved (need-driven)[39m
    [35magentId[39m: 739
    [35mbizName[39m: "Агроферма     №19"
    [35mbizType[39m: "farm"
    [35mlaunchCost[39m: 1800
    [35msuccessScore[39m: 33
    [35mneedScore[39m: 0
    [35mmarketRatio[39m: 1
    [35mgovBudgetAfter[39m: 192260
[08:52:53.048] [32mINFO[39m (44980): [36mGovernment grant approved (need-driven)[39m
    [35magentId[39m: 2002
    [35mbizName[39m: "Животноводческий комплекс     №20"
    [35mbizType[39m: "farm"
    [35mlaunchCost[39m: 1800
    [35msuccessScore[39m: 33
    [35mneedScore[39m: 0
    [35mmarketRatio[39m: 1
    [35mgovBudgetAfter[39m: 190460
[08:52:53.163] [31mERROR[39m (44980): [36mTick error[39m
    err: {
      "type": "SqliteError",
      "message": "FOREIGN KEY constraint failed",
      "stack":
          SqliteError: FOREIGN KEY constraint failed
              at <anonymous> (E:\LifeSim Mayor Mode\artifacts\api-server\src\lib\simulation-engine.ts:4177:24)
              at sqliteTransaction (E:\LifeSim Mayor Mode\node_modules\.pnpm\better-sqlite3@12.9.0\node_modules\better-sqlite3\lib\methods\transaction.js:65:24)
              at SimulationEngine.syncToDB (E:\LifeSim Mayor Mode\artifacts\api-server\src\lib\simulation-engine.ts:4183:6)
              at async SimulationEngine.tick (E:\LifeSim Mayor Mode\artifacts\api-server\src\lib\simulation-engine.ts:3150:7)
      "code": "SQLITE_CONSTRAINT_FOREIGNKEY"
    }
[08:53:03.473] [31mERROR[39m (44980): [36mTick error[39m
    err: {
      "type": "SqliteError",
      "message": "FOREIGN KEY constraint failed",
      "stack":
          SqliteError: FOREIGN KEY constraint failed
              at <anonymous> (E:\LifeSim Mayor Mode\artifacts\api-server\src\lib\simulation-engine.ts:4177:24)
              at sqliteTransaction (E:\LifeSim Mayor Mode\node_modules\.pnpm\better-sqlite3@12.9.0\node_modules\better-sqlite3\lib\methods\transaction.js:65:24)
              at SimulationEngine.syncToDB (E:\LifeSim Mayor Mode\artifacts\api-server\src\lib\simulation-engine.ts:4183:6)
              at async SimulationEngine.tick (E:\LifeSim Mayor Mode\artifacts\api-server\src\lib\simulation-engine.ts:3150:7)
      "code": "SQLITE_CONSTRAINT_FOREIGNKEY"
    }
[08:53:13.721] [31mERROR[39m (44980): [36mTick error[39m
    err: {
      "type": "SqliteError",
      "message": "FOREIGN KEY constraint failed",
      "stack":
          SqliteError: FOREIGN KEY constraint failed
              at <anonymous> (E:\LifeSim Mayor Mode\artifacts\api-server\src\lib\simulation-engine.ts:4177:24)
              at sqliteTransaction (E:\LifeSim Mayor Mode\node_modules\.pnpm\better-sqlite3@12.9.0\node_modules\better-sqlite3\lib\methods\transaction.js:65:24)
              at SimulationEngine.syncToDB (E:\LifeSim Mayor Mode\artifacts\api-server\src\lib\simulation-engine.ts:4183:6)
              at async SimulationEngine.tick (E:\LifeSim Mayor Mode\artifacts\api-server\src\lib\simulation-engine.ts:3150:7)
      "code": "SQLITE_CONSTRAINT_FOREIGNKEY"
    }
[08:53:23.991] [31mERROR[39m (44980): [36mTick error[39m
    err: {
      "type": "SqliteError",
      "message": "FOREIGN KEY constraint failed",
      "stack":
          SqliteError: FOREIGN KEY constraint failed
              at <anonymous> (E:\LifeSim Mayor Mode\artifacts\api-server\src\lib\simulation-engine.ts:4177:24)
              at sqliteTransaction (E:\LifeSim Mayor Mode\node_modules\.pnpm\better-sqlite3@12.9.0\node_modules\better-sqlite3\lib\methods\transaction.js:65:24)
              at SimulationEngine.syncToDB (E:\LifeSim Mayor Mode\artifacts\api-server\src\lib\simulation-engine.ts:4183:6)
              at async SimulationEngine.tick (E:\LifeSim Mayor Mode\artifacts\api-server\src\lib\simulation-engine.ts:3150:7)
      "code": "SQLITE_CONSTRAINT_FOREIGNKEY"
    }
[08:53:34.205] [31mERROR[39m (44980): [36mTick error[39m
    err: {
      "type": "SqliteError",
      "message": "FOREIGN KEY constraint failed",
      "stack":
          SqliteError: FOREIGN KEY constraint failed
              at <anonymous> (E:\LifeSim Mayor Mode\artifacts\api-server\src\lib\simulation-engine.ts:4177:24)
              at sqliteTransaction (E:\LifeSim Mayor Mode\node_modules\.pnpm\better-sqlite3@12.9.0\node_modules\better-sqlite3\lib\methods\transaction.js:65:24)
              at SimulationEngine.syncToDB (E:\LifeSim Mayor Mode\artifacts\api-server\src\lib\simulation-engine.ts:4183:6)
              at async SimulationEngine.tick (E:\LifeSim Mayor Mode\artifacts\api-server\src\lib\simulation-engine.ts:3150:7)
      "code": "SQLITE_CONSTRAINT_FOREIGNKEY"
    }
[08:53:44.419] [31mERROR[39m (44980): [36mTick error[39m
    err: {
      "type": "SqliteError",
      "message": "FOREIGN KEY constraint failed",
      "stack":
          SqliteError: FOREIGN KEY constraint failed
              at <anonymous> (E:\LifeSim Mayor Mode\artifacts\api-server\src\lib\simulation-engine.ts:4177:24)
              at sqliteTransaction (E:\LifeSim Mayor Mode\node_modules\.pnpm\better-sqlite3@12.9.0\node_modules\better-sqlite3\lib\methods\transaction.js:65:24)
              at SimulationEngine.syncToDB (E:\LifeSim Mayor Mode\artifacts\api-server\src\lib\simulation-engine.ts:4183:6)
              at async SimulationEngine.tick (E:\LifeSim Mayor Mode\artifacts\api-server\src\lib\simulation-engine.ts:3150:7)
      "code": "SQLITE_CONSTRAINT_FOREIGNKEY"
    }
[08:53:54.618] [31mERROR[39m (44980): [36mTick error[39m
    err: {
      "type": "SqliteError",
      "message": "FOREIGN KEY constraint failed",
      "stack":
          SqliteError: FOREIGN KEY constraint failed
              at <anonymous> (E:\LifeSim Mayor Mode\artifacts\api-server\src\lib\simulation-engine.ts:4177:24)
              at sqliteTransaction (E:\LifeSim Mayor Mode\node_modules\.pnpm\better-sqlite3@12.9.0\node_modules\better-sqlite3\lib\methods\transaction.js:65:24)
              at SimulationEngine.syncToDB (E:\LifeSim Mayor Mode\artifacts\api-server\src\lib\simulation-engine.ts:4183:6)
              at async SimulationEngine.tick (E:\LifeSim Mayor Mode\artifacts\api-server\src\lib\simulation-engine.ts:3150:7)
      "code": "SQLITE_CONSTRAINT_FOREIGNKEY"
    }
[08:54:15.038] [31mERROR[39m (44980): [36mTick error[39m
    err: {
      "type": "SqliteError",
      "message": "FOREIGN KEY constraint failed",
      "stack":
          SqliteError: FOREIGN KEY constraint failed
              at <anonymous> (E:\LifeSim Mayor Mode\artifacts\api-server\src\lib\simulation-engine.ts:4177:24)
              at sqliteTransaction (E:\LifeSim Mayor Mode\node_modules\.pnpm\better-sqlite3@12.9.0\node_modules\better-sqlite3\lib\methods\transaction.js:65:24)
              at SimulationEngine.syncToDB (E:\LifeSim Mayor Mode\artifacts\api-server\src\lib\simulation-engine.ts:4183:6)
              at async SimulationEngine.tick (E:\LifeSim Mayor Mode\artifacts\api-server\src\lib\simulation-engine.ts:3150:7)
      "code": "SQLITE_CONSTRAINT_FOREIGNKEY"
    }
[08:54:25.250] [31mERROR[39m (44980): [36mTick error[39m
    err: {
      "type": "SqliteError",
      "message": "FOREIGN KEY constraint failed",
      "stack":
          SqliteError: FOREIGN KEY constraint failed
              at <anonymous> (E:\LifeSim Mayor Mode\artifacts\api-server\src\lib\simulation-engine.ts:4177:24)
              at sqliteTransaction (E:\LifeSim Mayor Mode\node_modules\.pnpm\better-sqlite3@12.9.0\node_modules\better-sqlite3\lib\methods\transaction.js:65:24)
              at SimulationEngine.syncToDB (E:\LifeSim Mayor Mode\artifacts\api-server\src\lib\simulation-engine.ts:4183:6)
              at async SimulationEngine.tick (E:\LifeSim Mayor Mode\artifacts\api-server\src\lib\simulation-engine.ts:3150:7)
      "code": "SQLITE_CONSTRAINT_FOREIGNKEY"
    }
[08:54:35.506] [31mERROR[39m (44980): [36mTick error[39m
    err: {
      "type": "SqliteError",
      "message": "FOREIGN KEY constraint failed",
      "stack":
          SqliteError: FOREIGN KEY constraint failed
              at <anonymous> (E:\LifeSim Mayor Mode\artifacts\api-server\src\lib\simulation-engine.ts:4177:24)
              at sqliteTransaction (E:\LifeSim Mayor Mode\node_modules\.pnpm\better-sqlite3@12.9.0\node_modules\better-sqlite3\lib\methods\transaction.js:65:24)
              at SimulationEngine.syncToDB (E:\LifeSim Mayor Mode\artifacts\api-server\src\lib\simulation-engine.ts:4183:6)
              at async SimulationEngine.tick (E:\LifeSim Mayor Mode\artifacts\api-server\src\lib\simulation-engine.ts:3150:7)
      "code": "SQLITE_CONSTRAINT_FOREIGNKEY"
    }
[08:54:45.763] [31mERROR[39m (44980): [36mTick error[39m
    err: {
      "type": "SqliteError",
      "message": "FOREIGN KEY constraint failed",
      "stack":
          SqliteError: FOREIGN KEY constraint failed
              at <anonymous> (E:\LifeSim Mayor Mode\artifacts\api-server\src\lib\simulation-engine.ts:4177:24)
              at sqliteTransaction (E:\LifeSim Mayor Mode\node_modules\.pnpm\better-sqlite3@12.9.0\node_modules\better-sqlite3\lib\methods\transaction.js:65:24)
              at SimulationEngine.syncToDB (E:\LifeSim Mayor Mode\artifacts\api-server\src\lib\simulation-engine.ts:4183:6)
              at async SimulationEngine.tick (E:\LifeSim Mayor Mode\artifacts\api-server\src\lib\simulation-engine.ts:3150:7)
      "code": "SQLITE_CONSTRAINT_FOREIGNKEY"
    }
[08:54:56.057] [31mERROR[39m (44980): [36mTick error[39m
    err: {
      "type": "SqliteError",
      "message": "FOREIGN KEY constraint failed",
      "stack":
          SqliteError: FOREIGN KEY constraint failed
              at <anonymous> (E:\LifeSim Mayor Mode\artifacts\api-server\src\lib\simulation-engine.ts:4177:24)
              at sqliteTransaction (E:\LifeSim Mayor Mode\node_modules\.pnpm\better-sqlite3@12.9.0\node_modules\better-sqlite3\lib\methods\transaction.js:65:24)
              at SimulationEngine.syncToDB (E:\LifeSim Mayor Mode\artifacts\api-server\src\lib\simulation-engine.ts:4183:6)
              at async SimulationEngine.tick (E:\LifeSim Mayor Mode\artifacts\api-server\src\lib\simulation-engine.ts:3150:7)
      "code": "SQLITE_CONSTRAINT_FOREIGNKEY"
    }
[08:55:16.735] [31mERROR[39m (44980): [36mTick error[39m
    err: {
      "type": "SqliteError",
      "message": "FOREIGN KEY constraint failed",
      "stack":
          SqliteError: FOREIGN KEY constraint failed
              at <anonymous> (E:\LifeSim Mayor Mode\artifacts\api-server\src\lib\simulation-engine.ts:4177:24)
              at sqliteTransaction (E:\LifeSim Mayor Mode\node_modules\.pnpm\better-sqlite3@12.9.0\node_modules\better-sqlite3\lib\methods\transaction.js:65:24)
              at SimulationEngine.syncToDB (E:\LifeSim Mayor Mode\artifacts\api-server\src\lib\simulation-engine.ts:4183:6)
              at async SimulationEngine.tick (E:\LifeSim Mayor Mode\artifacts\api-server\src\lib\simulation-engine.ts:3150:7)
      "code": "SQLITE_CONSTRAINT_FOREIGNKEY"
    }
[08:55:26.898] [32mINFO[39m (44980): [36mBusiness going bankrupt — closing[39m
    [35mbizId[39m: 93
    [35mbizName[39m: "Сервисный центр  №25"
    [35mbalance[39m: -704
    [35mticksUnprofitable[39m: 40
[08:55:27.036] [31mERROR[39m (44980): [36mTick error[39m
    err: {
      "type": "SqliteError",
      "message": "FOREIGN KEY constraint failed",
      "stack":
          SqliteError: FOREIGN KEY constraint failed
              at <anonymous> (E:\LifeSim Mayor Mode\artifacts\api-server\src\lib\simulation-engine.ts:4177:24)
              at sqliteTransaction (E:\LifeSim Mayor Mode\node_modules\.pnpm\better-sqlite3@12.9.0\node_modules\better-sqlite3\lib\methods\transaction.js:65:24)
              at SimulationEngine.syncToDB (E:\LifeSim Mayor Mode\artifacts\api-server\src\lib\simulation-engine.ts:4183:6)
              at async SimulationEngine.tick (E:\LifeSim Mayor Mode\artifacts\api-server\src\lib\simulation-engine.ts:3150:7)
      "code": "SQLITE_CONSTRAINT_FOREIGNKEY"
    }
[08:55:37.314] [31mERROR[39m (44980): [36mTick error[39m
    err: {
      "type": "SqliteError",
      "message": "FOREIGN KEY constraint failed",
      "stack":
          SqliteError: FOREIGN KEY constraint failed
              at <anonymous> (E:\LifeSim Mayor Mode\artifacts\api-server\src\lib\simulation-engine.ts:4177:24)
              at sqliteTransaction (E:\LifeSim Mayor Mode\node_modules\.pnpm\better-sqlite3@12.9.0\node_modules\better-sqlite3\lib\methods\transaction.js:65:24)
              at SimulationEngine.syncToDB (E:\LifeSim Mayor Mode\artifacts\api-server\src\lib\simulation-engine.ts:4183:6)
              at async SimulationEngine.tick (E:\LifeSim Mayor Mode\artifacts\api-server\src\lib\simulation-engine.ts:3150:7)
      "code": "SQLITE_CONSTRAINT_FOREIGNKEY"
    }
[08:55:47.569] [31mERROR[39m (44980): [36mTick error[39m
    err: {
      "type": "SqliteError",
      "message": "FOREIGN KEY constraint failed",
      "stack":
          SqliteError: FOREIGN KEY constraint failed
              at <anonymous> (E:\LifeSim Mayor Mode\artifacts\api-server\src\lib\simulation-engine.ts:4177:24)
              at sqliteTransaction (E:\LifeSim Mayor Mode\node_modules\.pnpm\better-sqlite3@12.9.0\node_modules\better-sqlite3\lib\methods\transaction.js:65:24)
              at SimulationEngine.syncToDB (E:\LifeSim Mayor Mode\artifacts\api-server\src\lib\simulation-engine.ts:4183:6)
              at async SimulationEngine.tick (E:\LifeSim Mayor Mode\artifacts\api-server\src\lib\simulation-engine.ts:3150:7)
      "code": "SQLITE_CONSTRAINT_FOREIGNKEY"
    }
[08:55:57.712] [32mINFO[39m (44980): [36mBusiness going bankrupt — closing[39m
    [35mbizId[39m: 124
    [35mbizName[39m: "Ресторан     №42"
    [35mbalance[39m: -410
    [35mticksUnprofitable[39m: 43
[08:55:57.834] [31mERROR[39m (44980): [36mTick error[39m
    err: {
      "type": "SqliteError",
      "message": "FOREIGN KEY constraint failed",
      "stack":
          SqliteError: FOREIGN KEY constraint failed
              at <anonymous> (E:\LifeSim Mayor Mode\artifacts\api-server\src\lib\simulation-engine.ts:4177:24)
              at sqliteTransaction (E:\LifeSim Mayor Mode\node_modules\.pnpm\better-sqlite3@12.9.0\node_modules\better-sqlite3\lib\methods\transaction.js:65:24)
              at SimulationEngine.syncToDB (E:\LifeSim Mayor Mode\artifacts\api-server\src\lib\simulation-engine.ts:4183:6)
              at async SimulationEngine.tick (E:\LifeSim Mayor Mode\artifacts\api-server\src\lib\simulation-engine.ts:3150:7)
      "code": "SQLITE_CONSTRAINT_FOREIGNKEY"
    }
[08:56:08.117] [31mERROR[39m (44980): [36mTick error[39m
    err: {
      "type": "SqliteError",
      "message": "FOREIGN KEY constraint failed",
      "stack":
          SqliteError: FOREIGN KEY constraint failed
              at <anonymous> (E:\LifeSim Mayor Mode\artifacts\api-server\src\lib\simulation-engine.ts:4177:24)
              at sqliteTransaction (E:\LifeSim Mayor Mode\node_modules\.pnpm\better-sqlite3@12.9.0\node_modules\better-sqlite3\lib\methods\transaction.js:65:24)
              at SimulationEngine.syncToDB (E:\LifeSim Mayor Mode\artifacts\api-server\src\lib\simulation-engine.ts:4183:6)
              at async SimulationEngine.tick (E:\LifeSim Mayor Mode\artifacts\api-server\src\lib\simulation-engine.ts:3150:7)
      "code": "SQLITE_CONSTRAINT_FOREIGNKEY"
    }
[08:56:18.263] [32mINFO[39m (44980): [36mBusiness going bankrupt — closing[39m
    [35mbizId[39m: 123
    [35mbizName[39m: "Закусочная     №41"
    [35mbalance[39m: -421
    [35mticksUnprofitable[39m: 45
[08:56:18.384] [31mERROR[39m (44980): [36mTick error[39m
    err: {
      "type": "SqliteError",
      "message": "FOREIGN KEY constraint failed",
      "stack":
          SqliteError: FOREIGN KEY constraint failed
              at <anonymous> (E:\LifeSim Mayor Mode\artifacts\api-server\src\lib\simulation-engine.ts:4177:24)
              at sqliteTransaction (E:\LifeSim Mayor Mode\node_modules\.pnpm\better-sqlite3@12.9.0\node_modules\better-sqlite3\lib\methods\transaction.js:65:24)
              at SimulationEngine.syncToDB (E:\LifeSim Mayor Mode\artifacts\api-server\src\lib\simulation-engine.ts:4183:6)
              at async SimulationEngine.tick (E:\LifeSim Mayor Mode\artifacts\api-server\src\lib\simulation-engine.ts:3150:7)
      "code": "SQLITE_CONSTRAINT_FOREIGNKEY"
    }
[08:56:28.684] [31mERROR[39m (44980): [36mTick error[39m
    err: {
      "type": "SqliteError",
      "message": "FOREIGN KEY constraint failed",
      "stack":
          SqliteError: FOREIGN KEY constraint failed
              at <anonymous> (E:\LifeSim Mayor Mode\artifacts\api-server\src\lib\simulation-engine.ts:4177:24)
              at sqliteTransaction (E:\LifeSim Mayor Mode\node_modules\.pnpm\better-sqlite3@12.9.0\node_modules\better-sqlite3\lib\methods\transaction.js:65:24)
              at SimulationEngine.syncToDB (E:\LifeSim Mayor Mode\artifacts\api-server\src\lib\simulation-engine.ts:4183:6)
              at async SimulationEngine.tick (E:\LifeSim Mayor Mode\artifacts\api-server\src\lib\simulation-engine.ts:3150:7)
      "code": "SQLITE_CONSTRAINT_FOREIGNKEY"
    }
[08:56:39.194] [31mERROR[39m (44980): [36mTick error[39m
    err: {
      "type": "SqliteError",
      "message": "FOREIGN KEY constraint failed",
      "stack":
          SqliteError: FOREIGN KEY constraint failed
              at <anonymous> (E:\LifeSim Mayor Mode\artifacts\api-server\src\lib\simulation-engine.ts:4177:24)
              at sqliteTransaction (E:\LifeSim Mayor Mode\node_modules\.pnpm\better-sqlite3@12.9.0\node_modules\better-sqlite3\lib\methods\transaction.js:65:24)
              at SimulationEngine.syncToDB (E:\LifeSim Mayor Mode\artifacts\api-server\src\lib\simulation-engine.ts:4183:6)
              at async SimulationEngine.tick (E:\LifeSim Mayor Mode\artifacts\api-server\src\lib\simulation-engine.ts:3150:7)
      "code": "SQLITE_CONSTRAINT_FOREIGNKEY"
    }
[08:56:49.781] [31mERROR[39m (44980): [36mTick error[39m
    err: {
      "type": "SqliteError",
      "message": "FOREIGN KEY constraint failed",
      "stack":
          SqliteError: FOREIGN KEY constraint failed
              at <anonymous> (E:\LifeSim Mayor Mode\artifacts\api-server\src\lib\simulation-engine.ts:4177:24)
              at sqliteTransaction (E:\LifeSim Mayor Mode\node_modules\.pnpm\better-sqlite3@12.9.0\node_modules\better-sqlite3\lib\methods\transaction.js:65:24)
              at SimulationEngine.syncToDB (E:\LifeSim Mayor Mode\artifacts\api-server\src\lib\simulation-engine.ts:4183:6)
              at async SimulationEngine.tick (E:\LifeSim Mayor Mode\artifacts\api-server\src\lib\simulation-engine.ts:3150:7)
      "code": "SQLITE_CONSTRAINT_FOREIGNKEY"
    }
[08:57:00.020] [32mINFO[39m (44980): [36mAgents died[39m
    [35mcount[39m: 5
    [35mpopulation[39m: 973
[08:57:00.023] [32mINFO[39m (44980): [36mNew agents born[39m
    [35mcount[39m: 10
    [35mpopulation[39m: 983
[08:57:00.034] [32mINFO[39m (44980): [36mAgents emigrated[39m
    [35mcount[39m: 12
    [35mpopulation[39m: 971
    [35mwellbeingScore[39m: 0.77
[08:57:00.040] [32mINFO[39m (44980): [36mAgents immigrated[39m
    [35mcount[39m: 11
    [35mpopulation[39m: 982
    [35mwellbeingScore[39m: 0.77
[08:57:00.041] [32mINFO[39m (44980): [36mBusiness going bankrupt — closing[39m
    [35mbizId[39m: 46
    [35mbizName[39m: "Парикмахерская №5"
    [35mbalance[39m: -440
    [35mticksUnprofitable[39m: 49
[08:57:00.042] [32mINFO[39m (44980): [36mOne-time government survival bailout issued[39m
    [35mbizId[39m: 44
    [35mbizName[39m: "Химчистка №3"
    [35mbalanceAfter[39m: 394
    [35mbailoutAmount[39m: 800
[08:57:00.042] [32mINFO[39m (44980): [36mOne-time government survival bailout issued[39m
    [35mbizId[39m: 84
    [35mbizName[39m: "Кафе     №32"
    [35mbalanceAfter[39m: 580
    [35mbailoutAmount[39m: 800
[08:57:00.042] [32mINFO[39m (44980): [36mOne-time government survival bailout issued[39m
    [35mbizId[39m: 95
    [35mbizName[39m: "Парикмахерская  №27"
    [35mbalanceAfter[39m: 581
    [35mbailoutAmount[39m: 800
[08:57:00.042] [32mINFO[39m (44980): [36mOne-time government survival bailout issued[39m
    [35mbizId[39m: 99
    [35mbizName[39m: "Сервисный центр  №28"
    [35mbalanceAfter[39m: 612
    [35mbailoutAmount[39m: 800
[08:57:00.042] [32mINFO[39m (44980): [36mOne-time government survival bailout issued[39m
    [35mbizId[39m: 100
    [35mbizName[39m: "Парикмахерская  №29"
    [35mbalanceAfter[39m: 566
    [35mbailoutAmount[39m: 800
[08:57:00.044] [32mINFO[39m (44980): [36mSelf-funded business opened[39m
    [35magentId[39m: 1553
    [35mbizName[39m: "Столовая     №63"
    [35mbizType[39m: "food"
    [35mlaunchCost[39m: 2000
    [35msuccessScore[39m: 34
    [35magentMoney[39m: 5604
[08:57:00.044] [32mINFO[39m (44980): [36mSelf-funded business opened[39m
    [35magentId[39m: 1562
    [35mbizName[39m: "Закусочная     №64"
    [35mbizType[39m: "food"
    [35mlaunchCost[39m: 2000
    [35msuccessScore[39m: 34
    [35magentMoney[39m: 6249
[08:57:00.045] [32mINFO[39m (44980): [36mSelf-funded business opened[39m
    [35magentId[39m: 1577
    [35mbizName[39m: "Столовая     №65"
    [35mbizType[39m: "food"
    [35mlaunchCost[39m: 2000
    [35msuccessScore[39m: 34
    [35magentMoney[39m: 5844
[08:57:00.046] [32mINFO[39m (44980): [36mGovernment grant approved (need-driven)[39m
    [35magentId[39m: 717
    [35mbizName[39m: "Ресторан     №66"
    [35mbizType[39m: "food"
    [35mlaunchCost[39m: 2000
    [35msuccessScore[39m: 34
    [35mneedScore[39m: 51
    [35mmarketRatio[39m: 0.69
    [35mgovBudgetAfter[39m: 183734
[08:57:00.046] [32mINFO[39m (44980): [36mGovernment grant approved (need-driven)[39m
    [35magentId[39m: 2101
    [35mbizName[39m: "Кафе     №67"
    [35mbizType[39m: "food"
    [35mlaunchCost[39m: 2000
    [35msuccessScore[39m: 34
    [35mneedScore[39m: 51
    [35mmarketRatio[39m: 0.66
    [35mgovBudgetAfter[39m: 181734
[08:57:00.047] [32mINFO[39m (44980): [36mGovernment grant approved (need-driven)[39m
    [35magentId[39m: 2102
    [35mbizName[39m: "Молочная ферма     №21"
    [35mbizType[39m: "farm"
    [35mlaunchCost[39m: 1800
    [35msuccessScore[39m: 33
    [35mneedScore[39m: 0
    [35mmarketRatio[39m: 1
    [35mgovBudgetAfter[39m: 179934
[08:57:00.169] [31mERROR[39m (44980): [36mTick error[39m
    err: {
      "type": "SqliteError",
      "message": "FOREIGN KEY constraint failed",
      "stack":
          SqliteError: FOREIGN KEY constraint failed
              at <anonymous> (E:\LifeSim Mayor Mode\artifacts\api-server\src\lib\simulation-engine.ts:4177:24)
              at sqliteTransaction (E:\LifeSim Mayor Mode\node_modules\.pnpm\better-sqlite3@12.9.0\node_modules\better-sqlite3\lib\methods\transaction.js:65:24)
              at SimulationEngine.syncToDB (E:\LifeSim Mayor Mode\artifacts\api-server\src\lib\simulation-engine.ts:4183:6)
              at async SimulationEngine.tick (E:\LifeSim Mayor Mode\artifacts\api-server\src\lib\simulation-engine.ts:3150:7)
      "code": "SQLITE_CONSTRAINT_FOREIGNKEY"
    }
[08:57:10.593] [31mERROR[39m (44980): [36mTick error[39m
    err: {
      "type": "SqliteError",
      "message": "FOREIGN KEY constraint failed",
      "stack":
          SqliteError: FOREIGN KEY constraint failed
              at <anonymous> (E:\LifeSim Mayor Mode\artifacts\api-server\src\lib\simulation-engine.ts:4177:24)
              at sqliteTransaction (E:\LifeSim Mayor Mode\node_modules\.pnpm\better-sqlite3@12.9.0\node_modules\better-sqlite3\lib\methods\transaction.js:65:24)
              at SimulationEngine.syncToDB (E:\LifeSim Mayor Mode\artifacts\api-server\src\lib\simulation-engine.ts:4183:6)
              at async SimulationEngine.tick (E:\LifeSim Mayor Mode\artifacts\api-server\src\lib\simulation-engine.ts:3150:7)
      "code": "SQLITE_CONSTRAINT_FOREIGNKEY"
    }
[08:57:20.901] [31mERROR[39m (44980): [36mTick error[39m
    err: {
      "type": "SqliteError",
      "message": "FOREIGN KEY constraint failed",
      "stack":
          SqliteError: FOREIGN KEY constraint failed
              at <anonymous> (E:\LifeSim Mayor Mode\artifacts\api-server\src\lib\simulation-engine.ts:4177:24)
              at sqliteTransaction (E:\LifeSim Mayor Mode\node_modules\.pnpm\better-sqlite3@12.9.0\node_modules\better-sqlite3\lib\methods\transaction.js:65:24)
              at SimulationEngine.syncToDB (E:\LifeSim Mayor Mode\artifacts\api-server\src\lib\simulation-engine.ts:4183:6)
              at async SimulationEngine.tick (E:\LifeSim Mayor Mode\artifacts\api-server\src\lib\simulation-engine.ts:3150:7)
      "code": "SQLITE_CONSTRAINT_FOREIGNKEY"
    }
[08:57:31.164] [31mERROR[39m (44980): [36mTick error[39m
    err: {
      "type": "SqliteError",
      "message": "FOREIGN KEY constraint failed",
      "stack":
          SqliteError: FOREIGN KEY constraint failed
              at <anonymous> (E:\LifeSim Mayor Mode\artifacts\api-server\src\lib\simulation-engine.ts:4177:24)
              at sqliteTransaction (E:\LifeSim Mayor Mode\node_modules\.pnpm\better-sqlite3@12.9.0\node_modules\better-sqlite3\lib\methods\transaction.js:65:24)
              at SimulationEngine.syncToDB (E:\LifeSim Mayor Mode\artifacts\api-server\src\lib\simulation-engine.ts:4183:6)
              at async SimulationEngine.tick (E:\LifeSim Mayor Mode\artifacts\api-server\src\lib\simulation-engine.ts:3150:7)
      "code": "SQLITE_CONSTRAINT_FOREIGNKEY"
    }
[08:57:41.397] [31mERROR[39m (44980): [36mTick error[39m
    err: {
      "type": "SqliteError",
      "message": "FOREIGN KEY constraint failed",
      "stack":
          SqliteError: FOREIGN KEY constraint failed
              at <anonymous> (E:\LifeSim Mayor Mode\artifacts\api-server\src\lib\simulation-engine.ts:4177:24)
              at sqliteTransaction (E:\LifeSim Mayor Mode\node_modules\.pnpm\better-sqlite3@12.9.0\node_modules\better-sqlite3\lib\methods\transaction.js:65:24)
              at SimulationEngine.syncToDB (E:\LifeSim Mayor Mode\artifacts\api-server\src\lib\simulation-engine.ts:4183:6)
              at async SimulationEngine.tick (E:\LifeSim Mayor Mode\artifacts\api-server\src\lib\simulation-engine.ts:3150:7)
      "code": "SQLITE_CONSTRAINT_FOREIGNKEY"
    }
[08:58:01.810] [31mERROR[39m (44980): [36mTick error[39m
    err: {
      "type": "SqliteError",
      "message": "FOREIGN KEY constraint failed",
      "stack":
          SqliteError: FOREIGN KEY constraint failed
              at <anonymous> (E:\LifeSim Mayor Mode\artifacts\api-server\src\lib\simulation-engine.ts:4177:24)
              at sqliteTransaction (E:\LifeSim Mayor Mode\node_modules\.pnpm\better-sqlite3@12.9.0\node_modules\better-sqlite3\lib\methods\transaction.js:65:24)
              at SimulationEngine.syncToDB (E:\LifeSim Mayor Mode\artifacts\api-server\src\lib\simulation-engine.ts:4183:6)
              at async SimulationEngine.tick (E:\LifeSim Mayor Mode\artifacts\api-server\src\lib\simulation-engine.ts:3150:7)
      "code": "SQLITE_CONSTRAINT_FOREIGNKEY"
    }
[08:58:12.030] [31mERROR[39m (44980): [36mTick error[39m
    err: {
      "type": "SqliteError",
      "message": "FOREIGN KEY constraint failed",
      "stack":
          SqliteError: FOREIGN KEY constraint failed
              at <anonymous> (E:\LifeSim Mayor Mode\artifacts\api-server\src\lib\simulation-engine.ts:4177:24)
              at sqliteTransaction (E:\LifeSim Mayor Mode\node_modules\.pnpm\better-sqlite3@12.9.0\node_modules\better-sqlite3\lib\methods\transaction.js:65:24)
              at SimulationEngine.syncToDB (E:\LifeSim Mayor Mode\artifacts\api-server\src\lib\simulation-engine.ts:4183:6)
              at async SimulationEngine.tick (E:\LifeSim Mayor Mode\artifacts\api-server\src\lib\simulation-engine.ts:3150:7)
      "code": "SQLITE_CONSTRAINT_FOREIGNKEY"
    }
[08:58:32.487] [31mERROR[39m (44980): [36mTick error[39m
    err: {
      "type": "SqliteError",
      "message": "FOREIGN KEY constraint failed",
      "stack":
          SqliteError: FOREIGN KEY constraint failed
              at <anonymous> (E:\LifeSim Mayor Mode\artifacts\api-server\src\lib\simulation-engine.ts:4177:24)
              at sqliteTransaction (E:\LifeSim Mayor Mode\node_modules\.pnpm\better-sqlite3@12.9.0\node_modules\better-sqlite3\lib\methods\transaction.js:65:24)
              at SimulationEngine.syncToDB (E:\LifeSim Mayor Mode\artifacts\api-server\src\lib\simulation-engine.ts:4183:6)
              at async SimulationEngine.tick (E:\LifeSim Mayor Mode\artifacts\api-server\src\lib\simulation-engine.ts:3150:7)
      "code": "SQLITE_CONSTRAINT_FOREIGNKEY"
    }
[08:58:42.742] [31mERROR[39m (44980): [36mTick error[39m
    err: {
      "type": "SqliteError",
      "message": "FOREIGN KEY constraint failed",
      "stack":
          SqliteError: FOREIGN KEY constraint failed
              at <anonymous> (E:\LifeSim Mayor Mode\artifacts\api-server\src\lib\simulation-engine.ts:4177:24)
              at sqliteTransaction (E:\LifeSim Mayor Mode\node_modules\.pnpm\better-sqlite3@12.9.0\node_modules\better-sqlite3\lib\methods\transaction.js:65:24)
              at SimulationEngine.syncToDB (E:\LifeSim Mayor Mode\artifacts\api-server\src\lib\simulation-engine.ts:4183:6)
              at async SimulationEngine.tick (E:\LifeSim Mayor Mode\artifacts\api-server\src\lib\simulation-engine.ts:3150:7)
      "code": "SQLITE_CONSTRAINT_FOREIGNKEY"
    }
[08:58:53.008] [31mERROR[39m (44980): [36mTick error[39m
    err: {
      "type": "SqliteError",
      "message": "FOREIGN KEY constraint failed",
      "stack":
          SqliteError: FOREIGN KEY constraint failed
              at <anonymous> (E:\LifeSim Mayor Mode\artifacts\api-server\src\lib\simulation-engine.ts:4177:24)
              at sqliteTransaction (E:\LifeSim Mayor Mode\node_modules\.pnpm\better-sqlite3@12.9.0\node_modules\better-sqlite3\lib\methods\transaction.js:65:24)
              at SimulationEngine.syncToDB (E:\LifeSim Mayor Mode\artifacts\api-server\src\lib\simulation-engine.ts:4183:6)
              at async SimulationEngine.tick (E:\LifeSim Mayor Mode\artifacts\api-server\src\lib\simulation-engine.ts:3150:7)
      "code": "SQLITE_CONSTRAINT_FOREIGNKEY"
    }
[08:59:03.290] [31mERROR[39m (44980): [36mTick error[39m
    err: {
      "type": "SqliteError",
      "message": "FOREIGN KEY constraint failed",
      "stack":
          SqliteError: FOREIGN KEY constraint failed
              at <anonymous> (E:\LifeSim Mayor Mode\artifacts\api-server\src\lib\simulation-engine.ts:4177:24)
              at sqliteTransaction (E:\LifeSim Mayor Mode\node_modules\.pnpm\better-sqlite3@12.9.0\node_modules\better-sqlite3\lib\methods\transaction.js:65:24)
              at SimulationEngine.syncToDB (E:\LifeSim Mayor Mode\artifacts\api-server\src\lib\simulation-engine.ts:4183:6)
              at async SimulationEngine.tick (E:\LifeSim Mayor Mode\artifacts\api-server\src\lib\simulation-engine.ts:3150:7)
      "code": "SQLITE_CONSTRAINT_FOREIGNKEY"
    }
[08:59:13.544] [31mERROR[39m (44980): [36mTick error[39m
    err: {
      "type": "SqliteError",
      "message": "FOREIGN KEY constraint failed",
      "stack":
          SqliteError: FOREIGN KEY constraint failed
              at <anonymous> (E:\LifeSim Mayor Mode\artifacts\api-server\src\lib\simulation-engine.ts:4177:24)
              at sqliteTransaction (E:\LifeSim Mayor Mode\node_modules\.pnpm\better-sqlite3@12.9.0\node_modules\better-sqlite3\lib\methods\transaction.js:65:24)
              at SimulationEngine.syncToDB (E:\LifeSim Mayor Mode\artifacts\api-server\src\lib\simulation-engine.ts:4183:6)
              at async SimulationEngine.tick (E:\LifeSim Mayor Mode\artifacts\api-server\src\lib\simulation-engine.ts:3150:7)
      "code": "SQLITE_CONSTRAINT_FOREIGNKEY"
    }
[08:59:23.795] [31mERROR[39m (44980): [36mTick error[39m
    err: {
      "type": "SqliteError",
      "message": "FOREIGN KEY constraint failed",
      "stack":
          SqliteError: FOREIGN KEY constraint failed
              at <anonymous> (E:\LifeSim Mayor Mode\artifacts\api-server\src\lib\simulation-engine.ts:4177:24)
              at sqliteTransaction (E:\LifeSim Mayor Mode\node_modules\.pnpm\better-sqlite3@12.9.0\node_modules\better-sqlite3\lib\methods\transaction.js:65:24)
              at SimulationEngine.syncToDB (E:\LifeSim Mayor Mode\artifacts\api-server\src\lib\simulation-engine.ts:4183:6)
              at async SimulationEngine.tick (E:\LifeSim Mayor Mode\artifacts\api-server\src\lib\simulation-engine.ts:3150:7)
      "code": "SQLITE_CONSTRAINT_FOREIGNKEY"
    }
[08:59:33.954] [32mINFO[39m (44980): [36mBusiness going bankrupt — closing[39m
    [35mbizId[39m: 109
    [35mbizName[39m: "Продуктовый     №37"
    [35mbalance[39m: -393
    [35mticksUnprofitable[39m: 40
[08:59:33.954] [32mINFO[39m (44980): [36mBusiness going bankrupt — closing[39m
    [35mbizId[39m: 129
    [35mbizName[39m: "Супермаркет     №42"
    [35mbalance[39m: -856
    [35mticksUnprofitable[39m: 40
[08:59:34.094] [31mERROR[39m (44980): [36mTick error[39m
    err: {
      "type": "SqliteError",
      "message": "FOREIGN KEY constraint failed",
      "stack":
          SqliteError: FOREIGN KEY constraint failed
              at <anonymous> (E:\LifeSim Mayor Mode\artifacts\api-server\src\lib\simulation-engine.ts:4177:24)
              at sqliteTransaction (E:\LifeSim Mayor Mode\node_modules\.pnpm\better-sqlite3@12.9.0\node_modules\better-sqlite3\lib\methods\transaction.js:65:24)
              at SimulationEngine.syncToDB (E:\LifeSim Mayor Mode\artifacts\api-server\src\lib\simulation-engine.ts:4183:6)
              at async SimulationEngine.tick (E:\LifeSim Mayor Mode\artifacts\api-server\src\lib\simulation-engine.ts:3150:7)
      "code": "SQLITE_CONSTRAINT_FOREIGNKEY"
    }
[08:59:44.233] [32mINFO[39m (44980): [36mBusiness going bankrupt — closing[39m
    [35mbizId[39m: 118
    [35mbizName[39m: "Кафе     №37"
    [35mbalance[39m: -1301
    [35mticksUnprofitable[39m: 41
[08:59:44.234] [32mINFO[39m (44980): [36mBusiness going bankrupt — closing[39m
    [35mbizId[39m: 190
    [35mbizName[39m: "Химчистка  №42"
    [35mbalance[39m: -517
    [35mticksUnprofitable[39m: 41
[08:59:44.364] [31mERROR[39m (44980): [36mTick error[39m
    err: {
      "type": "SqliteError",
      "message": "FOREIGN KEY constraint failed",
      "stack":
          SqliteError: FOREIGN KEY constraint failed
              at <anonymous> (E:\LifeSim Mayor Mode\artifacts\api-server\src\lib\simulation-engine.ts:4177:24)
              at sqliteTransaction (E:\LifeSim Mayor Mode\node_modules\.pnpm\better-sqlite3@12.9.0\node_modules\better-sqlite3\lib\methods\transaction.js:65:24)
              at SimulationEngine.syncToDB (E:\LifeSim Mayor Mode\artifacts\api-server\src\lib\simulation-engine.ts:4183:6)
              at async SimulationEngine.tick (E:\LifeSim Mayor Mode\artifacts\api-server\src\lib\simulation-engine.ts:3150:7)
      "code": "SQLITE_CONSTRAINT_FOREIGNKEY"
    }
[08:59:54.607] [31mERROR[39m (44980): [36mTick error[39m
    err: {
      "type": "SqliteError",
      "message": "FOREIGN KEY constraint failed",
      "stack":
          SqliteError: FOREIGN KEY constraint failed
              at <anonymous> (E:\LifeSim Mayor Mode\artifacts\api-server\src\lib\simulation-engine.ts:4177:24)
              at sqliteTransaction (E:\LifeSim Mayor Mode\node_modules\.pnpm\better-sqlite3@12.9.0\node_modules\better-sqlite3\lib\methods\transaction.js:65:24)
              at SimulationEngine.syncToDB (E:\LifeSim Mayor Mode\artifacts\api-server\src\lib\simulation-engine.ts:4183:6)
              at async SimulationEngine.tick (E:\LifeSim Mayor Mode\artifacts\api-server\src\lib\simulation-engine.ts:3150:7)
      "code": "SQLITE_CONSTRAINT_FOREIGNKEY"
    }
[09:00:04.896] [31mERROR[39m (44980): [36mTick error[39m
    err: {
      "type": "SqliteError",
      "message": "FOREIGN KEY constraint failed",
      "stack":
          SqliteError: FOREIGN KEY constraint failed
              at <anonymous> (E:\LifeSim Mayor Mode\artifacts\api-server\src\lib\simulation-engine.ts:4177:24)
              at sqliteTransaction (E:\LifeSim Mayor Mode\node_modules\.pnpm\better-sqlite3@12.9.0\node_modules\better-sqlite3\lib\methods\transaction.js:65:24)
              at SimulationEngine.syncToDB (E:\LifeSim Mayor Mode\artifacts\api-server\src\lib\simulation-engine.ts:4183:6)
              at async SimulationEngine.tick (E:\LifeSim Mayor Mode\artifacts\api-server\src\lib\simulation-engine.ts:3150:7)
      "code": "SQLITE_CONSTRAINT_FOREIGNKEY"
    }
[09:00:35.921] [31mERROR[39m (44980): [36mTick error[39m
    err: {
      "type": "SqliteError",
      "message": "FOREIGN KEY constraint failed",
      "stack":
          SqliteError: FOREIGN KEY constraint failed
              at <anonymous> (E:\LifeSim Mayor Mode\artifacts\api-server\src\lib\simulation-engine.ts:4177:24)
              at sqliteTransaction (E:\LifeSim Mayor Mode\node_modules\.pnpm\better-sqlite3@12.9.0\node_modules\better-sqlite3\lib\methods\transaction.js:65:24)
              at SimulationEngine.syncToDB (E:\LifeSim Mayor Mode\artifacts\api-server\src\lib\simulation-engine.ts:4183:6)
              at async SimulationEngine.tick (E:\LifeSim Mayor Mode\artifacts\api-server\src\lib\simulation-engine.ts:3150:7)
      "code": "SQLITE_CONSTRAINT_FOREIGNKEY"
    }
[09:00:56.482] [31mERROR[39m (44980): [36mTick error[39m
    err: {
      "type": "SqliteError",
      "message": "FOREIGN KEY constraint failed",
      "stack":
          SqliteError: FOREIGN KEY constraint failed
              at <anonymous> (E:\LifeSim Mayor Mode\artifacts\api-server\src\lib\simulation-engine.ts:4177:24)
              at sqliteTransaction (E:\LifeSim Mayor Mode\node_modules\.pnpm\better-sqlite3@12.9.0\node_modules\better-sqlite3\lib\methods\transaction.js:65:24)
              at SimulationEngine.syncToDB (E:\LifeSim Mayor Mode\artifacts\api-server\src\lib\simulation-engine.ts:4183:6)
              at async SimulationEngine.tick (E:\LifeSim Mayor Mode\artifacts\api-server\src\lib\simulation-engine.ts:3150:7)
      "code": "SQLITE_CONSTRAINT_FOREIGNKEY"
    }
[09:01:06.657] [32mINFO[39m (44980): [36mAgents died[39m
    [35mcount[39m: 8
    [35mpopulation[39m: 974
[09:01:06.660] [32mINFO[39m (44980): [36mNew agents born[39m
    [35mcount[39m: 10
    [35mpopulation[39m: 984
[09:01:06.677] [32mINFO[39m (44980): [36mAgents emigrated[39m
    [35mcount[39m: 21
    [35mpopulation[39m: 963
    [35mwellbeingScore[39m: 0.78
[09:01:06.682] [32mINFO[39m (44980): [36mAgents immigrated[39m
    [35mcount[39m: 11
    [35mpopulation[39m: 974
    [35mwellbeingScore[39m: 0.78
[09:01:06.683] [32mINFO[39m (44980): [36mBusiness going bankrupt — closing[39m
    [35mbizId[39m: 16
    [35mbizName[39m: "Продуктовый №6"
    [35mbalance[39m: -467
    [35mticksUnprofitable[39m: 73
[09:01:06.683] [32mINFO[39m (44980): [36mOne-time government survival bailout issued[39m
    [35mbizId[39m: 22
    [35mbizName[39m: "Ресторан №12"
    [35mbalanceAfter[39m: 389
    [35mbailoutAmount[39m: 800
[09:01:06.683] [32mINFO[39m (44980): [36mOne-time government survival bailout issued[39m
    [35mbizId[39m: 29
    [35mbizName[39m: "Столовая №19"
    [35mbalanceAfter[39m: 630
    [35mbailoutAmount[39m: 800
[09:01:06.683] [32mINFO[39m (44980): [36mOne-time government survival bailout issued[39m
    [35mbizId[39m: 39
    [35mbizName[39m: "Столовая №29"
    [35mbalanceAfter[39m: 603
    [35mbailoutAmount[39m: 800
[09:01:06.683] [32mINFO[39m (44980): [36mOne-time government survival bailout issued[39m
    [35mbizId[39m: 55
    [35mbizName[39m: "Химчистка №14"
    [35mbalanceAfter[39m: 479
    [35mbailoutAmount[39m: 800
[09:01:06.683] [32mINFO[39m (44980): [36mOne-time government survival bailout issued[39m
    [35mbizId[39m: 59
    [35mbizName[39m: "Сервисный центр №18"
    [35mbalanceAfter[39m: 512
    [35mbailoutAmount[39m: 800
[09:01:06.685] [32mINFO[39m (44980): [36mSelf-funded business opened[39m
    [35magentId[39m: 1555
    [35mbizName[39m: "Животноводческий комплекс     №22"
    [35mbizType[39m: "farm"
    [35mlaunchCost[39m: 1800
    [35msuccessScore[39m: 33
    [35magentMoney[39m: 5642
[09:01:06.685] [32mINFO[39m (44980): [36mSelf-funded business opened[39m
    [35magentId[39m: 1575
    [35mbizName[39m: "Животноводческий комплекс     №23"
    [35mbizType[39m: "farm"
    [35mlaunchCost[39m: 1800
    [35msuccessScore[39m: 33
    [35magentMoney[39m: 4060
[09:01:06.686] [32mINFO[39m (44980): [36mSelf-funded business opened[39m
    [35magentId[39m: 1629
    [35mbizName[39m: "Агроферма     №24"
    [35mbizType[39m: "farm"
    [35mlaunchCost[39m: 1800
    [35msuccessScore[39m: 33
    [35magentMoney[39m: 6943
[09:01:06.686] [32mINFO[39m (44980): [36mGovernment grant approved (need-driven)[39m
    [35magentId[39m: 1801
    [35mbizName[39m: "Агроферма     №25"
    [35mbizType[39m: "farm"
    [35mlaunchCost[39m: 1800
    [35msuccessScore[39m: 33
    [35mneedScore[39m: 0
    [35mmarketRatio[39m: 1
    [35mgovBudgetAfter[39m: 175563
[09:01:06.687] [32mINFO[39m (44980): [36mGovernment grant approved (need-driven)[39m
    [35magentId[39m: 2199
    [35mbizName[39m: "Производственный цех №14"
    [35mbizType[39m: "workshop"
    [35mlaunchCost[39m: 2200
    [35msuccessScore[39m: 33
    [35mneedScore[39m: 0
    [35mmarketRatio[39m: 1
    [35mgovBudgetAfter[39m: 173363
[09:01:06.687] [32mINFO[39m (44980): [36mGovernment grant approved (need-driven)[39m
    [35magentId[39m: 2200
    [35mbizName[39m: "Животноводческий комплекс     №26"
    [35mbizType[39m: "farm"
    [35mlaunchCost[39m: 1800
    [35msuccessScore[39m: 33
    [35mneedScore[39m: 0
    [35mmarketRatio[39m: 1
    [35mgovBudgetAfter[39m: 171563
[09:01:06.823] [31mERROR[39m (44980): [36mTick error[39m
    err: {
      "type": "SqliteError",
      "message": "FOREIGN KEY constraint failed",
      "stack":
          SqliteError: FOREIGN KEY constraint failed
              at <anonymous> (E:\LifeSim Mayor Mode\artifacts\api-server\src\lib\simulation-engine.ts:4177:24)
              at sqliteTransaction (E:\LifeSim Mayor Mode\node_modules\.pnpm\better-sqlite3@12.9.0\node_modules\better-sqlite3\lib\methods\transaction.js:65:24)
              at SimulationEngine.syncToDB (E:\LifeSim Mayor Mode\artifacts\api-server\src\lib\simulation-engine.ts:4183:6)
              at async SimulationEngine.tick (E:\LifeSim Mayor Mode\artifacts\api-server\src\lib\simulation-engine.ts:3150:7)
      "code": "SQLITE_CONSTRAINT_FOREIGNKEY"
    }
[09:01:12.992] [32mINFO[39m (44980): [36mrequest completed[39m
    [35mreq[39m: {
      "id": 136,
      "method": "GET",
      "url": "/api/healthz"
    }
    [35mres[39m: {
      "statusCode": 200
    }
    [35mresponseTime[39m: 1
[09:01:17.124] [31mERROR[39m (44980): [36mTick error[39m
    err: {
      "type": "SqliteError",
      "message": "FOREIGN KEY constraint failed",
      "stack":
          SqliteError: FOREIGN KEY constraint failed
              at <anonymous> (E:\LifeSim Mayor Mode\artifacts\api-server\src\lib\simulation-engine.ts:4177:24)
              at sqliteTransaction (E:\LifeSim Mayor Mode\node_modules\.pnpm\better-sqlite3@12.9.0\node_modules\better-sqlite3\lib\methods\transaction.js:65:24)
              at SimulationEngine.syncToDB (E:\LifeSim Mayor Mode\artifacts\api-server\src\lib\simulation-engine.ts:4183:6)
              at async SimulationEngine.tick (E:\LifeSim Mayor Mode\artifacts\api-server\src\lib\simulation-engine.ts:3150:7)
      "code": "SQLITE_CONSTRAINT_FOREIGNKEY"
    }
[09:01:27.374] [31mERROR[39m (44980): [36mTick error[39m
    err: {
      "type": "SqliteError",
      "message": "FOREIGN KEY constraint failed",
      "stack":
          SqliteError: FOREIGN KEY constraint failed
              at <anonymous> (E:\LifeSim Mayor Mode\artifacts\api-server\src\lib\simulation-engine.ts:4177:24)
              at sqliteTransaction (E:\LifeSim Mayor Mode\node_modules\.pnpm\better-sqlite3@12.9.0\node_modules\better-sqlite3\lib\methods\transaction.js:65:24)
              at SimulationEngine.syncToDB (E:\LifeSim Mayor Mode\artifacts\api-server\src\lib\simulation-engine.ts:4183:6)
              at async SimulationEngine.tick (E:\LifeSim Mayor Mode\artifacts\api-server\src\lib\simulation-engine.ts:3150:7)
      "code": "SQLITE_CONSTRAINT_FOREIGNKEY"
    }
[09:01:33.208] [32mINFO[39m (44980): [36mrequest completed[39m
    [35mreq[39m: {
      "id": 137,
      "method": "GET",
      "url": "/api/decisions/day"
    }
    [35mres[39m: {
      "statusCode": 200
    }
    [35mresponseTime[39m: 3
[09:01:37.612] [31mERROR[39m (44980): [36mTick error[39m
    err: {
      "type": "SqliteError",
      "message": "FOREIGN KEY constraint failed",
      "stack":
          SqliteError: FOREIGN KEY constraint failed
              at <anonymous> (E:\LifeSim Mayor Mode\artifacts\api-server\src\lib\simulation-engine.ts:4177:24)
              at sqliteTransaction (E:\LifeSim Mayor Mode\node_modules\.pnpm\better-sqlite3@12.9.0\node_modules\better-sqlite3\lib\methods\transaction.js:65:24)
              at SimulationEngine.syncToDB (E:\LifeSim Mayor Mode\artifacts\api-server\src\lib\simulation-engine.ts:4183:6)
              at async SimulationEngine.tick (E:\LifeSim Mayor Mode\artifacts\api-server\src\lib\simulation-engine.ts:3150:7)
      "code": "SQLITE_CONSTRAINT_FOREIGNKEY"
    }
[09:01:47.825] [31mERROR[39m (44980): [36mTick error[39m
    err: {
      "type": "SqliteError",
      "message": "FOREIGN KEY constraint failed",
      "stack":
          SqliteError: FOREIGN KEY constraint failed
              at <anonymous> (E:\LifeSim Mayor Mode\artifacts\api-server\src\lib\simulation-engine.ts:4177:24)
              at sqliteTransaction (E:\LifeSim Mayor Mode\node_modules\.pnpm\better-sqlite3@12.9.0\node_modules\better-sqlite3\lib\methods\transaction.js:65:24)
              at SimulationEngine.syncToDB (E:\LifeSim Mayor Mode\artifacts\api-server\src\lib\simulation-engine.ts:4183:6)
              at async SimulationEngine.tick (E:\LifeSim Mayor Mode\artifacts\api-server\src\lib\simulation-engine.ts:3150:7)
      "code": "SQLITE_CONSTRAINT_FOREIGNKEY"
    }
[09:01:58.021] [31mERROR[39m (44980): [36mTick error[39m
    err: {
      "type": "SqliteError",
      "message": "FOREIGN KEY constraint failed",
      "stack":
          SqliteError: FOREIGN KEY constraint failed
              at <anonymous> (E:\LifeSim Mayor Mode\artifacts\api-server\src\lib\simulation-engine.ts:4177:24)
              at sqliteTransaction (E:\LifeSim Mayor Mode\node_modules\.pnpm\better-sqlite3@12.9.0\node_modules\better-sqlite3\lib\methods\transaction.js:65:24)
              at SimulationEngine.syncToDB (E:\LifeSim Mayor Mode\artifacts\api-server\src\lib\simulation-engine.ts:4183:6)
              at async SimulationEngine.tick (E:\LifeSim Mayor Mode\artifacts\api-server\src\lib\simulation-engine.ts:3150:7)
      "code": "SQLITE_CONSTRAINT_FOREIGNKEY"
    }
[09:02:08.222] [31mERROR[39m (44980): [36mTick error[39m
    err: {
      "type": "SqliteError",
      "message": "FOREIGN KEY constraint failed",
      "stack":
          SqliteError: FOREIGN KEY constraint failed
              at <anonymous> (E:\LifeSim Mayor Mode\artifacts\api-server\src\lib\simulation-engine.ts:4177:24)
              at sqliteTransaction (E:\LifeSim Mayor Mode\node_modules\.pnpm\better-sqlite3@12.9.0\node_modules\better-sqlite3\lib\methods\transaction.js:65:24)
              at SimulationEngine.syncToDB (E:\LifeSim Mayor Mode\artifacts\api-server\src\lib\simulation-engine.ts:4183:6)
              at async SimulationEngine.tick (E:\LifeSim Mayor Mode\artifacts\api-server\src\lib\simulation-engine.ts:3150:7)
      "code": "SQLITE_CONSTRAINT_FOREIGNKEY"
    }
[09:02:18.415] [31mERROR[39m (44980): [36mTick error[39m
    err: {
      "type": "SqliteError",
      "message": "FOREIGN KEY constraint failed",
      "stack":
          SqliteError: FOREIGN KEY constraint failed
              at <anonymous> (E:\LifeSim Mayor Mode\artifacts\api-server\src\lib\simulation-engine.ts:4177:24)
              at sqliteTransaction (E:\LifeSim Mayor Mode\node_modules\.pnpm\better-sqlite3@12.9.0\node_modules\better-sqlite3\lib\methods\transaction.js:65:24)
              at SimulationEngine.syncToDB (E:\LifeSim Mayor Mode\artifacts\api-server\src\lib\simulation-engine.ts:4183:6)
              at async SimulationEngine.tick (E:\LifeSim Mayor Mode\artifacts\api-server\src\lib\simulation-engine.ts:3150:7)
      "code": "SQLITE_CONSTRAINT_FOREIGNKEY"
    }
[09:02:49.093] [31mERROR[39m (44980): [36mTick error[39m
    err: {
      "type": "SqliteError",
      "message": "FOREIGN KEY constraint failed",
      "stack":
          SqliteError: FOREIGN KEY constraint failed
              at <anonymous> (E:\LifeSim Mayor Mode\artifacts\api-server\src\lib\simulation-engine.ts:4177:24)
              at sqliteTransaction (E:\LifeSim Mayor Mode\node_modules\.pnpm\better-sqlite3@12.9.0\node_modules\better-sqlite3\lib\methods\transaction.js:65:24)
              at SimulationEngine.syncToDB (E:\LifeSim Mayor Mode\artifacts\api-server\src\lib\simulation-engine.ts:4183:6)
              at async SimulationEngine.tick (E:\LifeSim Mayor Mode\artifacts\api-server\src\lib\simulation-engine.ts:3150:7)
      "code": "SQLITE_CONSTRAINT_FOREIGNKEY"
    }
[09:03:09.549] [31mERROR[39m (44980): [36mTick error[39m
    err: {
      "type": "SqliteError",
      "message": "FOREIGN KEY constraint failed",
      "stack":
          SqliteError: FOREIGN KEY constraint failed
              at <anonymous> (E:\LifeSim Mayor Mode\artifacts\api-server\src\lib\simulation-engine.ts:4177:24)
              at sqliteTransaction (E:\LifeSim Mayor Mode\node_modules\.pnpm\better-sqlite3@12.9.0\node_modules\better-sqlite3\lib\methods\transaction.js:65:24)
              at SimulationEngine.syncToDB (E:\LifeSim Mayor Mode\artifacts\api-server\src\lib\simulation-engine.ts:4183:6)
              at async SimulationEngine.tick (E:\LifeSim Mayor Mode\artifacts\api-server\src\lib\simulation-engine.ts:3150:7)
      "code": "SQLITE_CONSTRAINT_FOREIGNKEY"
    }
[09:03:19.814] [31mERROR[39m (44980): [36mTick error[39m
    err: {
      "type": "SqliteError",
      "message": "FOREIGN KEY constraint failed",
      "stack":
          SqliteError: FOREIGN KEY constraint failed
              at <anonymous> (E:\LifeSim Mayor Mode\artifacts\api-server\src\lib\simulation-engine.ts:4177:24)
              at sqliteTransaction (E:\LifeSim Mayor Mode\node_modules\.pnpm\better-sqlite3@12.9.0\node_modules\better-sqlite3\lib\methods\transaction.js:65:24)
              at SimulationEngine.syncToDB (E:\LifeSim Mayor Mode\artifacts\api-server\src\lib\simulation-engine.ts:4183:6)
              at async SimulationEngine.tick (E:\LifeSim Mayor Mode\artifacts\api-server\src\lib\simulation-engine.ts:3150:7)
      "code": "SQLITE_CONSTRAINT_FOREIGNKEY"
    }
[09:03:30.080] [31mERROR[39m (44980): [36mTick error[39m
    err: {
      "type": "SqliteError",
      "message": "FOREIGN KEY constraint failed",
      "stack":
          SqliteError: FOREIGN KEY constraint failed
              at <anonymous> (E:\LifeSim Mayor Mode\artifacts\api-server\src\lib\simulation-engine.ts:4177:24)
              at sqliteTransaction (E:\LifeSim Mayor Mode\node_modules\.pnpm\better-sqlite3@12.9.0\node_modules\better-sqlite3\lib\methods\transaction.js:65:24)
              at SimulationEngine.syncToDB (E:\LifeSim Mayor Mode\artifacts\api-server\src\lib\simulation-engine.ts:4183:6)
              at async SimulationEngine.tick (E:\LifeSim Mayor Mode\artifacts\api-server\src\lib\simulation-engine.ts:3150:7)
      "code": "SQLITE_CONSTRAINT_FOREIGNKEY"
    }
[09:03:40.338] [31mERROR[39m (44980): [36mTick error[39m
    err: {
      "type": "SqliteError",
      "message": "FOREIGN KEY constraint failed",
      "stack":
          SqliteError: FOREIGN KEY constraint failed
              at <anonymous> (E:\LifeSim Mayor Mode\artifacts\api-server\src\lib\simulation-engine.ts:4177:24)
              at sqliteTransaction (E:\LifeSim Mayor Mode\node_modules\.pnpm\better-sqlite3@12.9.0\node_modules\better-sqlite3\lib\methods\transaction.js:65:24)
              at SimulationEngine.syncToDB (E:\LifeSim Mayor Mode\artifacts\api-server\src\lib\simulation-engine.ts:4183:6)
              at async SimulationEngine.tick (E:\LifeSim Mayor Mode\artifacts\api-server\src\lib\simulation-engine.ts:3150:7)
      "code": "SQLITE_CONSTRAINT_FOREIGNKEY"
    }
[09:03:50.440] [32mINFO[39m (44980): [36mBusiness going bankrupt — closing[39m
    [35mbizId[39m: 25
    [35mbizName[39m: "Ресторан №15"
    [35mbalance[39m: -464
    [35mticksUnprofitable[39m: 41
[09:03:50.573] [31mERROR[39m (44980): [36mTick error[39m
    err: {
      "type": "SqliteError",
      "message": "FOREIGN KEY constraint failed",
      "stack":
          SqliteError: FOREIGN KEY constraint failed
              at <anonymous> (E:\LifeSim Mayor Mode\artifacts\api-server\src\lib\simulation-engine.ts:4177:24)
              at sqliteTransaction (E:\LifeSim Mayor Mode\node_modules\.pnpm\better-sqlite3@12.9.0\node_modules\better-sqlite3\lib\methods\transaction.js:65:24)
              at SimulationEngine.syncToDB (E:\LifeSim Mayor Mode\artifacts\api-server\src\lib\simulation-engine.ts:4183:6)
              at async SimulationEngine.tick (E:\LifeSim Mayor Mode\artifacts\api-server\src\lib\simulation-engine.ts:3150:7)
      "code": "SQLITE_CONSTRAINT_FOREIGNKEY"
    }
[09:04:00.823] [31mERROR[39m (44980): [36mTick error[39m
    err: {
      "type": "SqliteError",
      "message": "FOREIGN KEY constraint failed",
      "stack":
          SqliteError: FOREIGN KEY constraint failed
              at <anonymous> (E:\LifeSim Mayor Mode\artifacts\api-server\src\lib\simulation-engine.ts:4177:24)
              at sqliteTransaction (E:\LifeSim Mayor Mode\node_modules\.pnpm\better-sqlite3@12.9.0\node_modules\better-sqlite3\lib\methods\transaction.js:65:24)
              at SimulationEngine.syncToDB (E:\LifeSim Mayor Mode\artifacts\api-server\src\lib\simulation-engine.ts:4183:6)
              at async SimulationEngine.tick (E:\LifeSim Mayor Mode\artifacts\api-server\src\lib\simulation-engine.ts:3150:7)
      "code": "SQLITE_CONSTRAINT_FOREIGNKEY"
    }
[09:04:10.953] [32mINFO[39m (44980): [36mBusiness going bankrupt — closing[39m
    [35mbizId[39m: 49
    [35mbizName[39m: "Ателье №8"
    [35mbalance[39m: -1097
    [35mticksUnprofitable[39m: 43
[09:04:10.953] [32mINFO[39m (44980): [36mBusiness going bankrupt — closing[39m
    [35mbizId[39m: 50
    [35mbizName[39m: "Прачечная №9"
    [35mbalance[39m: -321
    [35mticksUnprofitable[39m: 43
[09:04:11.078] [31mERROR[39m (44980): [36mTick error[39m
    err: {
      "type": "SqliteError",
      "message": "FOREIGN KEY constraint failed",
      "stack":
          SqliteError: FOREIGN KEY constraint failed
              at <anonymous> (E:\LifeSim Mayor Mode\artifacts\api-server\src\lib\simulation-engine.ts:4177:24)
              at sqliteTransaction (E:\LifeSim Mayor Mode\node_modules\.pnpm\better-sqlite3@12.9.0\node_modules\better-sqlite3\lib\methods\transaction.js:65:24)
              at SimulationEngine.syncToDB (E:\LifeSim Mayor Mode\artifacts\api-server\src\lib\simulation-engine.ts:4183:6)
              at async SimulationEngine.tick (E:\LifeSim Mayor Mode\artifacts\api-server\src\lib\simulation-engine.ts:3150:7)
      "code": "SQLITE_CONSTRAINT_FOREIGNKEY"
    }
[09:04:21.346] [31mERROR[39m (44980): [36mTick error[39m
    err: {
      "type": "SqliteError",
      "message": "FOREIGN KEY constraint failed",
      "stack":
          SqliteError: FOREIGN KEY constraint failed
              at <anonymous> (E:\LifeSim Mayor Mode\artifacts\api-server\src\lib\simulation-engine.ts:4177:24)
              at sqliteTransaction (E:\LifeSim Mayor Mode\node_modules\.pnpm\better-sqlite3@12.9.0\node_modules\better-sqlite3\lib\methods\transaction.js:65:24)
              at SimulationEngine.syncToDB (E:\LifeSim Mayor Mode\artifacts\api-server\src\lib\simulation-engine.ts:4183:6)
              at async SimulationEngine.tick (E:\LifeSim Mayor Mode\artifacts\api-server\src\lib\simulation-engine.ts:3150:7)
      "code": "SQLITE_CONSTRAINT_FOREIGNKEY"
    }
[09:04:31.596] [31mERROR[39m (44980): [36mTick error[39m
    err: {
      "type": "SqliteError",
      "message": "FOREIGN KEY constraint failed",
      "stack":
          SqliteError: FOREIGN KEY constraint failed
              at <anonymous> (E:\LifeSim Mayor Mode\artifacts\api-server\src\lib\simulation-engine.ts:4177:24)
              at sqliteTransaction (E:\LifeSim Mayor Mode\node_modules\.pnpm\better-sqlite3@12.9.0\node_modules\better-sqlite3\lib\methods\transaction.js:65:24)
              at SimulationEngine.syncToDB (E:\LifeSim Mayor Mode\artifacts\api-server\src\lib\simulation-engine.ts:4183:6)
              at async SimulationEngine.tick (E:\LifeSim Mayor Mode\artifacts\api-server\src\lib\simulation-engine.ts:3150:7)
      "code": "SQLITE_CONSTRAINT_FOREIGNKEY"
    }
[09:04:52.140] [31mERROR[39m (44980): [36mTick error[39m
    err: {
      "type": "SqliteError",
      "message": "FOREIGN KEY constraint failed",
      "stack":
          SqliteError: FOREIGN KEY constraint failed
              at <anonymous> (E:\LifeSim Mayor Mode\artifacts\api-server\src\lib\simulation-engine.ts:4177:24)
              at sqliteTransaction (E:\LifeSim Mayor Mode\node_modules\.pnpm\better-sqlite3@12.9.0\node_modules\better-sqlite3\lib\methods\transaction.js:65:24)
              at SimulationEngine.syncToDB (E:\LifeSim Mayor Mode\artifacts\api-server\src\lib\simulation-engine.ts:4183:6)
              at async SimulationEngine.tick (E:\LifeSim Mayor Mode\artifacts\api-server\src\lib\simulation-engine.ts:3150:7)
      "code": "SQLITE_CONSTRAINT_FOREIGNKEY"
    }
[09:05:12.602] [32mINFO[39m (44980): [36mAgents died[39m
    [35mcount[39m: 11
    [35mpopulation[39m: 963
[09:05:12.604] [32mINFO[39m (44980): [36mNew agents born[39m
    [35mcount[39m: 10
    [35mpopulation[39m: 973
[09:05:12.618] [32mINFO[39m (44980): [36mAgents emigrated[39m
    [35mcount[39m: 18
    [35mpopulation[39m: 955
    [35mwellbeingScore[39m: 0.78
[09:05:12.621] [32mINFO[39m (44980): [36mAgents immigrated[39m
    [35mcount[39m: 11
    [35mpopulation[39m: 966
    [35mwellbeingScore[39m: 0.78
[09:05:12.621] [32mINFO[39m (44980): [36mOne-time government survival bailout issued[39m
    [35mbizId[39m: 17
    [35mbizName[39m: "Ресторан №7"
    [35mbalanceAfter[39m: 491
    [35mbailoutAmount[39m: 800
[09:05:12.621] [32mINFO[39m (44980): [36mOne-time government survival bailout issued[39m
    [35mbizId[39m: 41
    [35mbizName[39m: "Закусочная №31"
    [35mbalanceAfter[39m: 308
    [35mbailoutAmount[39m: 800
[09:05:12.621] [32mINFO[39m (44980): [36mOne-time government survival bailout issued[39m
    [35mbizId[39m: 60
    [35mbizName[39m: "Магазин №19"
    [35mbalanceAfter[39m: 569
    [35mbailoutAmount[39m: 800
[09:05:12.621] [32mINFO[39m (44980): [36mOne-time government survival bailout issued[39m
    [35mbizId[39m: 85
    [35mbizName[39m: "Закусочная     №33"
    [35mbalanceAfter[39m: 179
    [35mbailoutAmount[39m: 800
[09:05:12.621] [32mINFO[39m (44980): [36mOne-time government survival bailout issued[39m
    [35mbizId[39m: 97
    [35mbizName[39m: "Аптека  №29"
    [35mbalanceAfter[39m: 591
    [35mbailoutAmount[39m: 800
[09:05:12.623] [32mINFO[39m (44980): [36mSelf-funded business opened[39m
    [35magentId[39m: 1596
    [35mbizName[39m: "Кафе     №63"
    [35mbizType[39m: "food"
    [35mlaunchCost[39m: 2000
    [35msuccessScore[39m: 34
    [35magentMoney[39m: 4655
[09:05:12.623] [32mINFO[39m (44980): [36mGovernment grant approved (need-driven)[39m
    [35magentId[39m: 2296
    [35mbizName[39m: "Супермаркет     №64"
    [35mbizType[39m: "food"
    [35mlaunchCost[39m: 2000
    [35msuccessScore[39m: 34
    [35mneedScore[39m: 50
    [35mmarketRatio[39m: 0.69
    [35mgovBudgetAfter[39m: 165817
[09:05:12.624] [32mINFO[39m (44980): [36mGovernment grant approved (need-driven)[39m
    [35magentId[39m: 1639
    [35mbizName[39m: "Цех упаковки №15"
    [35mbizType[39m: "workshop"
    [35mlaunchCost[39m: 2200
    [35msuccessScore[39m: 33
    [35mneedScore[39m: 0
    [35mmarketRatio[39m: 1
    [35mgovBudgetAfter[39m: 163617
[09:05:12.624] [32mINFO[39m (44980): [36mGovernment grant approved (need-driven)[39m
    [35magentId[39m: 943
    [35mbizName[39m: "Производственный цех №16"
    [35mbizType[39m: "workshop"
    [35mlaunchCost[39m: 2200
    [35msuccessScore[39m: 33
    [35mneedScore[39m: 0
    [35mmarketRatio[39m: 1
    [35mgovBudgetAfter[39m: 161417
[09:05:23.043] [32mINFO[39m (44980): [36mBusiness going bankrupt — closing[39m
    [35mbizId[39m: 91
    [35mbizName[39m: "Сервисный центр  №22"
    [35mbalance[39m: -319
    [35mticksUnprofitable[39m: 50
[09:05:23.193] [31mERROR[39m (44980): [36mTick error[39m
    err: {
      "type": "SqliteError",
      "message": "FOREIGN KEY constraint failed",
      "stack":
          SqliteError: FOREIGN KEY constraint failed
              at <anonymous> (E:\LifeSim Mayor Mode\artifacts\api-server\src\lib\simulation-engine.ts:4177:24)
              at sqliteTransaction (E:\LifeSim Mayor Mode\node_modules\.pnpm\better-sqlite3@12.9.0\node_modules\better-sqlite3\lib\methods\transaction.js:65:24)
              at SimulationEngine.syncToDB (E:\LifeSim Mayor Mode\artifacts\api-server\src\lib\simulation-engine.ts:4183:6)
              at async SimulationEngine.tick (E:\LifeSim Mayor Mode\artifacts\api-server\src\lib\simulation-engine.ts:3150:7)
      "code": "SQLITE_CONSTRAINT_FOREIGNKEY"
    }
[09:05:33.319] [32mINFO[39m (44980): [36mBusiness going bankrupt — closing[39m
    [35mbizId[39m: 33
    [35mbizName[39m: "Кафе №23"
    [35mbalance[39m: -312
    [35mticksUnprofitable[39m: 75
[09:05:33.444] [31mERROR[39m (44980): [36mTick error[39m
    err: {
      "type": "SqliteError",
      "message": "FOREIGN KEY constraint failed",
      "stack":
          SqliteError: FOREIGN KEY constraint failed
              at <anonymous> (E:\LifeSim Mayor Mode\artifacts\api-server\src\lib\simulation-engine.ts:4177:24)
              at sqliteTransaction (E:\LifeSim Mayor Mode\node_modules\.pnpm\better-sqlite3@12.9.0\node_modules\better-sqlite3\lib\methods\transaction.js:65:24)
              at SimulationEngine.syncToDB (E:\LifeSim Mayor Mode\artifacts\api-server\src\lib\simulation-engine.ts:4183:6)
              at async SimulationEngine.tick (E:\LifeSim Mayor Mode\artifacts\api-server\src\lib\simulation-engine.ts:3150:7)
      "code": "SQLITE_CONSTRAINT_FOREIGNKEY"
    }
[09:05:54.967] [33mWARN[39m (44980): [36msyncToDB slow[39m
    [35mtick[39m: 436
    [35mdbMs[39m: 1051
    [35magentCount[39m: 966
[09:06:05.194] [31mERROR[39m (44980): [36mTick error[39m
    err: {
      "type": "SqliteError",
      "message": "FOREIGN KEY constraint failed",
      "stack":
          SqliteError: FOREIGN KEY constraint failed
              at <anonymous> (E:\LifeSim Mayor Mode\artifacts\api-server\src\lib\simulation-engine.ts:4177:24)
              at sqliteTransaction (E:\LifeSim Mayor Mode\node_modules\.pnpm\better-sqlite3@12.9.0\node_modules\better-sqlite3\lib\methods\transaction.js:65:24)
              at SimulationEngine.syncToDB (E:\LifeSim Mayor Mode\artifacts\api-server\src\lib\simulation-engine.ts:4183:6)
              at async SimulationEngine.tick (E:\LifeSim Mayor Mode\artifacts\api-server\src\lib\simulation-engine.ts:3150:7)
      "code": "SQLITE_CONSTRAINT_FOREIGNKEY"
    }
[09:06:15.393] [31mERROR[39m (44980): [36mTick error[39m
    err: {
      "type": "SqliteError",
      "message": "FOREIGN KEY constraint failed",
      "stack":
          SqliteError: FOREIGN KEY constraint failed
              at <anonymous> (E:\LifeSim Mayor Mode\artifacts\api-server\src\lib\simulation-engine.ts:4177:24)
              at sqliteTransaction (E:\LifeSim Mayor Mode\node_modules\.pnpm\better-sqlite3@12.9.0\node_modules\better-sqlite3\lib\methods\transaction.js:65:24)
              at SimulationEngine.syncToDB (E:\LifeSim Mayor Mode\artifacts\api-server\src\lib\simulation-engine.ts:4183:6)
              at async SimulationEngine.tick (E:\LifeSim Mayor Mode\artifacts\api-server\src\lib\simulation-engine.ts:3150:7)
      "code": "SQLITE_CONSTRAINT_FOREIGNKEY"
    }
[09:06:25.625] [31mERROR[39m (44980): [36mTick error[39m
    err: {
      "type": "SqliteError",
      "message": "FOREIGN KEY constraint failed",
      "stack":
          SqliteError: FOREIGN KEY constraint failed
              at <anonymous> (E:\LifeSim Mayor Mode\artifacts\api-server\src\lib\simulation-engine.ts:4177:24)
              at sqliteTransaction (E:\LifeSim Mayor Mode\node_modules\.pnpm\better-sqlite3@12.9.0\node_modules\better-sqlite3\lib\methods\transaction.js:65:24)
              at SimulationEngine.syncToDB (E:\LifeSim Mayor Mode\artifacts\api-server\src\lib\simulation-engine.ts:4183:6)
              at async SimulationEngine.tick (E:\LifeSim Mayor Mode\artifacts\api-server\src\lib\simulation-engine.ts:3150:7)
      "code": "SQLITE_CONSTRAINT_FOREIGNKEY"
    }
[09:06:35.821] [31mERROR[39m (44980): [36mTick error[39m
    err: {
      "type": "SqliteError",
      "message": "FOREIGN KEY constraint failed",
      "stack":
          SqliteError: FOREIGN KEY constraint failed
              at <anonymous> (E:\LifeSim Mayor Mode\artifacts\api-server\src\lib\simulation-engine.ts:4177:24)
              at sqliteTransaction (E:\LifeSim Mayor Mode\node_modules\.pnpm\better-sqlite3@12.9.0\node_modules\better-sqlite3\lib\methods\transaction.js:65:24)
              at SimulationEngine.syncToDB (E:\LifeSim Mayor Mode\artifacts\api-server\src\lib\simulation-engine.ts:4183:6)
              at async SimulationEngine.tick (E:\LifeSim Mayor Mode\artifacts\api-server\src\lib\simulation-engine.ts:3150:7)
      "code": "SQLITE_CONSTRAINT_FOREIGNKEY"
    }
[09:06:46.050] [31mERROR[39m (44980): [36mTick error[39m
    err: {
      "type": "SqliteError",
      "message": "FOREIGN KEY constraint failed",
      "stack":
          SqliteError: FOREIGN KEY constraint failed
              at <anonymous> (E:\LifeSim Mayor Mode\artifacts\api-server\src\lib\simulation-engine.ts:4177:24)
              at sqliteTransaction (E:\LifeSim Mayor Mode\node_modules\.pnpm\better-sqlite3@12.9.0\node_modules\better-sqlite3\lib\methods\transaction.js:65:24)
              at SimulationEngine.syncToDB (E:\LifeSim Mayor Mode\artifacts\api-server\src\lib\simulation-engine.ts:4183:6)
              at async SimulationEngine.tick (E:\LifeSim Mayor Mode\artifacts\api-server\src\lib\simulation-engine.ts:3150:7)
      "code": "SQLITE_CONSTRAINT_FOREIGNKEY"
    }
[09:06:56.167] [32mINFO[39m (44980): [36mBusiness going bankrupt — closing[39m
    [35mbizId[39m: 23
    [35mbizName[39m: "Столовая №13"
    [35mbalance[39m: -690
    [35mticksUnprofitable[39m: 59
[09:06:56.295] [31mERROR[39m (44980): [36mTick error[39m
    err: {
      "type": "SqliteError",
      "message": "FOREIGN KEY constraint failed",
      "stack":
          SqliteError: FOREIGN KEY constraint failed
              at <anonymous> (E:\LifeSim Mayor Mode\artifacts\api-server\src\lib\simulation-engine.ts:4177:24)
              at sqliteTransaction (E:\LifeSim Mayor Mode\node_modules\.pnpm\better-sqlite3@12.9.0\node_modules\better-sqlite3\lib\methods\transaction.js:65:24)
              at SimulationEngine.syncToDB (E:\LifeSim Mayor Mode\artifacts\api-server\src\lib\simulation-engine.ts:4183:6)
              at async SimulationEngine.tick (E:\LifeSim Mayor Mode\artifacts\api-server\src\lib\simulation-engine.ts:3150:7)
      "code": "SQLITE_CONSTRAINT_FOREIGNKEY"
    }
[09:07:06.514] [31mERROR[39m (44980): [36mTick error[39m
    err: {
      "type": "SqliteError",
      "message": "FOREIGN KEY constraint failed",
      "stack":
          SqliteError: FOREIGN KEY constraint failed
              at <anonymous> (E:\LifeSim Mayor Mode\artifacts\api-server\src\lib\simulation-engine.ts:4177:24)
              at sqliteTransaction (E:\LifeSim Mayor Mode\node_modules\.pnpm\better-sqlite3@12.9.0\node_modules\better-sqlite3\lib\methods\transaction.js:65:24)
              at SimulationEngine.syncToDB (E:\LifeSim Mayor Mode\artifacts\api-server\src\lib\simulation-engine.ts:4183:6)
              at async SimulationEngine.tick (E:\LifeSim Mayor Mode\artifacts\api-server\src\lib\simulation-engine.ts:3150:7)
      "code": "SQLITE_CONSTRAINT_FOREIGNKEY"
    }
[09:07:16.772] [31mERROR[39m (44980): [36mTick error[39m
    err: {
      "type": "SqliteError",
      "message": "FOREIGN KEY constraint failed",
      "stack":
          SqliteError: FOREIGN KEY constraint failed
              at <anonymous> (E:\LifeSim Mayor Mode\artifacts\api-server\src\lib\simulation-engine.ts:4177:24)
              at sqliteTransaction (E:\LifeSim Mayor Mode\node_modules\.pnpm\better-sqlite3@12.9.0\node_modules\better-sqlite3\lib\methods\transaction.js:65:24)
              at SimulationEngine.syncToDB (E:\LifeSim Mayor Mode\artifacts\api-server\src\lib\simulation-engine.ts:4183:6)
              at async SimulationEngine.tick (E:\LifeSim Mayor Mode\artifacts\api-server\src\lib\simulation-engine.ts:3150:7)
      "code": "SQLITE_CONSTRAINT_FOREIGNKEY"
    }
[09:07:27.005] [31mERROR[39m (44980): [36mTick error[39m
    err: {
      "type": "SqliteError",
      "message": "FOREIGN KEY constraint failed",
      "stack":
          SqliteError: FOREIGN KEY constraint failed
              at <anonymous> (E:\LifeSim Mayor Mode\artifacts\api-server\src\lib\simulation-engine.ts:4177:24)
              at sqliteTransaction (E:\LifeSim Mayor Mode\node_modules\.pnpm\better-sqlite3@12.9.0\node_modules\better-sqlite3\lib\methods\transaction.js:65:24)
              at SimulationEngine.syncToDB (E:\LifeSim Mayor Mode\artifacts\api-server\src\lib\simulation-engine.ts:4183:6)
              at async SimulationEngine.tick (E:\LifeSim Mayor Mode\artifacts\api-server\src\lib\simulation-engine.ts:3150:7)
      "code": "SQLITE_CONSTRAINT_FOREIGNKEY"
    }
[09:07:37.235] [31mERROR[39m (44980): [36mTick error[39m
    err: {
      "type": "SqliteError",
      "message": "FOREIGN KEY constraint failed",
      "stack":
          SqliteError: FOREIGN KEY constraint failed
              at <anonymous> (E:\LifeSim Mayor Mode\artifacts\api-server\src\lib\simulation-engine.ts:4177:24)
              at sqliteTransaction (E:\LifeSim Mayor Mode\node_modules\.pnpm\better-sqlite3@12.9.0\node_modules\better-sqlite3\lib\methods\transaction.js:65:24)
              at SimulationEngine.syncToDB (E:\LifeSim Mayor Mode\artifacts\api-server\src\lib\simulation-engine.ts:4183:6)
              at async SimulationEngine.tick (E:\LifeSim Mayor Mode\artifacts\api-server\src\lib\simulation-engine.ts:3150:7)
      "code": "SQLITE_CONSTRAINT_FOREIGNKEY"
    }
[09:07:47.335] [32mINFO[39m (44980): [36mBusiness going bankrupt — closing[39m
    [35mbizId[39m: 95
    [35mbizName[39m: "Парикмахерская  №27"
    [35mbalance[39m: -560
    [35mticksUnprofitable[39m: 40
[09:07:47.336] [32mINFO[39m (44980): [36mBusiness going bankrupt — closing[39m
    [35mbizId[39m: 163
    [35mbizName[39m: "Кафе     №60"
    [35mbalance[39m: -419
    [35mticksUnprofitable[39m: 40
[09:07:47.488] [31mERROR[39m (44980): [36mTick error[39m
    err: {
      "type": "SqliteError",
      "message": "FOREIGN KEY constraint failed",
      "stack":
          SqliteError: FOREIGN KEY constraint failed
              at <anonymous> (E:\LifeSim Mayor Mode\artifacts\api-server\src\lib\simulation-engine.ts:4177:24)
              at sqliteTransaction (E:\LifeSim Mayor Mode\node_modules\.pnpm\better-sqlite3@12.9.0\node_modules\better-sqlite3\lib\methods\transaction.js:65:24)
              at SimulationEngine.syncToDB (E:\LifeSim Mayor Mode\artifacts\api-server\src\lib\simulation-engine.ts:4183:6)
              at async SimulationEngine.tick (E:\LifeSim Mayor Mode\artifacts\api-server\src\lib\simulation-engine.ts:3150:7)
      "code": "SQLITE_CONSTRAINT_FOREIGNKEY"
    }
[09:07:57.605] [32mINFO[39m (44980): [36mBusiness going bankrupt — closing[39m
    [35mbizId[39m: 143
    [35mbizName[39m: "Столовая     №58"
    [35mbalance[39m: -717
    [35mticksUnprofitable[39m: 41
[09:07:57.727] [31mERROR[39m (44980): [36mTick error[39m
    err: {
      "type": "SqliteError",
      "message": "FOREIGN KEY constraint failed",
      "stack":
          SqliteError: FOREIGN KEY constraint failed
              at <anonymous> (E:\LifeSim Mayor Mode\artifacts\api-server\src\lib\simulation-engine.ts:4177:24)
              at sqliteTransaction (E:\LifeSim Mayor Mode\node_modules\.pnpm\better-sqlite3@12.9.0\node_modules\better-sqlite3\lib\methods\transaction.js:65:24)
              at SimulationEngine.syncToDB (E:\LifeSim Mayor Mode\artifacts\api-server\src\lib\simulation-engine.ts:4183:6)
              at async SimulationEngine.tick (E:\LifeSim Mayor Mode\artifacts\api-server\src\lib\simulation-engine.ts:3150:7)
      "code": "SQLITE_CONSTRAINT_FOREIGNKEY"
    }
[09:08:18.300] [31mERROR[39m (44980): [36mTick error[39m
    err: {
      "type": "SqliteError",
      "message": "FOREIGN KEY constraint failed",
      "stack":
          SqliteError: FOREIGN KEY constraint failed
              at <anonymous> (E:\LifeSim Mayor Mode\artifacts\api-server\src\lib\simulation-engine.ts:4177:24)
              at sqliteTransaction (E:\LifeSim Mayor Mode\node_modules\.pnpm\better-sqlite3@12.9.0\node_modules\better-sqlite3\lib\methods\transaction.js:65:24)
              at SimulationEngine.syncToDB (E:\LifeSim Mayor Mode\artifacts\api-server\src\lib\simulation-engine.ts:4183:6)
              at async SimulationEngine.tick (E:\LifeSim Mayor Mode\artifacts\api-server\src\lib\simulation-engine.ts:3150:7)
      "code": "SQLITE_CONSTRAINT_FOREIGNKEY"
    }
[09:08:28.548] [31mERROR[39m (44980): [36mTick error[39m
    err: {
      "type": "SqliteError",
      "message": "FOREIGN KEY constraint failed",
      "stack":
          SqliteError: FOREIGN KEY constraint failed
              at <anonymous> (E:\LifeSim Mayor Mode\artifacts\api-server\src\lib\simulation-engine.ts:4177:24)
              at sqliteTransaction (E:\LifeSim Mayor Mode\node_modules\.pnpm\better-sqlite3@12.9.0\node_modules\better-sqlite3\lib\methods\transaction.js:65:24)
              at SimulationEngine.syncToDB (E:\LifeSim Mayor Mode\artifacts\api-server\src\lib\simulation-engine.ts:4183:6)
              at async SimulationEngine.tick (E:\LifeSim Mayor Mode\artifacts\api-server\src\lib\simulation-engine.ts:3150:7)
      "code": "SQLITE_CONSTRAINT_FOREIGNKEY"
    }
[09:08:59.381] [31mERROR[39m (44980): [36mTick error[39m
    err: {
      "type": "SqliteError",
      "message": "FOREIGN KEY constraint failed",
      "stack":
          SqliteError: FOREIGN KEY constraint failed
              at <anonymous> (E:\LifeSim Mayor Mode\artifacts\api-server\src\lib\simulation-engine.ts:4177:24)
              at sqliteTransaction (E:\LifeSim Mayor Mode\node_modules\.pnpm\better-sqlite3@12.9.0\node_modules\better-sqlite3\lib\methods\transaction.js:65:24)
              at SimulationEngine.syncToDB (E:\LifeSim Mayor Mode\artifacts\api-server\src\lib\simulation-engine.ts:4183:6)
              at async SimulationEngine.tick (E:\LifeSim Mayor Mode\artifacts\api-server\src\lib\simulation-engine.ts:3150:7)
      "code": "SQLITE_CONSTRAINT_FOREIGNKEY"
    }
[09:09:09.513] [32mINFO[39m (44980): [36mBusiness going bankrupt — closing[39m
    [35mbizId[39m: 114
    [35mbizName[39m: "Столовая     №38"
    [35mbalance[39m: -324
    [35mticksUnprofitable[39m: 48
[09:09:09.634] [31mERROR[39m (44980): [36mTick error[39m
    err: {
      "type": "SqliteError",
      "message": "FOREIGN KEY constraint failed",
      "stack":
          SqliteError: FOREIGN KEY constraint failed
              at <anonymous> (E:\LifeSim Mayor Mode\artifacts\api-server\src\lib\simulation-engine.ts:4177:24)
              at sqliteTransaction (E:\LifeSim Mayor Mode\node_modules\.pnpm\better-sqlite3@12.9.0\node_modules\better-sqlite3\lib\methods\transaction.js:65:24)
              at SimulationEngine.syncToDB (E:\LifeSim Mayor Mode\artifacts\api-server\src\lib\simulation-engine.ts:4183:6)
              at async SimulationEngine.tick (E:\LifeSim Mayor Mode\artifacts\api-server\src\lib\simulation-engine.ts:3150:7)
      "code": "SQLITE_CONSTRAINT_FOREIGNKEY"
    }
[09:09:20.026] [32mINFO[39m (44980): [36mAgents died[39m
    [35mcount[39m: 5
    [35mpopulation[39m: 961
[09:09:20.029] [32mINFO[39m (44980): [36mNew agents born[39m
    [35mcount[39m: 9
    [35mpopulation[39m: 970
[09:09:20.041] [32mINFO[39m (44980): [36mAgents emigrated[39m
    [35mcount[39m: 16
    [35mpopulation[39m: 954
    [35mwellbeingScore[39m: 0.78
[09:09:20.044] [32mINFO[39m (44980): [36mAgents immigrated[39m
    [35mcount[39m: 11
    [35mpopulation[39m: 965
    [35mwellbeingScore[39m: 0.78
[09:09:20.044] [32mINFO[39m (44980): [36mWorld event triggered[39m
    [35mevent[39m: {
      "id": "economic_boom-20",
      "type": "economic_boom",
      "name": "Экономический подъём",
      "description": "Торговая активность резко выросла. Все предприятия ежедневно получают дополнительный доход.",
      "icon": "📈",
      "startDay": 20,
      "endDay": 23,
      "severity": "positive"
    }
    [35mday[39m: 20
[09:09:20.045] [32mINFO[39m (44980): [36mBusiness going bankrupt — closing[39m
    [35mbizId[39m: 24
    [35mbizName[39m: "Кафе №14"
    [35mbalance[39m: -310
    [35mticksUnprofitable[39m: 73
[09:09:20.046] [32mINFO[39m (44980): [36mOne-time government survival bailout issued[39m
    [35mbizId[39m: 58
    [35mbizName[39m: "Ателье №17"
    [35mbalanceAfter[39m: 619
    [35mbailoutAmount[39m: 800
[09:09:20.046] [32mINFO[39m (44980): [36mOne-time government survival bailout issued[39m
    [35mbizId[39m: 110
    [35mbizName[39m: "Ателье  №32"
    [35mbalanceAfter[39m: 558
    [35mbailoutAmount[39m: 800
[09:09:20.046] [32mINFO[39m (44980): [36mOne-time government survival bailout issued[39m
    [35mbizId[39m: 125
    [35mbizName[39m: "Закусочная     №43"
    [35mbalanceAfter[39m: 580
    [35mbailoutAmount[39m: 800
[09:09:20.046] [32mINFO[39m (44980): [36mOne-time government survival bailout issued[39m
    [35mbizId[39m: 127
    [35mbizName[39m: "Продуктовый     №39"
    [35mbalanceAfter[39m: 630
    [35mbailoutAmount[39m: 800
[09:09:20.046] [32mINFO[39m (44980): [36mOne-time government survival bailout issued[39m
    [35mbizId[39m: 131
    [35mbizName[39m: "Кафе     №44"
    [35mbalanceAfter[39m: 575
    [35mbailoutAmount[39m: 800
[09:09:20.047] [32mINFO[39m (44980): [36mSelf-funded business opened[39m
    [35magentId[39m: 1565
    [35mbizName[39m: "Парикмахерская  №38"
    [35mbizType[39m: "service"
    [35mlaunchCost[39m: 1500
    [35msuccessScore[39m: 36
    [35magentMoney[39m: 7384
[09:09:20.048] [32mINFO[39m (44980): [36mSelf-funded business opened[39m
    [35magentId[39m: 1606
    [35mbizName[39m: "Химчистка  №39"
    [35mbizType[39m: "service"
    [35mlaunchCost[39m: 1500
    [35msuccessScore[39m: 36
    [35magentMoney[39m: 6619
[09:09:20.048] [32mINFO[39m (44980): [36mGovernment grant approved (need-driven)[39m
    [35magentId[39m: 1992
    [35mbizName[39m: "Магазин  №40"
    [35mbizType[39m: "service"
    [35mlaunchCost[39m: 1500
    [35msuccessScore[39m: 36
    [35mneedScore[39m: 76
    [35mmarketRatio[39m: 0.27
    [35mgovBudgetAfter[39m: 155702
[09:09:20.049] [32mINFO[39m (44980): [36mGovernment grant approved (need-driven)[39m
    [35magentId[39m: 2415
    [35mbizName[39m: "Продуктовый     №59"
    [35mbizType[39m: "food"
    [35mlaunchCost[39m: 2000
    [35msuccessScore[39m: 34
    [35mneedScore[39m: 50
    [35mmarketRatio[39m: 0.72
    [35mgovBudgetAfter[39m: 153702
[09:09:20.049] [32mINFO[39m (44980): [36mGovernment grant approved (need-driven)[39m
    [35magentId[39m: 2425
    [35mbizName[39m: "Парикмахерская  №41"
    [35mbizType[39m: "service"
    [35mlaunchCost[39m: 1500
    [35msuccessScore[39m: 33
    [35mneedScore[39m: 76
    [35mmarketRatio[39m: 0.15
    [35mgovBudgetAfter[39m: 152202
[09:09:20.173] [31mERROR[39m (44980): [36mTick error[39m
    err: {
      "type": "SqliteError",
      "message": "FOREIGN KEY constraint failed",
      "stack":
          SqliteError: FOREIGN KEY constraint failed
              at <anonymous> (E:\LifeSim Mayor Mode\artifacts\api-server\src\lib\simulation-engine.ts:4177:24)
              at sqliteTransaction (E:\LifeSim Mayor Mode\node_modules\.pnpm\better-sqlite3@12.9.0\node_modules\better-sqlite3\lib\methods\transaction.js:65:24)
              at SimulationEngine.syncToDB (E:\LifeSim Mayor Mode\artifacts\api-server\src\lib\simulation-engine.ts:4183:6)
              at async SimulationEngine.tick (E:\LifeSim Mayor Mode\artifacts\api-server\src\lib\simulation-engine.ts:3150:7)
      "code": "SQLITE_CONSTRAINT_FOREIGNKEY"
    }
[09:09:30.487] [31mERROR[39m (44980): [36mTick error[39m
    err: {
      "type": "SqliteError",
      "message": "FOREIGN KEY constraint failed",
      "stack":
          SqliteError: FOREIGN KEY constraint failed
              at <anonymous> (E:\LifeSim Mayor Mode\artifacts\api-server\src\lib\simulation-engine.ts:4177:24)
              at sqliteTransaction (E:\LifeSim Mayor Mode\node_modules\.pnpm\better-sqlite3@12.9.0\node_modules\better-sqlite3\lib\methods\transaction.js:65:24)
              at SimulationEngine.syncToDB (E:\LifeSim Mayor Mode\artifacts\api-server\src\lib\simulation-engine.ts:4183:6)
              at async SimulationEngine.tick (E:\LifeSim Mayor Mode\artifacts\api-server\src\lib\simulation-engine.ts:3150:7)
      "code": "SQLITE_CONSTRAINT_FOREIGNKEY"
    }
[09:09:41.239] [31mERROR[39m (44980): [36mTick error[39m
    err: {
      "type": "SqliteError",
      "message": "FOREIGN KEY constraint failed",
      "stack":
          SqliteError: FOREIGN KEY constraint failed
              at <anonymous> (E:\LifeSim Mayor Mode\artifacts\api-server\src\lib\simulation-engine.ts:4177:24)
              at sqliteTransaction (E:\LifeSim Mayor Mode\node_modules\.pnpm\better-sqlite3@12.9.0\node_modules\better-sqlite3\lib\methods\transaction.js:65:24)
              at SimulationEngine.syncToDB (E:\LifeSim Mayor Mode\artifacts\api-server\src\lib\simulation-engine.ts:4183:6)
              at async SimulationEngine.tick (E:\LifeSim Mayor Mode\artifacts\api-server\src\lib\simulation-engine.ts:3150:7)
      "code": "SQLITE_CONSTRAINT_FOREIGNKEY"
    }
[09:09:51.498] [31mERROR[39m (44980): [36mTick error[39m
    err: {
      "type": "SqliteError",
      "message": "FOREIGN KEY constraint failed",
      "stack":
          SqliteError: FOREIGN KEY constraint failed
              at <anonymous> (E:\LifeSim Mayor Mode\artifacts\api-server\src\lib\simulation-engine.ts:4177:24)
              at sqliteTransaction (E:\LifeSim Mayor Mode\node_modules\.pnpm\better-sqlite3@12.9.0\node_modules\better-sqlite3\lib\methods\transaction.js:65:24)
              at SimulationEngine.syncToDB (E:\LifeSim Mayor Mode\artifacts\api-server\src\lib\simulation-engine.ts:4183:6)
              at async SimulationEngine.tick (E:\LifeSim Mayor Mode\artifacts\api-server\src\lib\simulation-engine.ts:3150:7)
      "code": "SQLITE_CONSTRAINT_FOREIGNKEY"
    }
[09:10:01.709] [31mERROR[39m (44980): [36mTick error[39m
    err: {
      "type": "SqliteError",
      "message": "FOREIGN KEY constraint failed",
      "stack":
          SqliteError: FOREIGN KEY constraint failed
              at <anonymous> (E:\LifeSim Mayor Mode\artifacts\api-server\src\lib\simulation-engine.ts:4177:24)
              at sqliteTransaction (E:\LifeSim Mayor Mode\node_modules\.pnpm\better-sqlite3@12.9.0\node_modules\better-sqlite3\lib\methods\transaction.js:65:24)
              at SimulationEngine.syncToDB (E:\LifeSim Mayor Mode\artifacts\api-server\src\lib\simulation-engine.ts:4183:6)
              at async SimulationEngine.tick (E:\LifeSim Mayor Mode\artifacts\api-server\src\lib\simulation-engine.ts:3150:7)
      "code": "SQLITE_CONSTRAINT_FOREIGNKEY"
    }
[09:10:11.892] [31mERROR[39m (44980): [36mTick error[39m
    err: {
      "type": "SqliteError",
      "message": "FOREIGN KEY constraint failed",
      "stack":
          SqliteError: FOREIGN KEY constraint failed
              at <anonymous> (E:\LifeSim Mayor Mode\artifacts\api-server\src\lib\simulation-engine.ts:4177:24)
              at sqliteTransaction (E:\LifeSim Mayor Mode\node_modules\.pnpm\better-sqlite3@12.9.0\node_modules\better-sqlite3\lib\methods\transaction.js:65:24)
              at SimulationEngine.syncToDB (E:\LifeSim Mayor Mode\artifacts\api-server\src\lib\simulation-engine.ts:4183:6)
              at async SimulationEngine.tick (E:\LifeSim Mayor Mode\artifacts\api-server\src\lib\simulation-engine.ts:3150:7)
      "code": "SQLITE_CONSTRAINT_FOREIGNKEY"
    }
[09:10:22.092] [31mERROR[39m (44980): [36mTick error[39m
    err: {
      "type": "SqliteError",
      "message": "FOREIGN KEY constraint failed",
      "stack":
          SqliteError: FOREIGN KEY constraint failed
              at <anonymous> (E:\LifeSim Mayor Mode\artifacts\api-server\src\lib\simulation-engine.ts:4177:24)
              at sqliteTransaction (E:\LifeSim Mayor Mode\node_modules\.pnpm\better-sqlite3@12.9.0\node_modules\better-sqlite3\lib\methods\transaction.js:65:24)
              at SimulationEngine.syncToDB (E:\LifeSim Mayor Mode\artifacts\api-server\src\lib\simulation-engine.ts:4183:6)
              at async SimulationEngine.tick (E:\LifeSim Mayor Mode\artifacts\api-server\src\lib\simulation-engine.ts:3150:7)
      "code": "SQLITE_CONSTRAINT_FOREIGNKEY"
    }
[09:10:32.340] [31mERROR[39m (44980): [36mTick error[39m
    err: {
      "type": "SqliteError",
      "message": "FOREIGN KEY constraint failed",
      "stack":
          SqliteError: FOREIGN KEY constraint failed
              at <anonymous> (E:\LifeSim Mayor Mode\artifacts\api-server\src\lib\simulation-engine.ts:4177:24)
              at sqliteTransaction (E:\LifeSim Mayor Mode\node_modules\.pnpm\better-sqlite3@12.9.0\node_modules\better-sqlite3\lib\methods\transaction.js:65:24)
              at SimulationEngine.syncToDB (E:\LifeSim Mayor Mode\artifacts\api-server\src\lib\simulation-engine.ts:4183:6)
              at async SimulationEngine.tick (E:\LifeSim Mayor Mode\artifacts\api-server\src\lib\simulation-engine.ts:3150:7)
      "code": "SQLITE_CONSTRAINT_FOREIGNKEY"
    }
[09:10:42.539] [31mERROR[39m (44980): [36mTick error[39m
    err: {
      "type": "SqliteError",
      "message": "FOREIGN KEY constraint failed",
      "stack":
          SqliteError: FOREIGN KEY constraint failed
              at <anonymous> (E:\LifeSim Mayor Mode\artifacts\api-server\src\lib\simulation-engine.ts:4177:24)
              at sqliteTransaction (E:\LifeSim Mayor Mode\node_modules\.pnpm\better-sqlite3@12.9.0\node_modules\better-sqlite3\lib\methods\transaction.js:65:24)
              at SimulationEngine.syncToDB (E:\LifeSim Mayor Mode\artifacts\api-server\src\lib\simulation-engine.ts:4183:6)
              at async SimulationEngine.tick (E:\LifeSim Mayor Mode\artifacts\api-server\src\lib\simulation-engine.ts:3150:7)
      "code": "SQLITE_CONSTRAINT_FOREIGNKEY"
    }
[09:10:52.858] [31mERROR[39m (44980): [36mTick error[39m
    err: {
      "type": "SqliteError",
      "message": "FOREIGN KEY constraint failed",
      "stack":
          SqliteError: FOREIGN KEY constraint failed
              at <anonymous> (E:\LifeSim Mayor Mode\artifacts\api-server\src\lib\simulation-engine.ts:4177:24)
              at sqliteTransaction (E:\LifeSim Mayor Mode\node_modules\.pnpm\better-sqlite3@12.9.0\node_modules\better-sqlite3\lib\methods\transaction.js:65:24)
              at SimulationEngine.syncToDB (E:\LifeSim Mayor Mode\artifacts\api-server\src\lib\simulation-engine.ts:4183:6)
              at async SimulationEngine.tick (E:\LifeSim Mayor Mode\artifacts\api-server\src\lib\simulation-engine.ts:3150:7)
      "code": "SQLITE_CONSTRAINT_FOREIGNKEY"
    }
[09:11:03.105] [31mERROR[39m (44980): [36mTick error[39m
    err: {
      "type": "SqliteError",
      "message": "FOREIGN KEY constraint failed",
      "stack":
          SqliteError: FOREIGN KEY constraint failed
              at <anonymous> (E:\LifeSim Mayor Mode\artifacts\api-server\src\lib\simulation-engine.ts:4177:24)
              at sqliteTransaction (E:\LifeSim Mayor Mode\node_modules\.pnpm\better-sqlite3@12.9.0\node_modules\better-sqlite3\lib\methods\transaction.js:65:24)
              at SimulationEngine.syncToDB (E:\LifeSim Mayor Mode\artifacts\api-server\src\lib\simulation-engine.ts:4183:6)
              at async SimulationEngine.tick (E:\LifeSim Mayor Mode\artifacts\api-server\src\lib\simulation-engine.ts:3150:7)
      "code": "SQLITE_CONSTRAINT_FOREIGNKEY"
    }
[09:11:13.423] [31mERROR[39m (44980): [36mTick error[39m
    err: {
      "type": "SqliteError",
      "message": "FOREIGN KEY constraint failed",
      "stack":
          SqliteError: FOREIGN KEY constraint failed
              at <anonymous> (E:\LifeSim Mayor Mode\artifacts\api-server\src\lib\simulation-engine.ts:4177:24)
              at sqliteTransaction (E:\LifeSim Mayor Mode\node_modules\.pnpm\better-sqlite3@12.9.0\node_modules\better-sqlite3\lib\methods\transaction.js:65:24)
              at SimulationEngine.syncToDB (E:\LifeSim Mayor Mode\artifacts\api-server\src\lib\simulation-engine.ts:4183:6)
              at async SimulationEngine.tick (E:\LifeSim Mayor Mode\artifacts\api-server\src\lib\simulation-engine.ts:3150:7)
      "code": "SQLITE_CONSTRAINT_FOREIGNKEY"
    }
[09:11:23.651] [31mERROR[39m (44980): [36mTick error[39m
    err: {
      "type": "SqliteError",
      "message": "FOREIGN KEY constraint failed",
      "stack":
          SqliteError: FOREIGN KEY constraint failed
              at <anonymous> (E:\LifeSim Mayor Mode\artifacts\api-server\src\lib\simulation-engine.ts:4177:24)
              at sqliteTransaction (E:\LifeSim Mayor Mode\node_modules\.pnpm\better-sqlite3@12.9.0\node_modules\better-sqlite3\lib\methods\transaction.js:65:24)
              at SimulationEngine.syncToDB (E:\LifeSim Mayor Mode\artifacts\api-server\src\lib\simulation-engine.ts:4183:6)
              at async SimulationEngine.tick (E:\LifeSim Mayor Mode\artifacts\api-server\src\lib\simulation-engine.ts:3150:7)
      "code": "SQLITE_CONSTRAINT_FOREIGNKEY"
    }
[09:11:33.910] [31mERROR[39m (44980): [36mTick error[39m
    err: {
      "type": "SqliteError",
      "message": "FOREIGN KEY constraint failed",
      "stack":
          SqliteError: FOREIGN KEY constraint failed
              at <anonymous> (E:\LifeSim Mayor Mode\artifacts\api-server\src\lib\simulation-engine.ts:4177:24)
              at sqliteTransaction (E:\LifeSim Mayor Mode\node_modules\.pnpm\better-sqlite3@12.9.0\node_modules\better-sqlite3\lib\methods\transaction.js:65:24)
              at SimulationEngine.syncToDB (E:\LifeSim Mayor Mode\artifacts\api-server\src\lib\simulation-engine.ts:4183:6)
              at async SimulationEngine.tick (E:\LifeSim Mayor Mode\artifacts\api-server\src\lib\simulation-engine.ts:3150:7)
      "code": "SQLITE_CONSTRAINT_FOREIGNKEY"
    }
[09:11:44.256] [31mERROR[39m (44980): [36mTick error[39m
    err: {
      "type": "SqliteError",
      "message": "FOREIGN KEY constraint failed",
      "stack":
          SqliteError: FOREIGN KEY constraint failed
              at <anonymous> (E:\LifeSim Mayor Mode\artifacts\api-server\src\lib\simulation-engine.ts:4177:24)
              at sqliteTransaction (E:\LifeSim Mayor Mode\node_modules\.pnpm\better-sqlite3@12.9.0\node_modules\better-sqlite3\lib\methods\transaction.js:65:24)
              at SimulationEngine.syncToDB (E:\LifeSim Mayor Mode\artifacts\api-server\src\lib\simulation-engine.ts:4183:6)
              at async SimulationEngine.tick (E:\LifeSim Mayor Mode\artifacts\api-server\src\lib\simulation-engine.ts:3150:7)
      "code": "SQLITE_CONSTRAINT_FOREIGNKEY"
    }
[09:11:54.524] [31mERROR[39m (44980): [36mTick error[39m
    err: {
      "type": "SqliteError",
      "message": "FOREIGN KEY constraint failed",
      "stack":
          SqliteError: FOREIGN KEY constraint failed
              at <anonymous> (E:\LifeSim Mayor Mode\artifacts\api-server\src\lib\simulation-engine.ts:4177:24)
              at sqliteTransaction (E:\LifeSim Mayor Mode\node_modules\.pnpm\better-sqlite3@12.9.0\node_modules\better-sqlite3\lib\methods\transaction.js:65:24)
              at SimulationEngine.syncToDB (E:\LifeSim Mayor Mode\artifacts\api-server\src\lib\simulation-engine.ts:4183:6)
              at async SimulationEngine.tick (E:\LifeSim Mayor Mode\artifacts\api-server\src\lib\simulation-engine.ts:3150:7)
      "code": "SQLITE_CONSTRAINT_FOREIGNKEY"
    }
[09:12:04.793] [31mERROR[39m (44980): [36mTick error[39m
    err: {
      "type": "SqliteError",
      "message": "FOREIGN KEY constraint failed",
      "stack":
          SqliteError: FOREIGN KEY constraint failed
              at <anonymous> (E:\LifeSim Mayor Mode\artifacts\api-server\src\lib\simulation-engine.ts:4177:24)
              at sqliteTransaction (E:\LifeSim Mayor Mode\node_modules\.pnpm\better-sqlite3@12.9.0\node_modules\better-sqlite3\lib\methods\transaction.js:65:24)
              at SimulationEngine.syncToDB (E:\LifeSim Mayor Mode\artifacts\api-server\src\lib\simulation-engine.ts:4183:6)
              at async SimulationEngine.tick (E:\LifeSim Mayor Mode\artifacts\api-server\src\lib\simulation-engine.ts:3150:7)
      "code": "SQLITE_CONSTRAINT_FOREIGNKEY"
    }
[09:12:15.248] [31mERROR[39m (44980): [36mTick error[39m
    err: {
      "type": "SqliteError",
      "message": "FOREIGN KEY constraint failed",
      "stack":
          SqliteError: FOREIGN KEY constraint failed
              at <anonymous> (E:\LifeSim Mayor Mode\artifacts\api-server\src\lib\simulation-engine.ts:4177:24)
              at sqliteTransaction (E:\LifeSim Mayor Mode\node_modules\.pnpm\better-sqlite3@12.9.0\node_modules\better-sqlite3\lib\methods\transaction.js:65:24)
              at SimulationEngine.syncToDB (E:\LifeSim Mayor Mode\artifacts\api-server\src\lib\simulation-engine.ts:4183:6)
              at async SimulationEngine.tick (E:\LifeSim Mayor Mode\artifacts\api-server\src\lib\simulation-engine.ts:3150:7)
      "code": "SQLITE_CONSTRAINT_FOREIGNKEY"
    }
[09:12:25.511] [31mERROR[39m (44980): [36mTick error[39m
    err: {
      "type": "SqliteError",
      "message": "FOREIGN KEY constraint failed",
      "stack":
          SqliteError: FOREIGN KEY constraint failed
              at <anonymous> (E:\LifeSim Mayor Mode\artifacts\api-server\src\lib\simulation-engine.ts:4177:24)
              at sqliteTransaction (E:\LifeSim Mayor Mode\node_modules\.pnpm\better-sqlite3@12.9.0\node_modules\better-sqlite3\lib\methods\transaction.js:65:24)
              at SimulationEngine.syncToDB (E:\LifeSim Mayor Mode\artifacts\api-server\src\lib\simulation-engine.ts:4183:6)
              at async SimulationEngine.tick (E:\LifeSim Mayor Mode\artifacts\api-server\src\lib\simulation-engine.ts:3150:7)
      "code": "SQLITE_CONSTRAINT_FOREIGNKEY"
    }
[09:12:35.761] [31mERROR[39m (44980): [36mTick error[39m
    err: {
      "type": "SqliteError",
      "message": "FOREIGN KEY constraint failed",
      "stack":
          SqliteError: FOREIGN KEY constraint failed
              at <anonymous> (E:\LifeSim Mayor Mode\artifacts\api-server\src\lib\simulation-engine.ts:4177:24)
              at sqliteTransaction (E:\LifeSim Mayor Mode\node_modules\.pnpm\better-sqlite3@12.9.0\node_modules\better-sqlite3\lib\methods\transaction.js:65:24)
              at SimulationEngine.syncToDB (E:\LifeSim Mayor Mode\artifacts\api-server\src\lib\simulation-engine.ts:4183:6)
              at async SimulationEngine.tick (E:\LifeSim Mayor Mode\artifacts\api-server\src\lib\simulation-engine.ts:3150:7)
      "code": "SQLITE_CONSTRAINT_FOREIGNKEY"
    }
[09:12:46.025] [31mERROR[39m (44980): [36mTick error[39m
    err: {
      "type": "SqliteError",
      "message": "FOREIGN KEY constraint failed",
      "stack":
          SqliteError: FOREIGN KEY constraint failed
              at <anonymous> (E:\LifeSim Mayor Mode\artifacts\api-server\src\lib\simulation-engine.ts:4177:24)
              at sqliteTransaction (E:\LifeSim Mayor Mode\node_modules\.pnpm\better-sqlite3@12.9.0\node_modules\better-sqlite3\lib\methods\transaction.js:65:24)
              at SimulationEngine.syncToDB (E:\LifeSim Mayor Mode\artifacts\api-server\src\lib\simulation-engine.ts:4183:6)
              at async SimulationEngine.tick (E:\LifeSim Mayor Mode\artifacts\api-server\src\lib\simulation-engine.ts:3150:7)
      "code": "SQLITE_CONSTRAINT_FOREIGNKEY"
    }
[09:12:56.279] [31mERROR[39m (44980): [36mTick error[39m
    err: {
      "type": "SqliteError",
      "message": "FOREIGN KEY constraint failed",
      "stack":
          SqliteError: FOREIGN KEY constraint failed
              at <anonymous> (E:\LifeSim Mayor Mode\artifacts\api-server\src\lib\simulation-engine.ts:4177:24)
              at sqliteTransaction (E:\LifeSim Mayor Mode\node_modules\.pnpm\better-sqlite3@12.9.0\node_modules\better-sqlite3\lib\methods\transaction.js:65:24)
              at SimulationEngine.syncToDB (E:\LifeSim Mayor Mode\artifacts\api-server\src\lib\simulation-engine.ts:4183:6)
              at async SimulationEngine.tick (E:\LifeSim Mayor Mode\artifacts\api-server\src\lib\simulation-engine.ts:3150:7)
      "code": "SQLITE_CONSTRAINT_FOREIGNKEY"
    }
[09:13:06.587] [31mERROR[39m (44980): [36mTick error[39m
    err: {
      "type": "SqliteError",
      "message": "FOREIGN KEY constraint failed",
      "stack":
          SqliteError: FOREIGN KEY constraint failed
              at <anonymous> (E:\LifeSim Mayor Mode\artifacts\api-server\src\lib\simulation-engine.ts:4177:24)
              at sqliteTransaction (E:\LifeSim Mayor Mode\node_modules\.pnpm\better-sqlite3@12.9.0\node_modules\better-sqlite3\lib\methods\transaction.js:65:24)
              at SimulationEngine.syncToDB (E:\LifeSim Mayor Mode\artifacts\api-server\src\lib\simulation-engine.ts:4183:6)
              at async SimulationEngine.tick (E:\LifeSim Mayor Mode\artifacts\api-server\src\lib\simulation-engine.ts:3150:7)
      "code": "SQLITE_CONSTRAINT_FOREIGNKEY"
    }
[09:13:16.883] [31mERROR[39m (44980): [36mTick error[39m
    err: {
      "type": "SqliteError",
      "message": "FOREIGN KEY constraint failed",
      "stack":
          SqliteError: FOREIGN KEY constraint failed
              at <anonymous> (E:\LifeSim Mayor Mode\artifacts\api-server\src\lib\simulation-engine.ts:4177:24)
              at sqliteTransaction (E:\LifeSim Mayor Mode\node_modules\.pnpm\better-sqlite3@12.9.0\node_modules\better-sqlite3\lib\methods\transaction.js:65:24)
              at SimulationEngine.syncToDB (E:\LifeSim Mayor Mode\artifacts\api-server\src\lib\simulation-engine.ts:4183:6)
              at async SimulationEngine.tick (E:\LifeSim Mayor Mode\artifacts\api-server\src\lib\simulation-engine.ts:3150:7)
      "code": "SQLITE_CONSTRAINT_FOREIGNKEY"
    }
[09:13:26.990] [32mINFO[39m (44980): [36mAgents died[39m
    [35mcount[39m: 4
    [35mpopulation[39m: 961
[09:13:26.992] [32mINFO[39m (44980): [36mNew agents born[39m
    [35mcount[39m: 9
    [35mpopulation[39m: 970
[09:13:27.006] [32mINFO[39m (44980): [36mAgents emigrated[39m
    [35mcount[39m: 23
    [35mpopulation[39m: 947
    [35mwellbeingScore[39m: 0.78
[09:13:27.008] [32mINFO[39m (44980): [36mAgents immigrated[39m
    [35mcount[39m: 11
    [35mpopulation[39m: 958
    [35mwellbeingScore[39m: 0.78
[09:13:27.009] [32mINFO[39m (44980): [36mBusiness going bankrupt — closing[39m
    [35mbizId[39m: 40
    [35mbizName[39m: "Ресторан №30"
    [35mbalance[39m: -348
    [35mticksUnprofitable[39m: 121
[09:13:27.010] [32mINFO[39m (44980): [36mOne-time government survival bailout issued[39m
    [35mbizId[39m: 52
    [35mbizName[39m: "Ателье №11"
    [35mbalanceAfter[39m: 423
    [35mbailoutAmount[39m: 800
[09:13:27.010] [32mINFO[39m (44980): [36mOne-time government survival bailout issued[39m
    [35mbizId[39m: 102
    [35mbizName[39m: "Закусочная     №35"
    [35mbalanceAfter[39m: 614
    [35mbailoutAmount[39m: 800
[09:13:27.010] [32mINFO[39m (44980): [36mOne-time government survival bailout issued[39m
    [35mbizId[39m: 107
    [35mbizName[39m: "Закусочная     №34"
    [35mbalanceAfter[39m: 637
    [35mbailoutAmount[39m: 800
[09:13:27.010] [32mINFO[39m (44980): [36mOne-time government survival bailout issued[39m
    [35mbizId[39m: 112
    [35mbizName[39m: "Сервисный центр  №33"
    [35mbalanceAfter[39m: 619
    [35mbailoutAmount[39m: 800
[09:13:27.010] [32mINFO[39m (44980): [36mOne-time government survival bailout issued[39m
    [35mbizId[39m: 264
    [35mbizName[39m: "Продуктовый     №64"
    [35mbalanceAfter[39m: 367
    [35mbailoutAmount[39m: 800
[09:13:27.011] [32mINFO[39m (44980): [36mSelf-funded business opened[39m
    [35magentId[39m: 1637
    [35mbizName[39m: "Химчистка  №42"
    [35mbizType[39m: "service"
    [35mlaunchCost[39m: 1500
    [35msuccessScore[39m: 36
    [35magentMoney[39m: 7146
[09:13:27.012] [32mINFO[39m (44980): [36mGovernment grant approved (need-driven)[39m
    [35magentId[39m: 1216
    [35mbizName[39m: "Химчистка  №43"
    [35mbizType[39m: "service"
    [35mlaunchCost[39m: 1500
    [35msuccessScore[39m: 36
    [35mneedScore[39m: 75
    [35mmarketRatio[39m: 0.32
    [35mgovBudgetAfter[39m: 149865
[09:13:27.013] [32mINFO[39m (44980): [36mGovernment grant approved (need-driven)[39m
    [35magentId[39m: 2542
    [35mbizName[39m: "Аптека  №44"
    [35mbizType[39m: "service"
    [35mlaunchCost[39m: 1500
    [35msuccessScore[39m: 35
    [35mneedScore[39m: 75
    [35mmarketRatio[39m: 0.26
    [35mgovBudgetAfter[39m: 148365
[09:13:27.013] [32mINFO[39m (44980): [36mGovernment grant approved (need-driven)[39m
    [35magentId[39m: 2538
    [35mbizName[39m: "Столовая     №59"
    [35mbizType[39m: "food"
    [35mlaunchCost[39m: 2000
    [35msuccessScore[39m: 34
    [35mneedScore[39m: 52
    [35mmarketRatio[39m: 0.67
    [35mgovBudgetAfter[39m: 146365
[09:13:27.149] [31mERROR[39m (44980): [36mTick error[39m
    err: {
      "type": "SqliteError",
      "message": "FOREIGN KEY constraint failed",
      "stack":
          SqliteError: FOREIGN KEY constraint failed
              at <anonymous> (E:\LifeSim Mayor Mode\artifacts\api-server\src\lib\simulation-engine.ts:4177:24)
              at sqliteTransaction (E:\LifeSim Mayor Mode\node_modules\.pnpm\better-sqlite3@12.9.0\node_modules\better-sqlite3\lib\methods\transaction.js:65:24)
              at SimulationEngine.syncToDB (E:\LifeSim Mayor Mode\artifacts\api-server\src\lib\simulation-engine.ts:4183:6)
              at async SimulationEngine.tick (E:\LifeSim Mayor Mode\artifacts\api-server\src\lib\simulation-engine.ts:3150:7)
      "code": "SQLITE_CONSTRAINT_FOREIGNKEY"
    }
[09:13:37.420] [31mERROR[39m (44980): [36mTick error[39m
    err: {
      "type": "SqliteError",
      "message": "FOREIGN KEY constraint failed",
      "stack":
          SqliteError: FOREIGN KEY constraint failed
              at <anonymous> (E:\LifeSim Mayor Mode\artifacts\api-server\src\lib\simulation-engine.ts:4177:24)
              at sqliteTransaction (E:\LifeSim Mayor Mode\node_modules\.pnpm\better-sqlite3@12.9.0\node_modules\better-sqlite3\lib\methods\transaction.js:65:24)
              at SimulationEngine.syncToDB (E:\LifeSim Mayor Mode\artifacts\api-server\src\lib\simulation-engine.ts:4183:6)
              at async SimulationEngine.tick (E:\LifeSim Mayor Mode\artifacts\api-server\src\lib\simulation-engine.ts:3150:7)
      "code": "SQLITE_CONSTRAINT_FOREIGNKEY"
    }
[09:13:47.669] [31mERROR[39m (44980): [36mTick error[39m
    err: {
      "type": "SqliteError",
      "message": "FOREIGN KEY constraint failed",
      "stack":
          SqliteError: FOREIGN KEY constraint failed
              at <anonymous> (E:\LifeSim Mayor Mode\artifacts\api-server\src\lib\simulation-engine.ts:4177:24)
              at sqliteTransaction (E:\LifeSim Mayor Mode\node_modules\.pnpm\better-sqlite3@12.9.0\node_modules\better-sqlite3\lib\methods\transaction.js:65:24)
              at SimulationEngine.syncToDB (E:\LifeSim Mayor Mode\artifacts\api-server\src\lib\simulation-engine.ts:4183:6)
              at async SimulationEngine.tick (E:\LifeSim Mayor Mode\artifacts\api-server\src\lib\simulation-engine.ts:3150:7)
      "code": "SQLITE_CONSTRAINT_FOREIGNKEY"
    }
[09:13:57.938] [31mERROR[39m (44980): [36mTick error[39m
    err: {
      "type": "SqliteError",
      "message": "FOREIGN KEY constraint failed",
      "stack":
          SqliteError: FOREIGN KEY constraint failed
              at <anonymous> (E:\LifeSim Mayor Mode\artifacts\api-server\src\lib\simulation-engine.ts:4177:24)
              at sqliteTransaction (E:\LifeSim Mayor Mode\node_modules\.pnpm\better-sqlite3@12.9.0\node_modules\better-sqlite3\lib\methods\transaction.js:65:24)
              at SimulationEngine.syncToDB (E:\LifeSim Mayor Mode\artifacts\api-server\src\lib\simulation-engine.ts:4183:6)
              at async SimulationEngine.tick (E:\LifeSim Mayor Mode\artifacts\api-server\src\lib\simulation-engine.ts:3150:7)
      "code": "SQLITE_CONSTRAINT_FOREIGNKEY"
    }
[09:14:08.159] [31mERROR[39m (44980): [36mTick error[39m
    err: {
      "type": "SqliteError",
      "message": "FOREIGN KEY constraint failed",
      "stack":
          SqliteError: FOREIGN KEY constraint failed
              at <anonymous> (E:\LifeSim Mayor Mode\artifacts\api-server\src\lib\simulation-engine.ts:4177:24)
              at sqliteTransaction (E:\LifeSim Mayor Mode\node_modules\.pnpm\better-sqlite3@12.9.0\node_modules\better-sqlite3\lib\methods\transaction.js:65:24)
              at SimulationEngine.syncToDB (E:\LifeSim Mayor Mode\artifacts\api-server\src\lib\simulation-engine.ts:4183:6)
              at async SimulationEngine.tick (E:\LifeSim Mayor Mode\artifacts\api-server\src\lib\simulation-engine.ts:3150:7)
      "code": "SQLITE_CONSTRAINT_FOREIGNKEY"
    }
[09:14:18.359] [31mERROR[39m (44980): [36mTick error[39m
    err: {
      "type": "SqliteError",
      "message": "FOREIGN KEY constraint failed",
      "stack":
          SqliteError: FOREIGN KEY constraint failed
              at <anonymous> (E:\LifeSim Mayor Mode\artifacts\api-server\src\lib\simulation-engine.ts:4177:24)
              at sqliteTransaction (E:\LifeSim Mayor Mode\node_modules\.pnpm\better-sqlite3@12.9.0\node_modules\better-sqlite3\lib\methods\transaction.js:65:24)
              at SimulationEngine.syncToDB (E:\LifeSim Mayor Mode\artifacts\api-server\src\lib\simulation-engine.ts:4183:6)
              at async SimulationEngine.tick (E:\LifeSim Mayor Mode\artifacts\api-server\src\lib\simulation-engine.ts:3150:7)
      "code": "SQLITE_CONSTRAINT_FOREIGNKEY"
    }
[09:14:28.591] [31mERROR[39m (44980): [36mTick error[39m
    err: {
      "type": "SqliteError",
      "message": "FOREIGN KEY constraint failed",
      "stack":
          SqliteError: FOREIGN KEY constraint failed
              at <anonymous> (E:\LifeSim Mayor Mode\artifacts\api-server\src\lib\simulation-engine.ts:4177:24)
              at sqliteTransaction (E:\LifeSim Mayor Mode\node_modules\.pnpm\better-sqlite3@12.9.0\node_modules\better-sqlite3\lib\methods\transaction.js:65:24)
              at SimulationEngine.syncToDB (E:\LifeSim Mayor Mode\artifacts\api-server\src\lib\simulation-engine.ts:4183:6)
              at async SimulationEngine.tick (E:\LifeSim Mayor Mode\artifacts\api-server\src\lib\simulation-engine.ts:3150:7)
      "code": "SQLITE_CONSTRAINT_FOREIGNKEY"
    }
[09:14:38.797] [31mERROR[39m (44980): [36mTick error[39m
    err: {
      "type": "SqliteError",
      "message": "FOREIGN KEY constraint failed",
      "stack":
          SqliteError: FOREIGN KEY constraint failed
              at <anonymous> (E:\LifeSim Mayor Mode\artifacts\api-server\src\lib\simulation-engine.ts:4177:24)
              at sqliteTransaction (E:\LifeSim Mayor Mode\node_modules\.pnpm\better-sqlite3@12.9.0\node_modules\better-sqlite3\lib\methods\transaction.js:65:24)
              at SimulationEngine.syncToDB (E:\LifeSim Mayor Mode\artifacts\api-server\src\lib\simulation-engine.ts:4183:6)
              at async SimulationEngine.tick (E:\LifeSim Mayor Mode\artifacts\api-server\src\lib\simulation-engine.ts:3150:7)
      "code": "SQLITE_CONSTRAINT_FOREIGNKEY"
    }
[09:14:49.021] [31mERROR[39m (44980): [36mTick error[39m
    err: {
      "type": "SqliteError",
      "message": "FOREIGN KEY constraint failed",
      "stack":
          SqliteError: FOREIGN KEY constraint failed
              at <anonymous> (E:\LifeSim Mayor Mode\artifacts\api-server\src\lib\simulation-engine.ts:4177:24)
              at sqliteTransaction (E:\LifeSim Mayor Mode\node_modules\.pnpm\better-sqlite3@12.9.0\node_modules\better-sqlite3\lib\methods\transaction.js:65:24)
              at SimulationEngine.syncToDB (E:\LifeSim Mayor Mode\artifacts\api-server\src\lib\simulation-engine.ts:4183:6)
              at async SimulationEngine.tick (E:\LifeSim Mayor Mode\artifacts\api-server\src\lib\simulation-engine.ts:3150:7)
      "code": "SQLITE_CONSTRAINT_FOREIGNKEY"
    }
[09:14:59.234] [31mERROR[39m (44980): [36mTick error[39m
    err: {
      "type": "SqliteError",
      "message": "FOREIGN KEY constraint failed",
      "stack":
          SqliteError: FOREIGN KEY constraint failed
              at <anonymous> (E:\LifeSim Mayor Mode\artifacts\api-server\src\lib\simulation-engine.ts:4177:24)
              at sqliteTransaction (E:\LifeSim Mayor Mode\node_modules\.pnpm\better-sqlite3@12.9.0\node_modules\better-sqlite3\lib\methods\transaction.js:65:24)
              at SimulationEngine.syncToDB (E:\LifeSim Mayor Mode\artifacts\api-server\src\lib\simulation-engine.ts:4183:6)
              at async SimulationEngine.tick (E:\LifeSim Mayor Mode\artifacts\api-server\src\lib\simulation-engine.ts:3150:7)
      "code": "SQLITE_CONSTRAINT_FOREIGNKEY"
    }
[09:15:09.445] [31mERROR[39m (44980): [36mTick error[39m
    err: {
      "type": "SqliteError",
      "message": "FOREIGN KEY constraint failed",
      "stack":
          SqliteError: FOREIGN KEY constraint failed
              at <anonymous> (E:\LifeSim Mayor Mode\artifacts\api-server\src\lib\simulation-engine.ts:4177:24)
              at sqliteTransaction (E:\LifeSim Mayor Mode\node_modules\.pnpm\better-sqlite3@12.9.0\node_modules\better-sqlite3\lib\methods\transaction.js:65:24)
              at SimulationEngine.syncToDB (E:\LifeSim Mayor Mode\artifacts\api-server\src\lib\simulation-engine.ts:4183:6)
              at async SimulationEngine.tick (E:\LifeSim Mayor Mode\artifacts\api-server\src\lib\simulation-engine.ts:3150:7)
      "code": "SQLITE_CONSTRAINT_FOREIGNKEY"
    }
[09:15:19.685] [31mERROR[39m (44980): [36mTick error[39m
    err: {
      "type": "SqliteError",
      "message": "FOREIGN KEY constraint failed",
      "stack":
          SqliteError: FOREIGN KEY constraint failed
              at <anonymous> (E:\LifeSim Mayor Mode\artifacts\api-server\src\lib\simulation-engine.ts:4177:24)
              at sqliteTransaction (E:\LifeSim Mayor Mode\node_modules\.pnpm\better-sqlite3@12.9.0\node_modules\better-sqlite3\lib\methods\transaction.js:65:24)
              at SimulationEngine.syncToDB (E:\LifeSim Mayor Mode\artifacts\api-server\src\lib\simulation-engine.ts:4183:6)
              at async SimulationEngine.tick (E:\LifeSim Mayor Mode\artifacts\api-server\src\lib\simulation-engine.ts:3150:7)
      "code": "SQLITE_CONSTRAINT_FOREIGNKEY"
    }
[09:15:29.966] [31mERROR[39m (44980): [36mTick error[39m
    err: {
      "type": "SqliteError",
      "message": "FOREIGN KEY constraint failed",
      "stack":
          SqliteError: FOREIGN KEY constraint failed
              at <anonymous> (E:\LifeSim Mayor Mode\artifacts\api-server\src\lib\simulation-engine.ts:4177:24)
              at sqliteTransaction (E:\LifeSim Mayor Mode\node_modules\.pnpm\better-sqlite3@12.9.0\node_modules\better-sqlite3\lib\methods\transaction.js:65:24)
              at SimulationEngine.syncToDB (E:\LifeSim Mayor Mode\artifacts\api-server\src\lib\simulation-engine.ts:4183:6)
              at async SimulationEngine.tick (E:\LifeSim Mayor Mode\artifacts\api-server\src\lib\simulation-engine.ts:3150:7)
      "code": "SQLITE_CONSTRAINT_FOREIGNKEY"
    }
[09:16:00.748] [31mERROR[39m (44980): [36mTick error[39m
    err: {
      "type": "SqliteError",
      "message": "FOREIGN KEY constraint failed",
      "stack":
          SqliteError: FOREIGN KEY constraint failed
              at <anonymous> (E:\LifeSim Mayor Mode\artifacts\api-server\src\lib\simulation-engine.ts:4177:24)
              at sqliteTransaction (E:\LifeSim Mayor Mode\node_modules\.pnpm\better-sqlite3@12.9.0\node_modules\better-sqlite3\lib\methods\transaction.js:65:24)
              at SimulationEngine.syncToDB (E:\LifeSim Mayor Mode\artifacts\api-server\src\lib\simulation-engine.ts:4183:6)
              at async SimulationEngine.tick (E:\LifeSim Mayor Mode\artifacts\api-server\src\lib\simulation-engine.ts:3150:7)
      "code": "SQLITE_CONSTRAINT_FOREIGNKEY"
    }
[09:16:10.979] [31mERROR[39m (44980): [36mTick error[39m
    err: {
      "type": "SqliteError",
      "message": "FOREIGN KEY constraint failed",
      "stack":
          SqliteError: FOREIGN KEY constraint failed
              at <anonymous> (E:\LifeSim Mayor Mode\artifacts\api-server\src\lib\simulation-engine.ts:4177:24)
              at sqliteTransaction (E:\LifeSim Mayor Mode\node_modules\.pnpm\better-sqlite3@12.9.0\node_modules\better-sqlite3\lib\methods\transaction.js:65:24)
              at SimulationEngine.syncToDB (E:\LifeSim Mayor Mode\artifacts\api-server\src\lib\simulation-engine.ts:4183:6)
              at async SimulationEngine.tick (E:\LifeSim Mayor Mode\artifacts\api-server\src\lib\simulation-engine.ts:3150:7)
      "code": "SQLITE_CONSTRAINT_FOREIGNKEY"
    }
[09:16:21.218] [31mERROR[39m (44980): [36mTick error[39m
    err: {
      "type": "SqliteError",
      "message": "FOREIGN KEY constraint failed",
      "stack":
          SqliteError: FOREIGN KEY constraint failed
              at <anonymous> (E:\LifeSim Mayor Mode\artifacts\api-server\src\lib\simulation-engine.ts:4177:24)
              at sqliteTransaction (E:\LifeSim Mayor Mode\node_modules\.pnpm\better-sqlite3@12.9.0\node_modules\better-sqlite3\lib\methods\transaction.js:65:24)
              at SimulationEngine.syncToDB (E:\LifeSim Mayor Mode\artifacts\api-server\src\lib\simulation-engine.ts:4183:6)
              at async SimulationEngine.tick (E:\LifeSim Mayor Mode\artifacts\api-server\src\lib\simulation-engine.ts:3150:7)
      "code": "SQLITE_CONSTRAINT_FOREIGNKEY"
    }
[09:16:31.505] [31mERROR[39m (44980): [36mTick error[39m
    err: {
      "type": "SqliteError",
      "message": "FOREIGN KEY constraint failed",
      "stack":
          SqliteError: FOREIGN KEY constraint failed
              at <anonymous> (E:\LifeSim Mayor Mode\artifacts\api-server\src\lib\simulation-engine.ts:4177:24)
              at sqliteTransaction (E:\LifeSim Mayor Mode\node_modules\.pnpm\better-sqlite3@12.9.0\node_modules\better-sqlite3\lib\methods\transaction.js:65:24)
              at SimulationEngine.syncToDB (E:\LifeSim Mayor Mode\artifacts\api-server\src\lib\simulation-engine.ts:4183:6)
              at async SimulationEngine.tick (E:\LifeSim Mayor Mode\artifacts\api-server\src\lib\simulation-engine.ts:3150:7)
      "code": "SQLITE_CONSTRAINT_FOREIGNKEY"
    }
[09:16:41.750] [31mERROR[39m (44980): [36mTick error[39m
    err: {
      "type": "SqliteError",
      "message": "FOREIGN KEY constraint failed",
      "stack":
          SqliteError: FOREIGN KEY constraint failed
              at <anonymous> (E:\LifeSim Mayor Mode\artifacts\api-server\src\lib\simulation-engine.ts:4177:24)
              at sqliteTransaction (E:\LifeSim Mayor Mode\node_modules\.pnpm\better-sqlite3@12.9.0\node_modules\better-sqlite3\lib\methods\transaction.js:65:24)
              at SimulationEngine.syncToDB (E:\LifeSim Mayor Mode\artifacts\api-server\src\lib\simulation-engine.ts:4183:6)
              at async SimulationEngine.tick (E:\LifeSim Mayor Mode\artifacts\api-server\src\lib\simulation-engine.ts:3150:7)
      "code": "SQLITE_CONSTRAINT_FOREIGNKEY"
    }
[09:16:52.020] [31mERROR[39m (44980): [36mTick error[39m
    err: {
      "type": "SqliteError",
      "message": "FOREIGN KEY constraint failed",
      "stack":
          SqliteError: FOREIGN KEY constraint failed
              at <anonymous> (E:\LifeSim Mayor Mode\artifacts\api-server\src\lib\simulation-engine.ts:4177:24)
              at sqliteTransaction (E:\LifeSim Mayor Mode\node_modules\.pnpm\better-sqlite3@12.9.0\node_modules\better-sqlite3\lib\methods\transaction.js:65:24)
              at SimulationEngine.syncToDB (E:\LifeSim Mayor Mode\artifacts\api-server\src\lib\simulation-engine.ts:4183:6)
              at async SimulationEngine.tick (E:\LifeSim Mayor Mode\artifacts\api-server\src\lib\simulation-engine.ts:3150:7)
      "code": "SQLITE_CONSTRAINT_FOREIGNKEY"
    }
[09:17:02.313] [31mERROR[39m (44980): [36mTick error[39m
    err: {
      "type": "SqliteError",
      "message": "FOREIGN KEY constraint failed",
      "stack":
          SqliteError: FOREIGN KEY constraint failed
              at <anonymous> (E:\LifeSim Mayor Mode\artifacts\api-server\src\lib\simulation-engine.ts:4177:24)
              at sqliteTransaction (E:\LifeSim Mayor Mode\node_modules\.pnpm\better-sqlite3@12.9.0\node_modules\better-sqlite3\lib\methods\transaction.js:65:24)
              at SimulationEngine.syncToDB (E:\LifeSim Mayor Mode\artifacts\api-server\src\lib\simulation-engine.ts:4183:6)
              at async SimulationEngine.tick (E:\LifeSim Mayor Mode\artifacts\api-server\src\lib\simulation-engine.ts:3150:7)
      "code": "SQLITE_CONSTRAINT_FOREIGNKEY"
    }
[09:17:12.561] [31mERROR[39m (44980): [36mTick error[39m
    err: {
      "type": "SqliteError",
      "message": "FOREIGN KEY constraint failed",
      "stack":
          SqliteError: FOREIGN KEY constraint failed
              at <anonymous> (E:\LifeSim Mayor Mode\artifacts\api-server\src\lib\simulation-engine.ts:4177:24)
              at sqliteTransaction (E:\LifeSim Mayor Mode\node_modules\.pnpm\better-sqlite3@12.9.0\node_modules\better-sqlite3\lib\methods\transaction.js:65:24)
              at SimulationEngine.syncToDB (E:\LifeSim Mayor Mode\artifacts\api-server\src\lib\simulation-engine.ts:4183:6)
              at async SimulationEngine.tick (E:\LifeSim Mayor Mode\artifacts\api-server\src\lib\simulation-engine.ts:3150:7)
      "code": "SQLITE_CONSTRAINT_FOREIGNKEY"
    }
[09:17:22.995] [31mERROR[39m (44980): [36mTick error[39m
    err: {
      "type": "SqliteError",
      "message": "FOREIGN KEY constraint failed",
      "stack":
          SqliteError: FOREIGN KEY constraint failed
              at <anonymous> (E:\LifeSim Mayor Mode\artifacts\api-server\src\lib\simulation-engine.ts:4177:24)
              at sqliteTransaction (E:\LifeSim Mayor Mode\node_modules\.pnpm\better-sqlite3@12.9.0\node_modules\better-sqlite3\lib\methods\transaction.js:65:24)
              at SimulationEngine.syncToDB (E:\LifeSim Mayor Mode\artifacts\api-server\src\lib\simulation-engine.ts:4183:6)
              at async SimulationEngine.tick (E:\LifeSim Mayor Mode\artifacts\api-server\src\lib\simulation-engine.ts:3150:7)
      "code": "SQLITE_CONSTRAINT_FOREIGNKEY"
    }
[09:17:33.140] [32mINFO[39m (44980): [36mAgents died[39m
    [35mcount[39m: 4
    [35mpopulation[39m: 954
[09:17:33.145] [32mINFO[39m (44980): [36mNew agents born[39m
    [35mcount[39m: 9
    [35mpopulation[39m: 963
[09:17:33.154] [32mINFO[39m (44980): [36mAgents emigrated[39m
    [35mcount[39m: 15
    [35mpopulation[39m: 948
    [35mwellbeingScore[39m: 0.78
[09:17:33.157] [32mINFO[39m (44980): [36mAgents immigrated[39m
    [35mcount[39m: 11
    [35mpopulation[39m: 959
    [35mwellbeingScore[39m: 0.78
[09:17:33.157] [32mINFO[39m (44980): [36mOne-time government survival bailout issued[39m
    [35mbizId[39m: 31
    [35mbizName[39m: "Кафе №21"
    [35mbalanceAfter[39m: 455
    [35mbailoutAmount[39m: 800
[09:17:33.157] [32mINFO[39m (44980): [36mOne-time government survival bailout issued[39m
    [35mbizId[39m: 101
    [35mbizName[39m: "Аптека  №30"
    [35mbalanceAfter[39m: 457
    [35mbailoutAmount[39m: 800
[09:17:33.157] [32mINFO[39m (44980): [36mOne-time government survival bailout issued[39m
    [35mbizId[39m: 105
    [35mbizName[39m: "Сервисный центр  №31"
    [35mbalanceAfter[39m: 559
    [35mbailoutAmount[39m: 800
[09:17:33.157] [32mINFO[39m (44980): [36mOne-time government survival bailout issued[39m
    [35mbizId[39m: 106
    [35mbizName[39m: "Прачечная  №32"
    [35mbalanceAfter[39m: 608
    [35mbailoutAmount[39m: 800
[09:17:33.157] [32mINFO[39m (44980): [36mOne-time government survival bailout issued[39m
    [35mbizId[39m: 121
    [35mbizName[39m: "Закусочная     №40"
    [35mbalanceAfter[39m: 511
    [35mbailoutAmount[39m: 800
[09:17:33.159] [32mINFO[39m (44980): [36mSelf-funded business opened[39m
    [35magentId[39m: 1551
    [35mbizName[39m: "Кафе     №60"
    [35mbizType[39m: "food"
    [35mlaunchCost[39m: 2000
    [35msuccessScore[39m: 34
    [35magentMoney[39m: 4451
[09:17:33.159] [32mINFO[39m (44980): [36mSelf-funded business opened[39m
    [35magentId[39m: 1559
    [35mbizName[39m: "Супермаркет     №61"
    [35mbizType[39m: "food"
    [35mlaunchCost[39m: 2000
    [35msuccessScore[39m: 34
    [35magentMoney[39m: 6590
[09:17:33.160] [32mINFO[39m (44980): [36mSelf-funded business opened[39m
    [35magentId[39m: 1563
    [35mbizName[39m: "Продуктовый     №62"
    [35mbizType[39m: "food"
    [35mlaunchCost[39m: 2000
    [35msuccessScore[39m: 34
    [35magentMoney[39m: 6742
[09:17:33.160] [32mINFO[39m (44980): [36mGovernment grant approved (need-driven)[39m
    [35magentId[39m: 2670
    [35mbizName[39m: "Кафе     №63"
    [35mbizType[39m: "food"
    [35mlaunchCost[39m: 2000
    [35msuccessScore[39m: 34
    [35mneedScore[39m: 51
    [35mmarketRatio[39m: 0.7
    [35mgovBudgetAfter[39m: 143005
[09:17:33.161] [32mINFO[39m (44980): [36mGovernment grant approved (need-driven)[39m
    [35magentId[39m: 1901
    [35mbizName[39m: "Тепличный комбинат     №27"
    [35mbizType[39m: "farm"
    [35mlaunchCost[39m: 1800
    [35msuccessScore[39m: 33
    [35mneedScore[39m: 0
    [35mmarketRatio[39m: 1
    [35mgovBudgetAfter[39m: 141205
[09:17:33.161] [32mINFO[39m (44980): [36mGovernment grant approved (need-driven)[39m
    [35magentId[39m: 2669
    [35mbizName[39m: "Птицефабрика     №28"
    [35mbizType[39m: "farm"
    [35mlaunchCost[39m: 1800
    [35msuccessScore[39m: 33
    [35mneedScore[39m: 0
    [35mmarketRatio[39m: 1
    [35mgovBudgetAfter[39m: 139405
[09:17:33.305] [31mERROR[39m (44980): [36mTick error[39m
    err: {
      "type": "SqliteError",
      "message": "FOREIGN KEY constraint failed",
      "stack":
          SqliteError: FOREIGN KEY constraint failed
              at <anonymous> (E:\LifeSim Mayor Mode\artifacts\api-server\src\lib\simulation-engine.ts:4177:24)
              at sqliteTransaction (E:\LifeSim Mayor Mode\node_modules\.pnpm\better-sqlite3@12.9.0\node_modules\better-sqlite3\lib\methods\transaction.js:65:24)
              at SimulationEngine.syncToDB (E:\LifeSim Mayor Mode\artifacts\api-server\src\lib\simulation-engine.ts:4183:6)
              at async SimulationEngine.tick (E:\LifeSim Mayor Mode\artifacts\api-server\src\lib\simulation-engine.ts:3150:7)
      "code": "SQLITE_CONSTRAINT_FOREIGNKEY"
    }
[09:17:43.618] [31mERROR[39m (44980): [36mTick error[39m
    err: {
      "type": "SqliteError",
      "message": "FOREIGN KEY constraint failed",
      "stack":
          SqliteError: FOREIGN KEY constraint failed
              at <anonymous> (E:\LifeSim Mayor Mode\artifacts\api-server\src\lib\simulation-engine.ts:4177:24)
              at sqliteTransaction (E:\LifeSim Mayor Mode\node_modules\.pnpm\better-sqlite3@12.9.0\node_modules\better-sqlite3\lib\methods\transaction.js:65:24)
              at SimulationEngine.syncToDB (E:\LifeSim Mayor Mode\artifacts\api-server\src\lib\simulation-engine.ts:4183:6)
              at async SimulationEngine.tick (E:\LifeSim Mayor Mode\artifacts\api-server\src\lib\simulation-engine.ts:3150:7)
      "code": "SQLITE_CONSTRAINT_FOREIGNKEY"
    }
[09:17:53.892] [31mERROR[39m (44980): [36mTick error[39m
    err: {
      "type": "SqliteError",
      "message": "FOREIGN KEY constraint failed",
      "stack":
          SqliteError: FOREIGN KEY constraint failed
              at <anonymous> (E:\LifeSim Mayor Mode\artifacts\api-server\src\lib\simulation-engine.ts:4177:24)
              at sqliteTransaction (E:\LifeSim Mayor Mode\node_modules\.pnpm\better-sqlite3@12.9.0\node_modules\better-sqlite3\lib\methods\transaction.js:65:24)
              at SimulationEngine.syncToDB (E:\LifeSim Mayor Mode\artifacts\api-server\src\lib\simulation-engine.ts:4183:6)
              at async SimulationEngine.tick (E:\LifeSim Mayor Mode\artifacts\api-server\src\lib\simulation-engine.ts:3150:7)
      "code": "SQLITE_CONSTRAINT_FOREIGNKEY"
    }
[09:18:04.130] [31mERROR[39m (44980): [36mTick error[39m
    err: {
      "type": "SqliteError",
      "message": "FOREIGN KEY constraint failed",
      "stack":
          SqliteError: FOREIGN KEY constraint failed
              at <anonymous> (E:\LifeSim Mayor Mode\artifacts\api-server\src\lib\simulation-engine.ts:4177:24)
              at sqliteTransaction (E:\LifeSim Mayor Mode\node_modules\.pnpm\better-sqlite3@12.9.0\node_modules\better-sqlite3\lib\methods\transaction.js:65:24)
              at SimulationEngine.syncToDB (E:\LifeSim Mayor Mode\artifacts\api-server\src\lib\simulation-engine.ts:4183:6)
              at async SimulationEngine.tick (E:\LifeSim Mayor Mode\artifacts\api-server\src\lib\simulation-engine.ts:3150:7)
      "code": "SQLITE_CONSTRAINT_FOREIGNKEY"
    }
[09:18:14.374] [31mERROR[39m (44980): [36mTick error[39m
    err: {
      "type": "SqliteError",
      "message": "FOREIGN KEY constraint failed",
      "stack":
          SqliteError: FOREIGN KEY constraint failed
              at <anonymous> (E:\LifeSim Mayor Mode\artifacts\api-server\src\lib\simulation-engine.ts:4177:24)
              at sqliteTransaction (E:\LifeSim Mayor Mode\node_modules\.pnpm\better-sqlite3@12.9.0\node_modules\better-sqlite3\lib\methods\transaction.js:65:24)
              at SimulationEngine.syncToDB (E:\LifeSim Mayor Mode\artifacts\api-server\src\lib\simulation-engine.ts:4183:6)
              at async SimulationEngine.tick (E:\LifeSim Mayor Mode\artifacts\api-server\src\lib\simulation-engine.ts:3150:7)
      "code": "SQLITE_CONSTRAINT_FOREIGNKEY"
    }
[09:18:24.602] [31mERROR[39m (44980): [36mTick error[39m
    err: {
      "type": "SqliteError",
      "message": "FOREIGN KEY constraint failed",
      "stack":
          SqliteError: FOREIGN KEY constraint failed
              at <anonymous> (E:\LifeSim Mayor Mode\artifacts\api-server\src\lib\simulation-engine.ts:4177:24)
              at sqliteTransaction (E:\LifeSim Mayor Mode\node_modules\.pnpm\better-sqlite3@12.9.0\node_modules\better-sqlite3\lib\methods\transaction.js:65:24)
              at SimulationEngine.syncToDB (E:\LifeSim Mayor Mode\artifacts\api-server\src\lib\simulation-engine.ts:4183:6)
              at async SimulationEngine.tick (E:\LifeSim Mayor Mode\artifacts\api-server\src\lib\simulation-engine.ts:3150:7)
      "code": "SQLITE_CONSTRAINT_FOREIGNKEY"
    }
[09:18:34.808] [31mERROR[39m (44980): [36mTick error[39m
    err: {
      "type": "SqliteError",
      "message": "FOREIGN KEY constraint failed",
      "stack":
          SqliteError: FOREIGN KEY constraint failed
              at <anonymous> (E:\LifeSim Mayor Mode\artifacts\api-server\src\lib\simulation-engine.ts:4177:24)
              at sqliteTransaction (E:\LifeSim Mayor Mode\node_modules\.pnpm\better-sqlite3@12.9.0\node_modules\better-sqlite3\lib\methods\transaction.js:65:24)
              at SimulationEngine.syncToDB (E:\LifeSim Mayor Mode\artifacts\api-server\src\lib\simulation-engine.ts:4183:6)
              at async SimulationEngine.tick (E:\LifeSim Mayor Mode\artifacts\api-server\src\lib\simulation-engine.ts:3150:7)
      "code": "SQLITE_CONSTRAINT_FOREIGNKEY"
    }
[09:18:45.044] [31mERROR[39m (44980): [36mTick error[39m
    err: {
      "type": "SqliteError",
      "message": "FOREIGN KEY constraint failed",
      "stack":
          SqliteError: FOREIGN KEY constraint failed
              at <anonymous> (E:\LifeSim Mayor Mode\artifacts\api-server\src\lib\simulation-engine.ts:4177:24)
              at sqliteTransaction (E:\LifeSim Mayor Mode\node_modules\.pnpm\better-sqlite3@12.9.0\node_modules\better-sqlite3\lib\methods\transaction.js:65:24)
              at SimulationEngine.syncToDB (E:\LifeSim Mayor Mode\artifacts\api-server\src\lib\simulation-engine.ts:4183:6)
              at async SimulationEngine.tick (E:\LifeSim Mayor Mode\artifacts\api-server\src\lib\simulation-engine.ts:3150:7)
      "code": "SQLITE_CONSTRAINT_FOREIGNKEY"
    }
[09:18:55.315] [31mERROR[39m (44980): [36mTick error[39m
    err: {
      "type": "SqliteError",
      "message": "FOREIGN KEY constraint failed",
      "stack":
          SqliteError: FOREIGN KEY constraint failed
              at <anonymous> (E:\LifeSim Mayor Mode\artifacts\api-server\src\lib\simulation-engine.ts:4177:24)
              at sqliteTransaction (E:\LifeSim Mayor Mode\node_modules\.pnpm\better-sqlite3@12.9.0\node_modules\better-sqlite3\lib\methods\transaction.js:65:24)
              at SimulationEngine.syncToDB (E:\LifeSim Mayor Mode\artifacts\api-server\src\lib\simulation-engine.ts:4183:6)
              at async SimulationEngine.tick (E:\LifeSim Mayor Mode\artifacts\api-server\src\lib\simulation-engine.ts:3150:7)
      "code": "SQLITE_CONSTRAINT_FOREIGNKEY"
    }
[09:19:05.600] [31mERROR[39m (44980): [36mTick error[39m
    err: {
      "type": "SqliteError",
      "message": "FOREIGN KEY constraint failed",
      "stack":
          SqliteError: FOREIGN KEY constraint failed
              at <anonymous> (E:\LifeSim Mayor Mode\artifacts\api-server\src\lib\simulation-engine.ts:4177:24)
              at sqliteTransaction (E:\LifeSim Mayor Mode\node_modules\.pnpm\better-sqlite3@12.9.0\node_modules\better-sqlite3\lib\methods\transaction.js:65:24)
              at SimulationEngine.syncToDB (E:\LifeSim Mayor Mode\artifacts\api-server\src\lib\simulation-engine.ts:4183:6)
              at async SimulationEngine.tick (E:\LifeSim Mayor Mode\artifacts\api-server\src\lib\simulation-engine.ts:3150:7)
      "code": "SQLITE_CONSTRAINT_FOREIGNKEY"
    }
[09:19:15.892] [31mERROR[39m (44980): [36mTick error[39m
    err: {
      "type": "SqliteError",
      "message": "FOREIGN KEY constraint failed",
      "stack":
          SqliteError: FOREIGN KEY constraint failed
              at <anonymous> (E:\LifeSim Mayor Mode\artifacts\api-server\src\lib\simulation-engine.ts:4177:24)
              at sqliteTransaction (E:\LifeSim Mayor Mode\node_modules\.pnpm\better-sqlite3@12.9.0\node_modules\better-sqlite3\lib\methods\transaction.js:65:24)
              at SimulationEngine.syncToDB (E:\LifeSim Mayor Mode\artifacts\api-server\src\lib\simulation-engine.ts:4183:6)
              at async SimulationEngine.tick (E:\LifeSim Mayor Mode\artifacts\api-server\src\lib\simulation-engine.ts:3150:7)
      "code": "SQLITE_CONSTRAINT_FOREIGNKEY"
    }
[09:19:26.228] [31mERROR[39m (44980): [36mTick error[39m
    err: {
      "type": "SqliteError",
      "message": "FOREIGN KEY constraint failed",
      "stack":
          SqliteError: FOREIGN KEY constraint failed
              at <anonymous> (E:\LifeSim Mayor Mode\artifacts\api-server\src\lib\simulation-engine.ts:4177:24)
              at sqliteTransaction (E:\LifeSim Mayor Mode\node_modules\.pnpm\better-sqlite3@12.9.0\node_modules\better-sqlite3\lib\methods\transaction.js:65:24)
              at SimulationEngine.syncToDB (E:\LifeSim Mayor Mode\artifacts\api-server\src\lib\simulation-engine.ts:4183:6)
              at async SimulationEngine.tick (E:\LifeSim Mayor Mode\artifacts\api-server\src\lib\simulation-engine.ts:3150:7)
      "code": "SQLITE_CONSTRAINT_FOREIGNKEY"
    }
[09:19:46.751] [31mERROR[39m (44980): [36mTick error[39m
    err: {
      "type": "SqliteError",
      "message": "FOREIGN KEY constraint failed",
      "stack":
          SqliteError: FOREIGN KEY constraint failed
              at <anonymous> (E:\LifeSim Mayor Mode\artifacts\api-server\src\lib\simulation-engine.ts:4177:24)
              at sqliteTransaction (E:\LifeSim Mayor Mode\node_modules\.pnpm\better-sqlite3@12.9.0\node_modules\better-sqlite3\lib\methods\transaction.js:65:24)
              at SimulationEngine.syncToDB (E:\LifeSim Mayor Mode\artifacts\api-server\src\lib\simulation-engine.ts:4183:6)
              at async SimulationEngine.tick (E:\LifeSim Mayor Mode\artifacts\api-server\src\lib\simulation-engine.ts:3150:7)
      "code": "SQLITE_CONSTRAINT_FOREIGNKEY"
    }
[09:19:57.032] [31mERROR[39m (44980): [36mTick error[39m
    err: {
      "type": "SqliteError",
      "message": "FOREIGN KEY constraint failed",
      "stack":
          SqliteError: FOREIGN KEY constraint failed
              at <anonymous> (E:\LifeSim Mayor Mode\artifacts\api-server\src\lib\simulation-engine.ts:4177:24)
              at sqliteTransaction (E:\LifeSim Mayor Mode\node_modules\.pnpm\better-sqlite3@12.9.0\node_modules\better-sqlite3\lib\methods\transaction.js:65:24)
              at SimulationEngine.syncToDB (E:\LifeSim Mayor Mode\artifacts\api-server\src\lib\simulation-engine.ts:4183:6)
              at async SimulationEngine.tick (E:\LifeSim Mayor Mode\artifacts\api-server\src\lib\simulation-engine.ts:3150:7)
      "code": "SQLITE_CONSTRAINT_FOREIGNKEY"
    }
[09:20:07.308] [31mERROR[39m (44980): [36mTick error[39m
    err: {
      "type": "SqliteError",
      "message": "FOREIGN KEY constraint failed",
      "stack":
          SqliteError: FOREIGN KEY constraint failed
              at <anonymous> (E:\LifeSim Mayor Mode\artifacts\api-server\src\lib\simulation-engine.ts:4177:24)
              at sqliteTransaction (E:\LifeSim Mayor Mode\node_modules\.pnpm\better-sqlite3@12.9.0\node_modules\better-sqlite3\lib\methods\transaction.js:65:24)
              at SimulationEngine.syncToDB (E:\LifeSim Mayor Mode\artifacts\api-server\src\lib\simulation-engine.ts:4183:6)
              at async SimulationEngine.tick (E:\LifeSim Mayor Mode\artifacts\api-server\src\lib\simulation-engine.ts:3150:7)
      "code": "SQLITE_CONSTRAINT_FOREIGNKEY"
    }
[09:20:17.595] [31mERROR[39m (44980): [36mTick error[39m
    err: {
      "type": "SqliteError",
      "message": "FOREIGN KEY constraint failed",
      "stack":
          SqliteError: FOREIGN KEY constraint failed
              at <anonymous> (E:\LifeSim Mayor Mode\artifacts\api-server\src\lib\simulation-engine.ts:4177:24)
              at sqliteTransaction (E:\LifeSim Mayor Mode\node_modules\.pnpm\better-sqlite3@12.9.0\node_modules\better-sqlite3\lib\methods\transaction.js:65:24)
              at SimulationEngine.syncToDB (E:\LifeSim Mayor Mode\artifacts\api-server\src\lib\simulation-engine.ts:4183:6)
              at async SimulationEngine.tick (E:\LifeSim Mayor Mode\artifacts\api-server\src\lib\simulation-engine.ts:3150:7)
      "code": "SQLITE_CONSTRAINT_FOREIGNKEY"
    }
[09:20:27.857] [31mERROR[39m (44980): [36mTick error[39m
    err: {
      "type": "SqliteError",
      "message": "FOREIGN KEY constraint failed",
      "stack":
          SqliteError: FOREIGN KEY constraint failed
              at <anonymous> (E:\LifeSim Mayor Mode\artifacts\api-server\src\lib\simulation-engine.ts:4177:24)
              at sqliteTransaction (E:\LifeSim Mayor Mode\node_modules\.pnpm\better-sqlite3@12.9.0\node_modules\better-sqlite3\lib\methods\transaction.js:65:24)
              at SimulationEngine.syncToDB (E:\LifeSim Mayor Mode\artifacts\api-server\src\lib\simulation-engine.ts:4183:6)
              at async SimulationEngine.tick (E:\LifeSim Mayor Mode\artifacts\api-server\src\lib\simulation-engine.ts:3150:7)
      "code": "SQLITE_CONSTRAINT_FOREIGNKEY"
    }
[09:20:38.170] [31mERROR[39m (44980): [36mTick error[39m
    err: {
      "type": "SqliteError",
      "message": "FOREIGN KEY constraint failed",
      "stack":
          SqliteError: FOREIGN KEY constraint failed
              at <anonymous> (E:\LifeSim Mayor Mode\artifacts\api-server\src\lib\simulation-engine.ts:4177:24)
              at sqliteTransaction (E:\LifeSim Mayor Mode\node_modules\.pnpm\better-sqlite3@12.9.0\node_modules\better-sqlite3\lib\methods\transaction.js:65:24)
              at SimulationEngine.syncToDB (E:\LifeSim Mayor Mode\artifacts\api-server\src\lib\simulation-engine.ts:4183:6)
              at async SimulationEngine.tick (E:\LifeSim Mayor Mode\artifacts\api-server\src\lib\simulation-engine.ts:3150:7)
      "code": "SQLITE_CONSTRAINT_FOREIGNKEY"
    }
[09:20:48.495] [31mERROR[39m (44980): [36mTick error[39m
    err: {
      "type": "SqliteError",
      "message": "FOREIGN KEY constraint failed",
      "stack":
          SqliteError: FOREIGN KEY constraint failed
              at <anonymous> (E:\LifeSim Mayor Mode\artifacts\api-server\src\lib\simulation-engine.ts:4177:24)
              at sqliteTransaction (E:\LifeSim Mayor Mode\node_modules\.pnpm\better-sqlite3@12.9.0\node_modules\better-sqlite3\lib\methods\transaction.js:65:24)
              at SimulationEngine.syncToDB (E:\LifeSim Mayor Mode\artifacts\api-server\src\lib\simulation-engine.ts:4183:6)
              at async SimulationEngine.tick (E:\LifeSim Mayor Mode\artifacts\api-server\src\lib\simulation-engine.ts:3150:7)
      "code": "SQLITE_CONSTRAINT_FOREIGNKEY"
    }
[09:21:09.166] [31mERROR[39m (44980): [36mTick error[39m
    err: {
      "type": "SqliteError",
      "message": "FOREIGN KEY constraint failed",
      "stack":
          SqliteError: FOREIGN KEY constraint failed
              at <anonymous> (E:\LifeSim Mayor Mode\artifacts\api-server\src\lib\simulation-engine.ts:4177:24)
              at sqliteTransaction (E:\LifeSim Mayor Mode\node_modules\.pnpm\better-sqlite3@12.9.0\node_modules\better-sqlite3\lib\methods\transaction.js:65:24)
              at SimulationEngine.syncToDB (E:\LifeSim Mayor Mode\artifacts\api-server\src\lib\simulation-engine.ts:4183:6)
              at async SimulationEngine.tick (E:\LifeSim Mayor Mode\artifacts\api-server\src\lib\simulation-engine.ts:3150:7)
      "code": "SQLITE_CONSTRAINT_FOREIGNKEY"
    }
[09:21:19.753] [31mERROR[39m (44980): [36mTick error[39m
    err: {
      "type": "SqliteError",
      "message": "FOREIGN KEY constraint failed",
      "stack":
          SqliteError: FOREIGN KEY constraint failed
              at <anonymous> (E:\LifeSim Mayor Mode\artifacts\api-server\src\lib\simulation-engine.ts:4177:24)
              at sqliteTransaction (E:\LifeSim Mayor Mode\node_modules\.pnpm\better-sqlite3@12.9.0\node_modules\better-sqlite3\lib\methods\transaction.js:65:24)
              at SimulationEngine.syncToDB (E:\LifeSim Mayor Mode\artifacts\api-server\src\lib\simulation-engine.ts:4183:6)
              at async SimulationEngine.tick (E:\LifeSim Mayor Mode\artifacts\api-server\src\lib\simulation-engine.ts:3150:7)
      "code": "SQLITE_CONSTRAINT_FOREIGNKEY"
    }
[09:21:30.098] [31mERROR[39m (44980): [36mTick error[39m
    err: {
      "type": "SqliteError",
      "message": "FOREIGN KEY constraint failed",
      "stack":
          SqliteError: FOREIGN KEY constraint failed
              at <anonymous> (E:\LifeSim Mayor Mode\artifacts\api-server\src\lib\simulation-engine.ts:4177:24)
              at sqliteTransaction (E:\LifeSim Mayor Mode\node_modules\.pnpm\better-sqlite3@12.9.0\node_modules\better-sqlite3\lib\methods\transaction.js:65:24)
              at SimulationEngine.syncToDB (E:\LifeSim Mayor Mode\artifacts\api-server\src\lib\simulation-engine.ts:4183:6)
              at async SimulationEngine.tick (E:\LifeSim Mayor Mode\artifacts\api-server\src\lib\simulation-engine.ts:3150:7)
      "code": "SQLITE_CONSTRAINT_FOREIGNKEY"
    }
[09:21:40.248] [32mINFO[39m (44980): [36mAgents died[39m
    [35mcount[39m: 9
    [35mpopulation[39m: 950
[09:21:40.251] [32mINFO[39m (44980): [36mNew agents born[39m
    [35mcount[39m: 9
    [35mpopulation[39m: 959
[09:21:40.263] [32mINFO[39m (44980): [36mAgents emigrated[39m
    [35mcount[39m: 22
    [35mpopulation[39m: 937
    [35mwellbeingScore[39m: 0.78
[09:21:40.266] [32mINFO[39m (44980): [36mAgents immigrated[39m
    [35mcount[39m: 11
    [35mpopulation[39m: 948
    [35mwellbeingScore[39m: 0.78
[09:21:40.266] [32mINFO[39m (44980): [36mOne-time government survival bailout issued[39m
    [35mbizId[39m: 42
    [35mbizName[39m: "Ателье №1"
    [35mbalanceAfter[39m: 226
    [35mbailoutAmount[39m: 800
[09:21:40.268] [32mINFO[39m (44980): [36mSelf-funded business opened[39m
    [35magentId[39m: 1587
    [35mbizName[39m: "Столовая     №64"
    [35mbizType[39m: "food"
    [35mlaunchCost[39m: 2000
    [35msuccessScore[39m: 36
    [35magentMoney[39m: 6725
[09:21:40.268] [32mINFO[39m (44980): [36mSelf-funded business opened[39m
    [35magentId[39m: 1631
    [35mbizName[39m: "Супермаркет     №65"
    [35mbizType[39m: "food"
    [35mlaunchCost[39m: 2000
    [35msuccessScore[39m: 36
    [35magentMoney[39m: 8558
[09:21:40.269] [32mINFO[39m (44980): [36mGovernment grant approved (need-driven)[39m
    [35magentId[39m: 1141
    [35mbizName[39m: "Ресторан     №66"
    [35mbizType[39m: "food"
    [35mlaunchCost[39m: 2000
    [35msuccessScore[39m: 36
    [35mneedScore[39m: 50
    [35mmarketRatio[39m: 0.82
    [35mgovBudgetAfter[39m: 140986
[09:21:40.269] [32mINFO[39m (44980): [36mGovernment grant approved (need-driven)[39m
    [35magentId[39m: 2791
    [35mbizName[39m: "Молочная ферма     №29"
    [35mbizType[39m: "farm"
    [35mlaunchCost[39m: 1800
    [35msuccessScore[39m: 33
    [35mneedScore[39m: 0
    [35mmarketRatio[39m: 1
    [35mgovBudgetAfter[39m: 139186
[09:21:40.270] [32mINFO[39m (44980): [36mGovernment grant approved (need-driven)[39m
    [35magentId[39m: 1586
    [35mbizName[39m: "Цех упаковки №17"
    [35mbizType[39m: "workshop"
    [35mlaunchCost[39m: 2200
    [35msuccessScore[39m: 33
    [35mneedScore[39m: 0
    [35mmarketRatio[39m: 1
    [35mgovBudgetAfter[39m: 136986
[09:21:40.420] [31mERROR[39m (44980): [36mTick error[39m
    err: {
      "type": "SqliteError",
      "message": "FOREIGN KEY constraint failed",
      "stack":
          SqliteError: FOREIGN KEY constraint failed
              at <anonymous> (E:\LifeSim Mayor Mode\artifacts\api-server\src\lib\simulation-engine.ts:4177:24)
              at sqliteTransaction (E:\LifeSim Mayor Mode\node_modules\.pnpm\better-sqlite3@12.9.0\node_modules\better-sqlite3\lib\methods\transaction.js:65:24)
              at SimulationEngine.syncToDB (E:\LifeSim Mayor Mode\artifacts\api-server\src\lib\simulation-engine.ts:4183:6)
              at async SimulationEngine.tick (E:\LifeSim Mayor Mode\artifacts\api-server\src\lib\simulation-engine.ts:3150:7)
      "code": "SQLITE_CONSTRAINT_FOREIGNKEY"
    }
[09:21:50.745] [31mERROR[39m (44980): [36mTick error[39m
    err: {
      "type": "SqliteError",
      "message": "FOREIGN KEY constraint failed",
      "stack":
          SqliteError: FOREIGN KEY constraint failed
              at <anonymous> (E:\LifeSim Mayor Mode\artifacts\api-server\src\lib\simulation-engine.ts:4177:24)
              at sqliteTransaction (E:\LifeSim Mayor Mode\node_modules\.pnpm\better-sqlite3@12.9.0\node_modules\better-sqlite3\lib\methods\transaction.js:65:24)
              at SimulationEngine.syncToDB (E:\LifeSim Mayor Mode\artifacts\api-server\src\lib\simulation-engine.ts:4183:6)
              at async SimulationEngine.tick (E:\LifeSim Mayor Mode\artifacts\api-server\src\lib\simulation-engine.ts:3150:7)
      "code": "SQLITE_CONSTRAINT_FOREIGNKEY"
    }
[09:22:01.019] [31mERROR[39m (44980): [36mTick error[39m
    err: {
      "type": "SqliteError",
      "message": "FOREIGN KEY constraint failed",
      "stack":
          SqliteError: FOREIGN KEY constraint failed
              at <anonymous> (E:\LifeSim Mayor Mode\artifacts\api-server\src\lib\simulation-engine.ts:4177:24)
              at sqliteTransaction (E:\LifeSim Mayor Mode\node_modules\.pnpm\better-sqlite3@12.9.0\node_modules\better-sqlite3\lib\methods\transaction.js:65:24)
              at SimulationEngine.syncToDB (E:\LifeSim Mayor Mode\artifacts\api-server\src\lib\simulation-engine.ts:4183:6)
              at async SimulationEngine.tick (E:\LifeSim Mayor Mode\artifacts\api-server\src\lib\simulation-engine.ts:3150:7)
      "code": "SQLITE_CONSTRAINT_FOREIGNKEY"
    }
[09:22:11.258] [31mERROR[39m (44980): [36mTick error[39m
    err: {
      "type": "SqliteError",
      "message": "FOREIGN KEY constraint failed",
      "stack":
          SqliteError: FOREIGN KEY constraint failed
              at <anonymous> (E:\LifeSim Mayor Mode\artifacts\api-server\src\lib\simulation-engine.ts:4177:24)
              at sqliteTransaction (E:\LifeSim Mayor Mode\node_modules\.pnpm\better-sqlite3@12.9.0\node_modules\better-sqlite3\lib\methods\transaction.js:65:24)
              at SimulationEngine.syncToDB (E:\LifeSim Mayor Mode\artifacts\api-server\src\lib\simulation-engine.ts:4183:6)
              at async SimulationEngine.tick (E:\LifeSim Mayor Mode\artifacts\api-server\src\lib\simulation-engine.ts:3150:7)
      "code": "SQLITE_CONSTRAINT_FOREIGNKEY"
    }
[09:22:21.468] [31mERROR[39m (44980): [36mTick error[39m
    err: {
      "type": "SqliteError",
      "message": "FOREIGN KEY constraint failed",
      "stack":
          SqliteError: FOREIGN KEY constraint failed
              at <anonymous> (E:\LifeSim Mayor Mode\artifacts\api-server\src\lib\simulation-engine.ts:4177:24)
              at sqliteTransaction (E:\LifeSim Mayor Mode\node_modules\.pnpm\better-sqlite3@12.9.0\node_modules\better-sqlite3\lib\methods\transaction.js:65:24)
              at SimulationEngine.syncToDB (E:\LifeSim Mayor Mode\artifacts\api-server\src\lib\simulation-engine.ts:4183:6)
              at async SimulationEngine.tick (E:\LifeSim Mayor Mode\artifacts\api-server\src\lib\simulation-engine.ts:3150:7)
      "code": "SQLITE_CONSTRAINT_FOREIGNKEY"
    }
[09:22:31.713] [31mERROR[39m (44980): [36mTick error[39m
    err: {
      "type": "SqliteError",
      "message": "FOREIGN KEY constraint failed",
      "stack":
          SqliteError: FOREIGN KEY constraint failed
              at <anonymous> (E:\LifeSim Mayor Mode\artifacts\api-server\src\lib\simulation-engine.ts:4177:24)
              at sqliteTransaction (E:\LifeSim Mayor Mode\node_modules\.pnpm\better-sqlite3@12.9.0\node_modules\better-sqlite3\lib\methods\transaction.js:65:24)
              at SimulationEngine.syncToDB (E:\LifeSim Mayor Mode\artifacts\api-server\src\lib\simulation-engine.ts:4183:6)
              at async SimulationEngine.tick (E:\LifeSim Mayor Mode\artifacts\api-server\src\lib\simulation-engine.ts:3150:7)
      "code": "SQLITE_CONSTRAINT_FOREIGNKEY"
    }
[09:22:41.923] [31mERROR[39m (44980): [36mTick error[39m
    err: {
      "type": "SqliteError",
      "message": "FOREIGN KEY constraint failed",
      "stack":
          SqliteError: FOREIGN KEY constraint failed
              at <anonymous> (E:\LifeSim Mayor Mode\artifacts\api-server\src\lib\simulation-engine.ts:4177:24)
              at sqliteTransaction (E:\LifeSim Mayor Mode\node_modules\.pnpm\better-sqlite3@12.9.0\node_modules\better-sqlite3\lib\methods\transaction.js:65:24)
              at SimulationEngine.syncToDB (E:\LifeSim Mayor Mode\artifacts\api-server\src\lib\simulation-engine.ts:4183:6)
              at async SimulationEngine.tick (E:\LifeSim Mayor Mode\artifacts\api-server\src\lib\simulation-engine.ts:3150:7)
      "code": "SQLITE_CONSTRAINT_FOREIGNKEY"
    }
[09:22:52.164] [31mERROR[39m (44980): [36mTick error[39m
    err: {
      "type": "SqliteError",
      "message": "FOREIGN KEY constraint failed",
      "stack":
          SqliteError: FOREIGN KEY constraint failed
              at <anonymous> (E:\LifeSim Mayor Mode\artifacts\api-server\src\lib\simulation-engine.ts:4177:24)
              at sqliteTransaction (E:\LifeSim Mayor Mode\node_modules\.pnpm\better-sqlite3@12.9.0\node_modules\better-sqlite3\lib\methods\transaction.js:65:24)
              at SimulationEngine.syncToDB (E:\LifeSim Mayor Mode\artifacts\api-server\src\lib\simulation-engine.ts:4183:6)
              at async SimulationEngine.tick (E:\LifeSim Mayor Mode\artifacts\api-server\src\lib\simulation-engine.ts:3150:7)
      "code": "SQLITE_CONSTRAINT_FOREIGNKEY"
    }
[09:23:02.387] [31mERROR[39m (44980): [36mTick error[39m
    err: {
      "type": "SqliteError",
      "message": "FOREIGN KEY constraint failed",
      "stack":
          SqliteError: FOREIGN KEY constraint failed
              at <anonymous> (E:\LifeSim Mayor Mode\artifacts\api-server\src\lib\simulation-engine.ts:4177:24)
              at sqliteTransaction (E:\LifeSim Mayor Mode\node_modules\.pnpm\better-sqlite3@12.9.0\node_modules\better-sqlite3\lib\methods\transaction.js:65:24)
              at SimulationEngine.syncToDB (E:\LifeSim Mayor Mode\artifacts\api-server\src\lib\simulation-engine.ts:4183:6)
              at async SimulationEngine.tick (E:\LifeSim Mayor Mode\artifacts\api-server\src\lib\simulation-engine.ts:3150:7)
      "code": "SQLITE_CONSTRAINT_FOREIGNKEY"
    }
[09:23:12.631] [31mERROR[39m (44980): [36mTick error[39m
    err: {
      "type": "SqliteError",
      "message": "FOREIGN KEY constraint failed",
      "stack":
          SqliteError: FOREIGN KEY constraint failed
              at <anonymous> (E:\LifeSim Mayor Mode\artifacts\api-server\src\lib\simulation-engine.ts:4177:24)
              at sqliteTransaction (E:\LifeSim Mayor Mode\node_modules\.pnpm\better-sqlite3@12.9.0\node_modules\better-sqlite3\lib\methods\transaction.js:65:24)
              at SimulationEngine.syncToDB (E:\LifeSim Mayor Mode\artifacts\api-server\src\lib\simulation-engine.ts:4183:6)
              at async SimulationEngine.tick (E:\LifeSim Mayor Mode\artifacts\api-server\src\lib\simulation-engine.ts:3150:7)
      "code": "SQLITE_CONSTRAINT_FOREIGNKEY"
    }
[09:23:22.876] [31mERROR[39m (44980): [36mTick error[39m
    err: {
      "type": "SqliteError",
      "message": "FOREIGN KEY constraint failed",
      "stack":
          SqliteError: FOREIGN KEY constraint failed
              at <anonymous> (E:\LifeSim Mayor Mode\artifacts\api-server\src\lib\simulation-engine.ts:4177:24)
              at sqliteTransaction (E:\LifeSim Mayor Mode\node_modules\.pnpm\better-sqlite3@12.9.0\node_modules\better-sqlite3\lib\methods\transaction.js:65:24)
              at SimulationEngine.syncToDB (E:\LifeSim Mayor Mode\artifacts\api-server\src\lib\simulation-engine.ts:4183:6)
              at async SimulationEngine.tick (E:\LifeSim Mayor Mode\artifacts\api-server\src\lib\simulation-engine.ts:3150:7)
      "code": "SQLITE_CONSTRAINT_FOREIGNKEY"
    }
[09:23:33.156] [31mERROR[39m (44980): [36mTick error[39m
    err: {
      "type": "SqliteError",
      "message": "FOREIGN KEY constraint failed",
      "stack":
          SqliteError: FOREIGN KEY constraint failed
              at <anonymous> (E:\LifeSim Mayor Mode\artifacts\api-server\src\lib\simulation-engine.ts:4177:24)
              at sqliteTransaction (E:\LifeSim Mayor Mode\node_modules\.pnpm\better-sqlite3@12.9.0\node_modules\better-sqlite3\lib\methods\transaction.js:65:24)
              at SimulationEngine.syncToDB (E:\LifeSim Mayor Mode\artifacts\api-server\src\lib\simulation-engine.ts:4183:6)
              at async SimulationEngine.tick (E:\LifeSim Mayor Mode\artifacts\api-server\src\lib\simulation-engine.ts:3150:7)
      "code": "SQLITE_CONSTRAINT_FOREIGNKEY"
    }
[09:23:43.416] [31mERROR[39m (44980): [36mTick error[39m
    err: {
      "type": "SqliteError",
      "message": "FOREIGN KEY constraint failed",
      "stack":
          SqliteError: FOREIGN KEY constraint failed
              at <anonymous> (E:\LifeSim Mayor Mode\artifacts\api-server\src\lib\simulation-engine.ts:4177:24)
              at sqliteTransaction (E:\LifeSim Mayor Mode\node_modules\.pnpm\better-sqlite3@12.9.0\node_modules\better-sqlite3\lib\methods\transaction.js:65:24)
              at SimulationEngine.syncToDB (E:\LifeSim Mayor Mode\artifacts\api-server\src\lib\simulation-engine.ts:4183:6)
              at async SimulationEngine.tick (E:\LifeSim Mayor Mode\artifacts\api-server\src\lib\simulation-engine.ts:3150:7)
      "code": "SQLITE_CONSTRAINT_FOREIGNKEY"
    }
[09:23:53.669] [31mERROR[39m (44980): [36mTick error[39m
    err: {
      "type": "SqliteError",
      "message": "FOREIGN KEY constraint failed",
      "stack":
          SqliteError: FOREIGN KEY constraint failed
              at <anonymous> (E:\LifeSim Mayor Mode\artifacts\api-server\src\lib\simulation-engine.ts:4177:24)
              at sqliteTransaction (E:\LifeSim Mayor Mode\node_modules\.pnpm\better-sqlite3@12.9.0\node_modules\better-sqlite3\lib\methods\transaction.js:65:24)
              at SimulationEngine.syncToDB (E:\LifeSim Mayor Mode\artifacts\api-server\src\lib\simulation-engine.ts:4183:6)
              at async SimulationEngine.tick (E:\LifeSim Mayor Mode\artifacts\api-server\src\lib\simulation-engine.ts:3150:7)
      "code": "SQLITE_CONSTRAINT_FOREIGNKEY"
    }
[09:24:04.062] [31mERROR[39m (44980): [36mTick error[39m
    err: {
      "type": "SqliteError",
      "message": "FOREIGN KEY constraint failed",
      "stack":
          SqliteError: FOREIGN KEY constraint failed
              at <anonymous> (E:\LifeSim Mayor Mode\artifacts\api-server\src\lib\simulation-engine.ts:4177:24)
              at sqliteTransaction (E:\LifeSim Mayor Mode\node_modules\.pnpm\better-sqlite3@12.9.0\node_modules\better-sqlite3\lib\methods\transaction.js:65:24)
              at SimulationEngine.syncToDB (E:\LifeSim Mayor Mode\artifacts\api-server\src\lib\simulation-engine.ts:4183:6)
              at async SimulationEngine.tick (E:\LifeSim Mayor Mode\artifacts\api-server\src\lib\simulation-engine.ts:3150:7)
      "code": "SQLITE_CONSTRAINT_FOREIGNKEY"
    }
[09:24:14.321] [31mERROR[39m (44980): [36mTick error[39m
    err: {
      "type": "SqliteError",
      "message": "FOREIGN KEY constraint failed",
      "stack":
          SqliteError: FOREIGN KEY constraint failed
              at <anonymous> (E:\LifeSim Mayor Mode\artifacts\api-server\src\lib\simulation-engine.ts:4177:24)
              at sqliteTransaction (E:\LifeSim Mayor Mode\node_modules\.pnpm\better-sqlite3@12.9.0\node_modules\better-sqlite3\lib\methods\transaction.js:65:24)
              at SimulationEngine.syncToDB (E:\LifeSim Mayor Mode\artifacts\api-server\src\lib\simulation-engine.ts:4183:6)
              at async SimulationEngine.tick (E:\LifeSim Mayor Mode\artifacts\api-server\src\lib\simulation-engine.ts:3150:7)
      "code": "SQLITE_CONSTRAINT_FOREIGNKEY"
    }
[09:24:24.572] [31mERROR[39m (44980): [36mTick error[39m
    err: {
      "type": "SqliteError",
      "message": "FOREIGN KEY constraint failed",
      "stack":
          SqliteError: FOREIGN KEY constraint failed
              at <anonymous> (E:\LifeSim Mayor Mode\artifacts\api-server\src\lib\simulation-engine.ts:4177:24)
              at sqliteTransaction (E:\LifeSim Mayor Mode\node_modules\.pnpm\better-sqlite3@12.9.0\node_modules\better-sqlite3\lib\methods\transaction.js:65:24)
              at SimulationEngine.syncToDB (E:\LifeSim Mayor Mode\artifacts\api-server\src\lib\simulation-engine.ts:4183:6)
              at async SimulationEngine.tick (E:\LifeSim Mayor Mode\artifacts\api-server\src\lib\simulation-engine.ts:3150:7)
      "code": "SQLITE_CONSTRAINT_FOREIGNKEY"
    }
[09:24:34.843] [31mERROR[39m (44980): [36mTick error[39m
    err: {
      "type": "SqliteError",
      "message": "FOREIGN KEY constraint failed",
      "stack":
          SqliteError: FOREIGN KEY constraint failed
              at <anonymous> (E:\LifeSim Mayor Mode\artifacts\api-server\src\lib\simulation-engine.ts:4177:24)
              at sqliteTransaction (E:\LifeSim Mayor Mode\node_modules\.pnpm\better-sqlite3@12.9.0\node_modules\better-sqlite3\lib\methods\transaction.js:65:24)
              at SimulationEngine.syncToDB (E:\LifeSim Mayor Mode\artifacts\api-server\src\lib\simulation-engine.ts:4183:6)
              at async SimulationEngine.tick (E:\LifeSim Mayor Mode\artifacts\api-server\src\lib\simulation-engine.ts:3150:7)
      "code": "SQLITE_CONSTRAINT_FOREIGNKEY"
    }
[09:24:45.154] [31mERROR[39m (44980): [36mTick error[39m
    err: {
      "type": "SqliteError",
      "message": "FOREIGN KEY constraint failed",
      "stack":
          SqliteError: FOREIGN KEY constraint failed
              at <anonymous> (E:\LifeSim Mayor Mode\artifacts\api-server\src\lib\simulation-engine.ts:4177:24)
              at sqliteTransaction (E:\LifeSim Mayor Mode\node_modules\.pnpm\better-sqlite3@12.9.0\node_modules\better-sqlite3\lib\methods\transaction.js:65:24)
              at SimulationEngine.syncToDB (E:\LifeSim Mayor Mode\artifacts\api-server\src\lib\simulation-engine.ts:4183:6)
              at async SimulationEngine.tick (E:\LifeSim Mayor Mode\artifacts\api-server\src\lib\simulation-engine.ts:3150:7)
      "code": "SQLITE_CONSTRAINT_FOREIGNKEY"
    }
[09:24:55.456] [31mERROR[39m (44980): [36mTick error[39m
    err: {
      "type": "SqliteError",
      "message": "FOREIGN KEY constraint failed",
      "stack":
          SqliteError: FOREIGN KEY constraint failed
              at <anonymous> (E:\LifeSim Mayor Mode\artifacts\api-server\src\lib\simulation-engine.ts:4177:24)
              at sqliteTransaction (E:\LifeSim Mayor Mode\node_modules\.pnpm\better-sqlite3@12.9.0\node_modules\better-sqlite3\lib\methods\transaction.js:65:24)
              at SimulationEngine.syncToDB (E:\LifeSim Mayor Mode\artifacts\api-server\src\lib\simulation-engine.ts:4183:6)
              at async SimulationEngine.tick (E:\LifeSim Mayor Mode\artifacts\api-server\src\lib\simulation-engine.ts:3150:7)
      "code": "SQLITE_CONSTRAINT_FOREIGNKEY"
    }
[09:25:05.764] [31mERROR[39m (44980): [36mTick error[39m
    err: {
      "type": "SqliteError",
      "message": "FOREIGN KEY constraint failed",
      "stack":
          SqliteError: FOREIGN KEY constraint failed
              at <anonymous> (E:\LifeSim Mayor Mode\artifacts\api-server\src\lib\simulation-engine.ts:4177:24)
              at sqliteTransaction (E:\LifeSim Mayor Mode\node_modules\.pnpm\better-sqlite3@12.9.0\node_modules\better-sqlite3\lib\methods\transaction.js:65:24)
              at SimulationEngine.syncToDB (E:\LifeSim Mayor Mode\artifacts\api-server\src\lib\simulation-engine.ts:4183:6)
              at async SimulationEngine.tick (E:\LifeSim Mayor Mode\artifacts\api-server\src\lib\simulation-engine.ts:3150:7)
      "code": "SQLITE_CONSTRAINT_FOREIGNKEY"
    }
[09:25:26.380] [31mERROR[39m (44980): [36mTick error[39m
    err: {
      "type": "SqliteError",
      "message": "FOREIGN KEY constraint failed",
      "stack":
          SqliteError: FOREIGN KEY constraint failed
              at <anonymous> (E:\LifeSim Mayor Mode\artifacts\api-server\src\lib\simulation-engine.ts:4177:24)
              at sqliteTransaction (E:\LifeSim Mayor Mode\node_modules\.pnpm\better-sqlite3@12.9.0\node_modules\better-sqlite3\lib\methods\transaction.js:65:24)
              at SimulationEngine.syncToDB (E:\LifeSim Mayor Mode\artifacts\api-server\src\lib\simulation-engine.ts:4183:6)
              at async SimulationEngine.tick (E:\LifeSim Mayor Mode\artifacts\api-server\src\lib\simulation-engine.ts:3150:7)
      "code": "SQLITE_CONSTRAINT_FOREIGNKEY"
    }
[09:25:36.812] [31mERROR[39m (44980): [36mTick error[39m
    err: {
      "type": "SqliteError",
      "message": "FOREIGN KEY constraint failed",
      "stack":
          SqliteError: FOREIGN KEY constraint failed
              at <anonymous> (E:\LifeSim Mayor Mode\artifacts\api-server\src\lib\simulation-engine.ts:4177:24)
              at sqliteTransaction (E:\LifeSim Mayor Mode\node_modules\.pnpm\better-sqlite3@12.9.0\node_modules\better-sqlite3\lib\methods\transaction.js:65:24)
              at SimulationEngine.syncToDB (E:\LifeSim Mayor Mode\artifacts\api-server\src\lib\simulation-engine.ts:4183:6)
              at async SimulationEngine.tick (E:\LifeSim Mayor Mode\artifacts\api-server\src\lib\simulation-engine.ts:3150:7)
      "code": "SQLITE_CONSTRAINT_FOREIGNKEY"
    }
[09:25:47.016] [32mINFO[39m (44980): [36mAgents died[39m
    [35mcount[39m: 6
    [35mpopulation[39m: 942
[09:25:47.018] [32mINFO[39m (44980): [36mNew agents born[39m
    [35mcount[39m: 9
    [35mpopulation[39m: 951
[09:25:47.029] [32mINFO[39m (44980): [36mAgents emigrated[39m
    [35mcount[39m: 20
    [35mpopulation[39m: 931
    [35mwellbeingScore[39m: 0.78
[09:25:47.031] [32mINFO[39m (44980): [36mAgents immigrated[39m
    [35mcount[39m: 11
    [35mpopulation[39m: 942
    [35mwellbeingScore[39m: 0.78
[09:25:47.032] [32mINFO[39m (44980): [36mOne-time government survival bailout issued[39m
    [35mbizId[39m: 27
    [35mbizName[39m: "Закусочная №17"
    [35mbalanceAfter[39m: 620
    [35mbailoutAmount[39m: 800
[09:25:47.032] [32mINFO[39m (44980): [36mOne-time government survival bailout issued[39m
    [35mbizId[39m: 98
    [35mbizName[39m: "Столовая     №34"
    [35mbalanceAfter[39m: 514
    [35mbailoutAmount[39m: 800
[09:25:47.032] [32mINFO[39m (44980): [36mOne-time government survival bailout issued[39m
    [35mbizId[39m: 103
    [35mbizName[39m: "Парикмахерская  №30"
    [35mbalanceAfter[39m: 526
    [35mbailoutAmount[39m: 800
[09:25:47.032] [32mINFO[39m (44980): [36mOne-time government survival bailout issued[39m
    [35mbizId[39m: 108
    [35mbizName[39m: "Ресторан     №36"
    [35mbalanceAfter[39m: 618
    [35mbailoutAmount[39m: 800
[09:25:47.032] [32mINFO[39m (44980): [36mOne-time government survival bailout issued[39m
    [35mbizId[39m: 116
    [35mbizName[39m: "Закусочная     №40"
    [35mbalanceAfter[39m: 643
    [35mbailoutAmount[39m: 800
[09:25:47.033] [32mINFO[39m (44980): [36mSelf-funded business opened[39m
    [35magentId[39m: 1581
    [35mbizName[39m: "Пекарня     №67"
    [35mbizType[39m: "food"
    [35mlaunchCost[39m: 2000
    [35msuccessScore[39m: 34
    [35magentMoney[39m: 7196
[09:25:47.034] [32mINFO[39m (44980): [36mGovernment grant approved (need-driven)[39m
    [35magentId[39m: 2917
    [35mbizName[39m: "Кафе     №68"
    [35mbizType[39m: "food"
    [35mlaunchCost[39m: 2000
    [35msuccessScore[39m: 34
    [35mneedScore[39m: 51
    [35mmarketRatio[39m: 0.66
    [35mgovBudgetAfter[39m: 136939
[09:25:47.034] [32mINFO[39m (44980): [36mGovernment grant approved (need-driven)[39m
    [35magentId[39m: 1640
    [35mbizName[39m: "Сервисный центр  №45"
    [35mbizType[39m: "service"
    [35mlaunchCost[39m: 1500
    [35msuccessScore[39m: 33
    [35mneedScore[39m: 74
    [35mmarketRatio[39m: 0.19
    [35mgovBudgetAfter[39m: 135439
[09:25:47.035] [32mINFO[39m (44980): [36mGovernment grant approved (need-driven)[39m
    [35magentId[39m: 1998
    [35mbizName[39m: "Завод комплектующих №18"
    [35mbizType[39m: "workshop"
    [35mlaunchCost[39m: 2200
    [35msuccessScore[39m: 33
    [35mneedScore[39m: 0
    [35mmarketRatio[39m: 1
    [35mgovBudgetAfter[39m: 133239
[09:25:47.179] [31mERROR[39m (44980): [36mTick error[39m
    err: {
      "type": "SqliteError",
      "message": "FOREIGN KEY constraint failed",
      "stack":
          SqliteError: FOREIGN KEY constraint failed
              at <anonymous> (E:\LifeSim Mayor Mode\artifacts\api-server\src\lib\simulation-engine.ts:4177:24)
              at sqliteTransaction (E:\LifeSim Mayor Mode\node_modules\.pnpm\better-sqlite3@12.9.0\node_modules\better-sqlite3\lib\methods\transaction.js:65:24)
              at SimulationEngine.syncToDB (E:\LifeSim Mayor Mode\artifacts\api-server\src\lib\simulation-engine.ts:4183:6)
              at async SimulationEngine.tick (E:\LifeSim Mayor Mode\artifacts\api-server\src\lib\simulation-engine.ts:3150:7)
      "code": "SQLITE_CONSTRAINT_FOREIGNKEY"
    }
[09:25:57.619] [31mERROR[39m (44980): [36mTick error[39m
    err: {
      "type": "SqliteError",
      "message": "FOREIGN KEY constraint failed",
      "stack":
          SqliteError: FOREIGN KEY constraint failed
              at <anonymous> (E:\LifeSim Mayor Mode\artifacts\api-server\src\lib\simulation-engine.ts:4177:24)
              at sqliteTransaction (E:\LifeSim Mayor Mode\node_modules\.pnpm\better-sqlite3@12.9.0\node_modules\better-sqlite3\lib\methods\transaction.js:65:24)
              at SimulationEngine.syncToDB (E:\LifeSim Mayor Mode\artifacts\api-server\src\lib\simulation-engine.ts:4183:6)
              at async SimulationEngine.tick (E:\LifeSim Mayor Mode\artifacts\api-server\src\lib\simulation-engine.ts:3150:7)
      "code": "SQLITE_CONSTRAINT_FOREIGNKEY"
    }
[09:26:08.058] [31mERROR[39m (44980): [36mTick error[39m
    err: {
      "type": "SqliteError",
      "message": "FOREIGN KEY constraint failed",
      "stack":
          SqliteError: FOREIGN KEY constraint failed
              at <anonymous> (E:\LifeSim Mayor Mode\artifacts\api-server\src\lib\simulation-engine.ts:4177:24)
              at sqliteTransaction (E:\LifeSim Mayor Mode\node_modules\.pnpm\better-sqlite3@12.9.0\node_modules\better-sqlite3\lib\methods\transaction.js:65:24)
              at SimulationEngine.syncToDB (E:\LifeSim Mayor Mode\artifacts\api-server\src\lib\simulation-engine.ts:4183:6)
              at async SimulationEngine.tick (E:\LifeSim Mayor Mode\artifacts\api-server\src\lib\simulation-engine.ts:3150:7)
      "code": "SQLITE_CONSTRAINT_FOREIGNKEY"
    }
[09:26:18.579] [31mERROR[39m (44980): [36mTick error[39m
    err: {
      "type": "SqliteError",
      "message": "FOREIGN KEY constraint failed",
      "stack":
          SqliteError: FOREIGN KEY constraint failed
              at <anonymous> (E:\LifeSim Mayor Mode\artifacts\api-server\src\lib\simulation-engine.ts:4177:24)
              at sqliteTransaction (E:\LifeSim Mayor Mode\node_modules\.pnpm\better-sqlite3@12.9.0\node_modules\better-sqlite3\lib\methods\transaction.js:65:24)
              at SimulationEngine.syncToDB (E:\LifeSim Mayor Mode\artifacts\api-server\src\lib\simulation-engine.ts:4183:6)
              at async SimulationEngine.tick (E:\LifeSim Mayor Mode\artifacts\api-server\src\lib\simulation-engine.ts:3150:7)
      "code": "SQLITE_CONSTRAINT_FOREIGNKEY"
    }
[09:26:28.876] [31mERROR[39m (44980): [36mTick error[39m
    err: {
      "type": "SqliteError",
      "message": "FOREIGN KEY constraint failed",
      "stack":
          SqliteError: FOREIGN KEY constraint failed
              at <anonymous> (E:\LifeSim Mayor Mode\artifacts\api-server\src\lib\simulation-engine.ts:4177:24)
              at sqliteTransaction (E:\LifeSim Mayor Mode\node_modules\.pnpm\better-sqlite3@12.9.0\node_modules\better-sqlite3\lib\methods\transaction.js:65:24)
              at SimulationEngine.syncToDB (E:\LifeSim Mayor Mode\artifacts\api-server\src\lib\simulation-engine.ts:4183:6)
              at async SimulationEngine.tick (E:\LifeSim Mayor Mode\artifacts\api-server\src\lib\simulation-engine.ts:3150:7)
      "code": "SQLITE_CONSTRAINT_FOREIGNKEY"
    }
[09:26:39.311] [31mERROR[39m (44980): [36mTick error[39m
    err: {
      "type": "SqliteError",
      "message": "FOREIGN KEY constraint failed",
      "stack":
          SqliteError: FOREIGN KEY constraint failed
              at <anonymous> (E:\LifeSim Mayor Mode\artifacts\api-server\src\lib\simulation-engine.ts:4177:24)
              at sqliteTransaction (E:\LifeSim Mayor Mode\node_modules\.pnpm\better-sqlite3@12.9.0\node_modules\better-sqlite3\lib\methods\transaction.js:65:24)
              at SimulationEngine.syncToDB (E:\LifeSim Mayor Mode\artifacts\api-server\src\lib\simulation-engine.ts:4183:6)
              at async SimulationEngine.tick (E:\LifeSim Mayor Mode\artifacts\api-server\src\lib\simulation-engine.ts:3150:7)
      "code": "SQLITE_CONSTRAINT_FOREIGNKEY"
    }
[09:26:49.763] [31mERROR[39m (44980): [36mTick error[39m
    err: {
      "type": "SqliteError",
      "message": "FOREIGN KEY constraint failed",
      "stack":
          SqliteError: FOREIGN KEY constraint failed
              at <anonymous> (E:\LifeSim Mayor Mode\artifacts\api-server\src\lib\simulation-engine.ts:4177:24)
              at sqliteTransaction (E:\LifeSim Mayor Mode\node_modules\.pnpm\better-sqlite3@12.9.0\node_modules\better-sqlite3\lib\methods\transaction.js:65:24)
              at SimulationEngine.syncToDB (E:\LifeSim Mayor Mode\artifacts\api-server\src\lib\simulation-engine.ts:4183:6)
              at async SimulationEngine.tick (E:\LifeSim Mayor Mode\artifacts\api-server\src\lib\simulation-engine.ts:3150:7)
      "code": "SQLITE_CONSTRAINT_FOREIGNKEY"
    }
[09:27:00.138] [31mERROR[39m (44980): [36mTick error[39m
    err: {
      "type": "SqliteError",
      "message": "FOREIGN KEY constraint failed",
      "stack":
          SqliteError: FOREIGN KEY constraint failed
              at <anonymous> (E:\LifeSim Mayor Mode\artifacts\api-server\src\lib\simulation-engine.ts:4177:24)
              at sqliteTransaction (E:\LifeSim Mayor Mode\node_modules\.pnpm\better-sqlite3@12.9.0\node_modules\better-sqlite3\lib\methods\transaction.js:65:24)
              at SimulationEngine.syncToDB (E:\LifeSim Mayor Mode\artifacts\api-server\src\lib\simulation-engine.ts:4183:6)
              at async SimulationEngine.tick (E:\LifeSim Mayor Mode\artifacts\api-server\src\lib\simulation-engine.ts:3150:7)
      "code": "SQLITE_CONSTRAINT_FOREIGNKEY"
    }
[09:27:10.630] [31mERROR[39m (44980): [36mTick error[39m
    err: {
      "type": "SqliteError",
      "message": "FOREIGN KEY constraint failed",
      "stack":
          SqliteError: FOREIGN KEY constraint failed
              at <anonymous> (E:\LifeSim Mayor Mode\artifacts\api-server\src\lib\simulation-engine.ts:4177:24)
              at sqliteTransaction (E:\LifeSim Mayor Mode\node_modules\.pnpm\better-sqlite3@12.9.0\node_modules\better-sqlite3\lib\methods\transaction.js:65:24)
              at SimulationEngine.syncToDB (E:\LifeSim Mayor Mode\artifacts\api-server\src\lib\simulation-engine.ts:4183:6)
              at async SimulationEngine.tick (E:\LifeSim Mayor Mode\artifacts\api-server\src\lib\simulation-engine.ts:3150:7)
      "code": "SQLITE_CONSTRAINT_FOREIGNKEY"
    }
[09:27:20.954] [31mERROR[39m (44980): [36mTick error[39m
    err: {
      "type": "SqliteError",
      "message": "FOREIGN KEY constraint failed",
      "stack":
          SqliteError: FOREIGN KEY constraint failed
              at <anonymous> (E:\LifeSim Mayor Mode\artifacts\api-server\src\lib\simulation-engine.ts:4177:24)
              at sqliteTransaction (E:\LifeSim Mayor Mode\node_modules\.pnpm\better-sqlite3@12.9.0\node_modules\better-sqlite3\lib\methods\transaction.js:65:24)
              at SimulationEngine.syncToDB (E:\LifeSim Mayor Mode\artifacts\api-server\src\lib\simulation-engine.ts:4183:6)
              at async SimulationEngine.tick (E:\LifeSim Mayor Mode\artifacts\api-server\src\lib\simulation-engine.ts:3150:7)
      "code": "SQLITE_CONSTRAINT_FOREIGNKEY"
    }
[09:27:31.375] [31mERROR[39m (44980): [36mTick error[39m
    err: {
      "type": "SqliteError",
      "message": "FOREIGN KEY constraint failed",
      "stack":
          SqliteError: FOREIGN KEY constraint failed
              at <anonymous> (E:\LifeSim Mayor Mode\artifacts\api-server\src\lib\simulation-engine.ts:4177:24)
              at sqliteTransaction (E:\LifeSim Mayor Mode\node_modules\.pnpm\better-sqlite3@12.9.0\node_modules\better-sqlite3\lib\methods\transaction.js:65:24)
              at SimulationEngine.syncToDB (E:\LifeSim Mayor Mode\artifacts\api-server\src\lib\simulation-engine.ts:4183:6)
              at async SimulationEngine.tick (E:\LifeSim Mayor Mode\artifacts\api-server\src\lib\simulation-engine.ts:3150:7)
      "code": "SQLITE_CONSTRAINT_FOREIGNKEY"
    }
[09:27:41.707] [31mERROR[39m (44980): [36mTick error[39m
    err: {
      "type": "SqliteError",
      "message": "FOREIGN KEY constraint failed",
      "stack":
          SqliteError: FOREIGN KEY constraint failed
              at <anonymous> (E:\LifeSim Mayor Mode\artifacts\api-server\src\lib\simulation-engine.ts:4177:24)
              at sqliteTransaction (E:\LifeSim Mayor Mode\node_modules\.pnpm\better-sqlite3@12.9.0\node_modules\better-sqlite3\lib\methods\transaction.js:65:24)
              at SimulationEngine.syncToDB (E:\LifeSim Mayor Mode\artifacts\api-server\src\lib\simulation-engine.ts:4183:6)
              at async SimulationEngine.tick (E:\LifeSim Mayor Mode\artifacts\api-server\src\lib\simulation-engine.ts:3150:7)
      "code": "SQLITE_CONSTRAINT_FOREIGNKEY"
    }
[09:27:52.148] [31mERROR[39m (44980): [36mTick error[39m
    err: {
      "type": "SqliteError",
      "message": "FOREIGN KEY constraint failed",
      "stack":
          SqliteError: FOREIGN KEY constraint failed
              at <anonymous> (E:\LifeSim Mayor Mode\artifacts\api-server\src\lib\simulation-engine.ts:4177:24)
              at sqliteTransaction (E:\LifeSim Mayor Mode\node_modules\.pnpm\better-sqlite3@12.9.0\node_modules\better-sqlite3\lib\methods\transaction.js:65:24)
              at SimulationEngine.syncToDB (E:\LifeSim Mayor Mode\artifacts\api-server\src\lib\simulation-engine.ts:4183:6)
              at async SimulationEngine.tick (E:\LifeSim Mayor Mode\artifacts\api-server\src\lib\simulation-engine.ts:3150:7)
      "code": "SQLITE_CONSTRAINT_FOREIGNKEY"
    }
[09:28:02.598] [31mERROR[39m (44980): [36mTick error[39m
    err: {
      "type": "SqliteError",
      "message": "FOREIGN KEY constraint failed",
      "stack":
          SqliteError: FOREIGN KEY constraint failed
              at <anonymous> (E:\LifeSim Mayor Mode\artifacts\api-server\src\lib\simulation-engine.ts:4177:24)
              at sqliteTransaction (E:\LifeSim Mayor Mode\node_modules\.pnpm\better-sqlite3@12.9.0\node_modules\better-sqlite3\lib\methods\transaction.js:65:24)
              at SimulationEngine.syncToDB (E:\LifeSim Mayor Mode\artifacts\api-server\src\lib\simulation-engine.ts:4183:6)
              at async SimulationEngine.tick (E:\LifeSim Mayor Mode\artifacts\api-server\src\lib\simulation-engine.ts:3150:7)
      "code": "SQLITE_CONSTRAINT_FOREIGNKEY"
    }
[09:28:13.021] [31mERROR[39m (44980): [36mTick error[39m
    err: {
      "type": "SqliteError",
      "message": "FOREIGN KEY constraint failed",
      "stack":
          SqliteError: FOREIGN KEY constraint failed
              at <anonymous> (E:\LifeSim Mayor Mode\artifacts\api-server\src\lib\simulation-engine.ts:4177:24)
              at sqliteTransaction (E:\LifeSim Mayor Mode\node_modules\.pnpm\better-sqlite3@12.9.0\node_modules\better-sqlite3\lib\methods\transaction.js:65:24)
              at SimulationEngine.syncToDB (E:\LifeSim Mayor Mode\artifacts\api-server\src\lib\simulation-engine.ts:4183:6)
              at async SimulationEngine.tick (E:\LifeSim Mayor Mode\artifacts\api-server\src\lib\simulation-engine.ts:3150:7)
      "code": "SQLITE_CONSTRAINT_FOREIGNKEY"
    }
[09:28:34.020] [31mERROR[39m (44980): [36mTick error[39m
    err: {
      "type": "SqliteError",
      "message": "FOREIGN KEY constraint failed",
      "stack":
          SqliteError: FOREIGN KEY constraint failed
              at <anonymous> (E:\LifeSim Mayor Mode\artifacts\api-server\src\lib\simulation-engine.ts:4177:24)
              at sqliteTransaction (E:\LifeSim Mayor Mode\node_modules\.pnpm\better-sqlite3@12.9.0\node_modules\better-sqlite3\lib\methods\transaction.js:65:24)
              at SimulationEngine.syncToDB (E:\LifeSim Mayor Mode\artifacts\api-server\src\lib\simulation-engine.ts:4183:6)
              at async SimulationEngine.tick (E:\LifeSim Mayor Mode\artifacts\api-server\src\lib\simulation-engine.ts:3150:7)
      "code": "SQLITE_CONSTRAINT_FOREIGNKEY"
    }
[09:28:44.433] [31mERROR[39m (44980): [36mTick error[39m
    err: {
      "type": "SqliteError",
      "message": "FOREIGN KEY constraint failed",
      "stack":
          SqliteError: FOREIGN KEY constraint failed
              at <anonymous> (E:\LifeSim Mayor Mode\artifacts\api-server\src\lib\simulation-engine.ts:4177:24)
              at sqliteTransaction (E:\LifeSim Mayor Mode\node_modules\.pnpm\better-sqlite3@12.9.0\node_modules\better-sqlite3\lib\methods\transaction.js:65:24)
              at SimulationEngine.syncToDB (E:\LifeSim Mayor Mode\artifacts\api-server\src\lib\simulation-engine.ts:4183:6)
              at async SimulationEngine.tick (E:\LifeSim Mayor Mode\artifacts\api-server\src\lib\simulation-engine.ts:3150:7)
      "code": "SQLITE_CONSTRAINT_FOREIGNKEY"
    }
[09:28:54.745] [31mERROR[39m (44980): [36mTick error[39m
    err: {
      "type": "SqliteError",
      "message": "FOREIGN KEY constraint failed",
      "stack":
          SqliteError: FOREIGN KEY constraint failed
              at <anonymous> (E:\LifeSim Mayor Mode\artifacts\api-server\src\lib\simulation-engine.ts:4177:24)
              at sqliteTransaction (E:\LifeSim Mayor Mode\node_modules\.pnpm\better-sqlite3@12.9.0\node_modules\better-sqlite3\lib\methods\transaction.js:65:24)
              at SimulationEngine.syncToDB (E:\LifeSim Mayor Mode\artifacts\api-server\src\lib\simulation-engine.ts:4183:6)
              at async SimulationEngine.tick (E:\LifeSim Mayor Mode\artifacts\api-server\src\lib\simulation-engine.ts:3150:7)
      "code": "SQLITE_CONSTRAINT_FOREIGNKEY"
    }
[09:29:05.064] [31mERROR[39m (44980): [36mTick error[39m
    err: {
      "type": "SqliteError",
      "message": "FOREIGN KEY constraint failed",
      "stack":
          SqliteError: FOREIGN KEY constraint failed
              at <anonymous> (E:\LifeSim Mayor Mode\artifacts\api-server\src\lib\simulation-engine.ts:4177:24)
              at sqliteTransaction (E:\LifeSim Mayor Mode\node_modules\.pnpm\better-sqlite3@12.9.0\node_modules\better-sqlite3\lib\methods\transaction.js:65:24)
              at SimulationEngine.syncToDB (E:\LifeSim Mayor Mode\artifacts\api-server\src\lib\simulation-engine.ts:4183:6)
              at async SimulationEngine.tick (E:\LifeSim Mayor Mode\artifacts\api-server\src\lib\simulation-engine.ts:3150:7)
      "code": "SQLITE_CONSTRAINT_FOREIGNKEY"
    }
[09:29:15.324] [31mERROR[39m (44980): [36mTick error[39m
    err: {
      "type": "SqliteError",
      "message": "FOREIGN KEY constraint failed",
      "stack":
          SqliteError: FOREIGN KEY constraint failed
              at <anonymous> (E:\LifeSim Mayor Mode\artifacts\api-server\src\lib\simulation-engine.ts:4177:24)
              at sqliteTransaction (E:\LifeSim Mayor Mode\node_modules\.pnpm\better-sqlite3@12.9.0\node_modules\better-sqlite3\lib\methods\transaction.js:65:24)
              at SimulationEngine.syncToDB (E:\LifeSim Mayor Mode\artifacts\api-server\src\lib\simulation-engine.ts:4183:6)
              at async SimulationEngine.tick (E:\LifeSim Mayor Mode\artifacts\api-server\src\lib\simulation-engine.ts:3150:7)
      "code": "SQLITE_CONSTRAINT_FOREIGNKEY"
    }
[09:29:35.942] [31mERROR[39m (44980): [36mTick error[39m
    err: {
      "type": "SqliteError",
      "message": "FOREIGN KEY constraint failed",
      "stack":
          SqliteError: FOREIGN KEY constraint failed
              at <anonymous> (E:\LifeSim Mayor Mode\artifacts\api-server\src\lib\simulation-engine.ts:4177:24)
              at sqliteTransaction (E:\LifeSim Mayor Mode\node_modules\.pnpm\better-sqlite3@12.9.0\node_modules\better-sqlite3\lib\methods\transaction.js:65:24)
              at SimulationEngine.syncToDB (E:\LifeSim Mayor Mode\artifacts\api-server\src\lib\simulation-engine.ts:4183:6)
              at async SimulationEngine.tick (E:\LifeSim Mayor Mode\artifacts\api-server\src\lib\simulation-engine.ts:3150:7)
      "code": "SQLITE_CONSTRAINT_FOREIGNKEY"
    }
[09:29:46.212] [31mERROR[39m (44980): [36mTick error[39m
    err: {
      "type": "SqliteError",
      "message": "FOREIGN KEY constraint failed",
      "stack":
          SqliteError: FOREIGN KEY constraint failed
              at <anonymous> (E:\LifeSim Mayor Mode\artifacts\api-server\src\lib\simulation-engine.ts:4177:24)
              at sqliteTransaction (E:\LifeSim Mayor Mode\node_modules\.pnpm\better-sqlite3@12.9.0\node_modules\better-sqlite3\lib\methods\transaction.js:65:24)
              at SimulationEngine.syncToDB (E:\LifeSim Mayor Mode\artifacts\api-server\src\lib\simulation-engine.ts:4183:6)
              at async SimulationEngine.tick (E:\LifeSim Mayor Mode\artifacts\api-server\src\lib\simulation-engine.ts:3150:7)
      "code": "SQLITE_CONSTRAINT_FOREIGNKEY"
    }
[09:29:56.379] [32mINFO[39m (44980): [36mAgents died[39m
    [35mcount[39m: 6
    [35mpopulation[39m: 936
[09:29:56.381] [32mINFO[39m (44980): [36mNew agents born[39m
    [35mcount[39m: 9
    [35mpopulation[39m: 945
[09:29:56.388] [32mINFO[39m (44980): [36mAgents emigrated[39m
    [35mcount[39m: 9
    [35mpopulation[39m: 936
    [35mwellbeingScore[39m: 0.78
[09:29:56.390] [32mINFO[39m (44980): [36mAgents immigrated[39m
    [35mcount[39m: 11
    [35mpopulation[39m: 947
    [35mwellbeingScore[39m: 0.78
[09:29:56.391] [32mINFO[39m (44980): [36mOne-time government survival bailout issued[39m
    [35mbizId[39m: 21
    [35mbizName[39m: "Закусочная №11"
    [35mbalanceAfter[39m: 183
    [35mbailoutAmount[39m: 800
[09:29:56.391] [32mINFO[39m (44980): [36mOne-time government survival bailout issued[39m
    [35mbizId[39m: 35
    [35mbizName[39m: "Столовая №25"
    [35mbalanceAfter[39m: 630
    [35mbailoutAmount[39m: 800
[09:29:56.391] [32mINFO[39m (44980): [36mOne-time government survival bailout issued[39m
    [35mbizId[39m: 113
    [35mbizName[39m: "Парикмахерская  №34"
    [35mbalanceAfter[39m: 610
    [35mbailoutAmount[39m: 800
[09:29:56.391] [32mINFO[39m (44980): [36mOne-time government survival bailout issued[39m
    [35mbizId[39m: 117
    [35mbizName[39m: "Пекарня     №36"
    [35mbalanceAfter[39m: 332
    [35mbailoutAmount[39m: 800
[09:29:56.391] [32mINFO[39m (44980): [36mOne-time government survival bailout issued[39m
    [35mbizId[39m: 122
    [35mbizName[39m: "Пекарня     №41"
    [35mbalanceAfter[39m: 599
    [35mbailoutAmount[39m: 800
[09:29:56.393] [32mINFO[39m (44980): [36mSelf-funded business opened[39m
    [35magentId[39m: 1556
    [35mbizName[39m: "Фабрика материалов №19"
    [35mbizType[39m: "workshop"
    [35mlaunchCost[39m: 2200
    [35msuccessScore[39m: 33
    [35magentMoney[39m: 4604
[09:29:56.393] [32mINFO[39m (44980): [36mSelf-funded business opened[39m
    [35magentId[39m: 1636
    [35mbizName[39m: "Завод комплектующих №20"
    [35mbizType[39m: "workshop"
    [35mlaunchCost[39m: 2200
    [35msuccessScore[39m: 33
    [35magentMoney[39m: 7482
[09:29:56.394] [32mINFO[39m (44980): [36mGovernment grant approved (need-driven)[39m
    [35magentId[39m: 1169
    [35mbizName[39m: "Производственный цех №21"
    [35mbizType[39m: "workshop"
    [35mlaunchCost[39m: 2200
    [35msuccessScore[39m: 33
    [35mneedScore[39m: 0
    [35mmarketRatio[39m: 1
    [35mgovBudgetAfter[39m: 133145
[09:29:56.395] [32mINFO[39m (44980): [36mGovernment grant approved (need-driven)[39m
    [35magentId[39m: 3043
    [35mbizName[39m: "Тепличный комбинат     №30"
    [35mbizType[39m: "farm"
    [35mlaunchCost[39m: 1800
    [35msuccessScore[39m: 33
    [35mneedScore[39m: 0
    [35mmarketRatio[39m: 1
    [35mgovBudgetAfter[39m: 131345
[09:29:56.395] [32mINFO[39m (44980): [36mGovernment grant approved (need-driven)[39m
    [35magentId[39m: 3041
    [35mbizName[39m: "Овощная ферма     №31"
    [35mbizType[39m: "farm"
    [35mlaunchCost[39m: 1800
    [35msuccessScore[39m: 33
    [35mneedScore[39m: 0
    [35mmarketRatio[39m: 1
    [35mgovBudgetAfter[39m: 129545
[09:30:06.991] [31mERROR[39m (44980): [36mTick error[39m
    err: {
      "type": "SqliteError",
      "message": "FOREIGN KEY constraint failed",
      "stack":
          SqliteError: FOREIGN KEY constraint failed
              at <anonymous> (E:\LifeSim Mayor Mode\artifacts\api-server\src\lib\simulation-engine.ts:4177:24)
              at sqliteTransaction (E:\LifeSim Mayor Mode\node_modules\.pnpm\better-sqlite3@12.9.0\node_modules\better-sqlite3\lib\methods\transaction.js:65:24)
              at SimulationEngine.syncToDB (E:\LifeSim Mayor Mode\artifacts\api-server\src\lib\simulation-engine.ts:4183:6)
              at async SimulationEngine.tick (E:\LifeSim Mayor Mode\artifacts\api-server\src\lib\simulation-engine.ts:3150:7)
      "code": "SQLITE_CONSTRAINT_FOREIGNKEY"
    }
[09:30:17.271] [31mERROR[39m (44980): [36mTick error[39m
    err: {
      "type": "SqliteError",
      "message": "FOREIGN KEY constraint failed",
      "stack":
          SqliteError: FOREIGN KEY constraint failed
              at <anonymous> (E:\LifeSim Mayor Mode\artifacts\api-server\src\lib\simulation-engine.ts:4177:24)
              at sqliteTransaction (E:\LifeSim Mayor Mode\node_modules\.pnpm\better-sqlite3@12.9.0\node_modules\better-sqlite3\lib\methods\transaction.js:65:24)
              at SimulationEngine.syncToDB (E:\LifeSim Mayor Mode\artifacts\api-server\src\lib\simulation-engine.ts:4183:6)
              at async SimulationEngine.tick (E:\LifeSim Mayor Mode\artifacts\api-server\src\lib\simulation-engine.ts:3150:7)
      "code": "SQLITE_CONSTRAINT_FOREIGNKEY"
    }
[09:30:27.531] [31mERROR[39m (44980): [36mTick error[39m
    err: {
      "type": "SqliteError",
      "message": "FOREIGN KEY constraint failed",
      "stack":
          SqliteError: FOREIGN KEY constraint failed
              at <anonymous> (E:\LifeSim Mayor Mode\artifacts\api-server\src\lib\simulation-engine.ts:4177:24)
              at sqliteTransaction (E:\LifeSim Mayor Mode\node_modules\.pnpm\better-sqlite3@12.9.0\node_modules\better-sqlite3\lib\methods\transaction.js:65:24)
              at SimulationEngine.syncToDB (E:\LifeSim Mayor Mode\artifacts\api-server\src\lib\simulation-engine.ts:4183:6)
              at async SimulationEngine.tick (E:\LifeSim Mayor Mode\artifacts\api-server\src\lib\simulation-engine.ts:3150:7)
      "code": "SQLITE_CONSTRAINT_FOREIGNKEY"
    }
[09:30:37.759] [31mERROR[39m (44980): [36mTick error[39m
    err: {
      "type": "SqliteError",
      "message": "FOREIGN KEY constraint failed",
      "stack":
          SqliteError: FOREIGN KEY constraint failed
              at <anonymous> (E:\LifeSim Mayor Mode\artifacts\api-server\src\lib\simulation-engine.ts:4177:24)
              at sqliteTransaction (E:\LifeSim Mayor Mode\node_modules\.pnpm\better-sqlite3@12.9.0\node_modules\better-sqlite3\lib\methods\transaction.js:65:24)
              at SimulationEngine.syncToDB (E:\LifeSim Mayor Mode\artifacts\api-server\src\lib\simulation-engine.ts:4183:6)
              at async SimulationEngine.tick (E:\LifeSim Mayor Mode\artifacts\api-server\src\lib\simulation-engine.ts:3150:7)
      "code": "SQLITE_CONSTRAINT_FOREIGNKEY"
    }
[09:30:47.986] [31mERROR[39m (44980): [36mTick error[39m
    err: {
      "type": "SqliteError",
      "message": "FOREIGN KEY constraint failed",
      "stack":
          SqliteError: FOREIGN KEY constraint failed
              at <anonymous> (E:\LifeSim Mayor Mode\artifacts\api-server\src\lib\simulation-engine.ts:4177:24)
              at sqliteTransaction (E:\LifeSim Mayor Mode\node_modules\.pnpm\better-sqlite3@12.9.0\node_modules\better-sqlite3\lib\methods\transaction.js:65:24)
              at SimulationEngine.syncToDB (E:\LifeSim Mayor Mode\artifacts\api-server\src\lib\simulation-engine.ts:4183:6)
              at async SimulationEngine.tick (E:\LifeSim Mayor Mode\artifacts\api-server\src\lib\simulation-engine.ts:3150:7)
      "code": "SQLITE_CONSTRAINT_FOREIGNKEY"
    }
[09:30:58.216] [31mERROR[39m (44980): [36mTick error[39m
    err: {
      "type": "SqliteError",
      "message": "FOREIGN KEY constraint failed",
      "stack":
          SqliteError: FOREIGN KEY constraint failed
              at <anonymous> (E:\LifeSim Mayor Mode\artifacts\api-server\src\lib\simulation-engine.ts:4177:24)
              at sqliteTransaction (E:\LifeSim Mayor Mode\node_modules\.pnpm\better-sqlite3@12.9.0\node_modules\better-sqlite3\lib\methods\transaction.js:65:24)
              at SimulationEngine.syncToDB (E:\LifeSim Mayor Mode\artifacts\api-server\src\lib\simulation-engine.ts:4183:6)
              at async SimulationEngine.tick (E:\LifeSim Mayor Mode\artifacts\api-server\src\lib\simulation-engine.ts:3150:7)
      "code": "SQLITE_CONSTRAINT_FOREIGNKEY"
    }
[09:31:08.465] [31mERROR[39m (44980): [36mTick error[39m
    err: {
      "type": "SqliteError",
      "message": "FOREIGN KEY constraint failed",
      "stack":
          SqliteError: FOREIGN KEY constraint failed
              at <anonymous> (E:\LifeSim Mayor Mode\artifacts\api-server\src\lib\simulation-engine.ts:4177:24)
              at sqliteTransaction (E:\LifeSim Mayor Mode\node_modules\.pnpm\better-sqlite3@12.9.0\node_modules\better-sqlite3\lib\methods\transaction.js:65:24)
              at SimulationEngine.syncToDB (E:\LifeSim Mayor Mode\artifacts\api-server\src\lib\simulation-engine.ts:4183:6)
              at async SimulationEngine.tick (E:\LifeSim Mayor Mode\artifacts\api-server\src\lib\simulation-engine.ts:3150:7)
      "code": "SQLITE_CONSTRAINT_FOREIGNKEY"
    }
[09:31:18.701] [31mERROR[39m (44980): [36mTick error[39m
    err: {
      "type": "SqliteError",
      "message": "FOREIGN KEY constraint failed",
      "stack":
          SqliteError: FOREIGN KEY constraint failed
              at <anonymous> (E:\LifeSim Mayor Mode\artifacts\api-server\src\lib\simulation-engine.ts:4177:24)
              at sqliteTransaction (E:\LifeSim Mayor Mode\node_modules\.pnpm\better-sqlite3@12.9.0\node_modules\better-sqlite3\lib\methods\transaction.js:65:24)
              at SimulationEngine.syncToDB (E:\LifeSim Mayor Mode\artifacts\api-server\src\lib\simulation-engine.ts:4183:6)
              at async SimulationEngine.tick (E:\LifeSim Mayor Mode\artifacts\api-server\src\lib\simulation-engine.ts:3150:7)
      "code": "SQLITE_CONSTRAINT_FOREIGNKEY"
    }
[09:31:28.939] [31mERROR[39m (44980): [36mTick error[39m
    err: {
      "type": "SqliteError",
      "message": "FOREIGN KEY constraint failed",
      "stack":
          SqliteError: FOREIGN KEY constraint failed
              at <anonymous> (E:\LifeSim Mayor Mode\artifacts\api-server\src\lib\simulation-engine.ts:4177:24)
              at sqliteTransaction (E:\LifeSim Mayor Mode\node_modules\.pnpm\better-sqlite3@12.9.0\node_modules\better-sqlite3\lib\methods\transaction.js:65:24)
              at SimulationEngine.syncToDB (E:\LifeSim Mayor Mode\artifacts\api-server\src\lib\simulation-engine.ts:4183:6)
              at async SimulationEngine.tick (E:\LifeSim Mayor Mode\artifacts\api-server\src\lib\simulation-engine.ts:3150:7)
      "code": "SQLITE_CONSTRAINT_FOREIGNKEY"
    }
[09:31:39.196] [31mERROR[39m (44980): [36mTick error[39m
    err: {
      "type": "SqliteError",
      "message": "FOREIGN KEY constraint failed",
      "stack":
          SqliteError: FOREIGN KEY constraint failed
              at <anonymous> (E:\LifeSim Mayor Mode\artifacts\api-server\src\lib\simulation-engine.ts:4177:24)
              at sqliteTransaction (E:\LifeSim Mayor Mode\node_modules\.pnpm\better-sqlite3@12.9.0\node_modules\better-sqlite3\lib\methods\transaction.js:65:24)
              at SimulationEngine.syncToDB (E:\LifeSim Mayor Mode\artifacts\api-server\src\lib\simulation-engine.ts:4183:6)
              at async SimulationEngine.tick (E:\LifeSim Mayor Mode\artifacts\api-server\src\lib\simulation-engine.ts:3150:7)
      "code": "SQLITE_CONSTRAINT_FOREIGNKEY"
    }
[09:31:49.453] [31mERROR[39m (44980): [36mTick error[39m
    err: {
      "type": "SqliteError",
      "message": "FOREIGN KEY constraint failed",
      "stack":
          SqliteError: FOREIGN KEY constraint failed
              at <anonymous> (E:\LifeSim Mayor Mode\artifacts\api-server\src\lib\simulation-engine.ts:4177:24)
              at sqliteTransaction (E:\LifeSim Mayor Mode\node_modules\.pnpm\better-sqlite3@12.9.0\node_modules\better-sqlite3\lib\methods\transaction.js:65:24)
              at SimulationEngine.syncToDB (E:\LifeSim Mayor Mode\artifacts\api-server\src\lib\simulation-engine.ts:4183:6)
              at async SimulationEngine.tick (E:\LifeSim Mayor Mode\artifacts\api-server\src\lib\simulation-engine.ts:3150:7)
      "code": "SQLITE_CONSTRAINT_FOREIGNKEY"
    }
[09:31:59.751] [31mERROR[39m (44980): [36mTick error[39m
    err: {
      "type": "SqliteError",
      "message": "FOREIGN KEY constraint failed",
      "stack":
          SqliteError: FOREIGN KEY constraint failed
              at <anonymous> (E:\LifeSim Mayor Mode\artifacts\api-server\src\lib\simulation-engine.ts:4177:24)
              at sqliteTransaction (E:\LifeSim Mayor Mode\node_modules\.pnpm\better-sqlite3@12.9.0\node_modules\better-sqlite3\lib\methods\transaction.js:65:24)
              at SimulationEngine.syncToDB (E:\LifeSim Mayor Mode\artifacts\api-server\src\lib\simulation-engine.ts:4183:6)
              at async SimulationEngine.tick (E:\LifeSim Mayor Mode\artifacts\api-server\src\lib\simulation-engine.ts:3150:7)
      "code": "SQLITE_CONSTRAINT_FOREIGNKEY"
    }
[09:32:10.044] [31mERROR[39m (44980): [36mTick error[39m
    err: {
      "type": "SqliteError",
      "message": "FOREIGN KEY constraint failed",
      "stack":
          SqliteError: FOREIGN KEY constraint failed
              at <anonymous> (E:\LifeSim Mayor Mode\artifacts\api-server\src\lib\simulation-engine.ts:4177:24)
              at sqliteTransaction (E:\LifeSim Mayor Mode\node_modules\.pnpm\better-sqlite3@12.9.0\node_modules\better-sqlite3\lib\methods\transaction.js:65:24)
              at SimulationEngine.syncToDB (E:\LifeSim Mayor Mode\artifacts\api-server\src\lib\simulation-engine.ts:4183:6)
              at async SimulationEngine.tick (E:\LifeSim Mayor Mode\artifacts\api-server\src\lib\simulation-engine.ts:3150:7)
      "code": "SQLITE_CONSTRAINT_FOREIGNKEY"
    }
[09:32:20.329] [31mERROR[39m (44980): [36mTick error[39m
    err: {
      "type": "SqliteError",
      "message": "FOREIGN KEY constraint failed",
      "stack":
          SqliteError: FOREIGN KEY constraint failed
              at <anonymous> (E:\LifeSim Mayor Mode\artifacts\api-server\src\lib\simulation-engine.ts:4177:24)
              at sqliteTransaction (E:\LifeSim Mayor Mode\node_modules\.pnpm\better-sqlite3@12.9.0\node_modules\better-sqlite3\lib\methods\transaction.js:65:24)
              at SimulationEngine.syncToDB (E:\LifeSim Mayor Mode\artifacts\api-server\src\lib\simulation-engine.ts:4183:6)
              at async SimulationEngine.tick (E:\LifeSim Mayor Mode\artifacts\api-server\src\lib\simulation-engine.ts:3150:7)
      "code": "SQLITE_CONSTRAINT_FOREIGNKEY"
    }
[09:32:30.433] [32mINFO[39m (44980): [36mBusiness going bankrupt — closing[39m
    [35mbizId[39m: 127
    [35mbizName[39m: "Продуктовый     №39"
    [35mbalance[39m: -384
    [35mticksUnprofitable[39m: 40
[09:32:30.586] [31mERROR[39m (44980): [36mTick error[39m
    err: {
      "type": "SqliteError",
      "message": "FOREIGN KEY constraint failed",
      "stack":
          SqliteError: FOREIGN KEY constraint failed
              at <anonymous> (E:\LifeSim Mayor Mode\artifacts\api-server\src\lib\simulation-engine.ts:4177:24)
              at sqliteTransaction (E:\LifeSim Mayor Mode\node_modules\.pnpm\better-sqlite3@12.9.0\node_modules\better-sqlite3\lib\methods\transaction.js:65:24)
              at SimulationEngine.syncToDB (E:\LifeSim Mayor Mode\artifacts\api-server\src\lib\simulation-engine.ts:4183:6)
              at async SimulationEngine.tick (E:\LifeSim Mayor Mode\artifacts\api-server\src\lib\simulation-engine.ts:3150:7)
      "code": "SQLITE_CONSTRAINT_FOREIGNKEY"
    }
[09:32:40.721] [32mINFO[39m (44980): [36mBusiness going bankrupt — closing[39m
    [35mbizId[39m: 288
    [35mbizName[39m: "Кафе     №67"
    [35mbalance[39m: -622
    [35mticksUnprofitable[39m: 41
[09:32:40.879] [31mERROR[39m (44980): [36mTick error[39m
    err: {
      "type": "SqliteError",
      "message": "FOREIGN KEY constraint failed",
      "stack":
          SqliteError: FOREIGN KEY constraint failed
              at <anonymous> (E:\LifeSim Mayor Mode\artifacts\api-server\src\lib\simulation-engine.ts:4177:24)
              at sqliteTransaction (E:\LifeSim Mayor Mode\node_modules\.pnpm\better-sqlite3@12.9.0\node_modules\better-sqlite3\lib\methods\transaction.js:65:24)
              at SimulationEngine.syncToDB (E:\LifeSim Mayor Mode\artifacts\api-server\src\lib\simulation-engine.ts:4183:6)
              at async SimulationEngine.tick (E:\LifeSim Mayor Mode\artifacts\api-server\src\lib\simulation-engine.ts:3150:7)
      "code": "SQLITE_CONSTRAINT_FOREIGNKEY"
    }
[09:32:51.001] [32mINFO[39m (44980): [36mBusiness going bankrupt — closing[39m
    [35mbizId[39m: 42
    [35mbizName[39m: "Ателье №1"
    [35mbalance[39m: -369
    [35mticksUnprofitable[39m: 42
[09:32:51.155] [31mERROR[39m (44980): [36mTick error[39m
    err: {
      "type": "SqliteError",
      "message": "FOREIGN KEY constraint failed",
      "stack":
          SqliteError: FOREIGN KEY constraint failed
              at <anonymous> (E:\LifeSim Mayor Mode\artifacts\api-server\src\lib\simulation-engine.ts:4177:24)
              at sqliteTransaction (E:\LifeSim Mayor Mode\node_modules\.pnpm\better-sqlite3@12.9.0\node_modules\better-sqlite3\lib\methods\transaction.js:65:24)
              at SimulationEngine.syncToDB (E:\LifeSim Mayor Mode\artifacts\api-server\src\lib\simulation-engine.ts:4183:6)
              at async SimulationEngine.tick (E:\LifeSim Mayor Mode\artifacts\api-server\src\lib\simulation-engine.ts:3150:7)
      "code": "SQLITE_CONSTRAINT_FOREIGNKEY"
    }
[09:33:01.434] [31mERROR[39m (44980): [36mTick error[39m
    err: {
      "type": "SqliteError",
      "message": "FOREIGN KEY constraint failed",
      "stack":
          SqliteError: FOREIGN KEY constraint failed
              at <anonymous> (E:\LifeSim Mayor Mode\artifacts\api-server\src\lib\simulation-engine.ts:4177:24)
              at sqliteTransaction (E:\LifeSim Mayor Mode\node_modules\.pnpm\better-sqlite3@12.9.0\node_modules\better-sqlite3\lib\methods\transaction.js:65:24)
              at SimulationEngine.syncToDB (E:\LifeSim Mayor Mode\artifacts\api-server\src\lib\simulation-engine.ts:4183:6)
              at async SimulationEngine.tick (E:\LifeSim Mayor Mode\artifacts\api-server\src\lib\simulation-engine.ts:3150:7)
      "code": "SQLITE_CONSTRAINT_FOREIGNKEY"
    }
[09:33:11.744] [31mERROR[39m (44980): [36mTick error[39m
    err: {
      "type": "SqliteError",
      "message": "FOREIGN KEY constraint failed",
      "stack":
          SqliteError: FOREIGN KEY constraint failed
              at <anonymous> (E:\LifeSim Mayor Mode\artifacts\api-server\src\lib\simulation-engine.ts:4177:24)
              at sqliteTransaction (E:\LifeSim Mayor Mode\node_modules\.pnpm\better-sqlite3@12.9.0\node_modules\better-sqlite3\lib\methods\transaction.js:65:24)
              at SimulationEngine.syncToDB (E:\LifeSim Mayor Mode\artifacts\api-server\src\lib\simulation-engine.ts:4183:6)
              at async SimulationEngine.tick (E:\LifeSim Mayor Mode\artifacts\api-server\src\lib\simulation-engine.ts:3150:7)
      "code": "SQLITE_CONSTRAINT_FOREIGNKEY"
    }
[09:33:22.027] [31mERROR[39m (44980): [36mTick error[39m
    err: {
      "type": "SqliteError",
      "message": "FOREIGN KEY constraint failed",
      "stack":
          SqliteError: FOREIGN KEY constraint failed
              at <anonymous> (E:\LifeSim Mayor Mode\artifacts\api-server\src\lib\simulation-engine.ts:4177:24)
              at sqliteTransaction (E:\LifeSim Mayor Mode\node_modules\.pnpm\better-sqlite3@12.9.0\node_modules\better-sqlite3\lib\methods\transaction.js:65:24)
              at SimulationEngine.syncToDB (E:\LifeSim Mayor Mode\artifacts\api-server\src\lib\simulation-engine.ts:4183:6)
              at async SimulationEngine.tick (E:\LifeSim Mayor Mode\artifacts\api-server\src\lib\simulation-engine.ts:3150:7)
      "code": "SQLITE_CONSTRAINT_FOREIGNKEY"
    }
[09:33:42.598] [31mERROR[39m (44980): [36mTick error[39m
    err: {
      "type": "SqliteError",
      "message": "FOREIGN KEY constraint failed",
      "stack":
          SqliteError: FOREIGN KEY constraint failed
              at <anonymous> (E:\LifeSim Mayor Mode\artifacts\api-server\src\lib\simulation-engine.ts:4177:24)
              at sqliteTransaction (E:\LifeSim Mayor Mode\node_modules\.pnpm\better-sqlite3@12.9.0\node_modules\better-sqlite3\lib\methods\transaction.js:65:24)
              at SimulationEngine.syncToDB (E:\LifeSim Mayor Mode\artifacts\api-server\src\lib\simulation-engine.ts:4183:6)
              at async SimulationEngine.tick (E:\LifeSim Mayor Mode\artifacts\api-server\src\lib\simulation-engine.ts:3150:7)
      "code": "SQLITE_CONSTRAINT_FOREIGNKEY"
    }
[09:33:52.883] [31mERROR[39m (44980): [36mTick error[39m
    err: {
      "type": "SqliteError",
      "message": "FOREIGN KEY constraint failed",
      "stack":
          SqliteError: FOREIGN KEY constraint failed
              at <anonymous> (E:\LifeSim Mayor Mode\artifacts\api-server\src\lib\simulation-engine.ts:4177:24)
              at sqliteTransaction (E:\LifeSim Mayor Mode\node_modules\.pnpm\better-sqlite3@12.9.0\node_modules\better-sqlite3\lib\methods\transaction.js:65:24)
              at SimulationEngine.syncToDB (E:\LifeSim Mayor Mode\artifacts\api-server\src\lib\simulation-engine.ts:4183:6)
              at async SimulationEngine.tick (E:\LifeSim Mayor Mode\artifacts\api-server\src\lib\simulation-engine.ts:3150:7)
      "code": "SQLITE_CONSTRAINT_FOREIGNKEY"
    }
[09:34:03.005] [32mINFO[39m (44980): [36mAgents died[39m
    [35mcount[39m: 10
    [35mpopulation[39m: 937
[09:34:03.008] [32mINFO[39m (44980): [36mNew agents born[39m
    [35mcount[39m: 9
    [35mpopulation[39m: 946
[09:34:03.020] [32mINFO[39m (44980): [36mAgents emigrated[39m
    [35mcount[39m: 18
    [35mpopulation[39m: 928
    [35mwellbeingScore[39m: 0.78
[09:34:03.022] [32mINFO[39m (44980): [36mAgents immigrated[39m
    [35mcount[39m: 11
    [35mpopulation[39m: 939
    [35mwellbeingScore[39m: 0.78
[09:34:03.023] [32mINFO[39m (44980): [36mBusiness going bankrupt — closing[39m
    [35mbizId[39m: 284
    [35mbizName[39m: "Столовая     №63"
    [35mbalance[39m: -527
    [35mticksUnprofitable[39m: 49
[09:34:03.023] [32mINFO[39m (44980): [36mOne-time government survival bailout issued[39m
    [35mbizId[39m: 36
    [35mbizName[39m: "Продуктовый №26"
    [35mbalanceAfter[39m: 606
    [35mbailoutAmount[39m: 800
[09:34:03.023] [32mINFO[39m (44980): [36mOne-time government survival bailout issued[39m
    [35mbizId[39m: 119
    [35mbizName[39m: "Прачечная  №35"
    [35mbalanceAfter[39m: 429
    [35mbailoutAmount[39m: 800
[09:34:03.023] [32mINFO[39m (44980): [36mOne-time government survival bailout issued[39m
    [35mbizId[39m: 126
    [35mbizName[39m: "Супермаркет     №38"
    [35mbalanceAfter[39m: 646
    [35mbailoutAmount[39m: 800
[09:34:03.023] [32mINFO[39m (44980): [36mOne-time government survival bailout issued[39m
    [35mbizId[39m: 130
    [35mbizName[39m: "Закусочная     №43"
    [35mbalanceAfter[39m: 522
    [35mbailoutAmount[39m: 800
[09:34:03.023] [32mINFO[39m (44980): [36mOne-time government survival bailout issued[39m
    [35mbizId[39m: 162
    [35mbizName[39m: "Супермаркет     №59"
    [35mbalanceAfter[39m: 360
    [35mbailoutAmount[39m: 800
[09:34:03.025] [32mINFO[39m (44980): [36mSelf-funded business opened[39m
    [35magentId[39m: 1573
    [35mbizName[39m: "Сервисный центр  №45"
    [35mbizType[39m: "service"
    [35mlaunchCost[39m: 1500
    [35msuccessScore[39m: 37
    [35magentMoney[39m: 4697
[09:34:03.025] [32mINFO[39m (44980): [36mSelf-funded business opened[39m
    [35magentId[39m: 1620
    [35mbizName[39m: "Аптека  №46"
    [35mbizType[39m: "service"
    [35mlaunchCost[39m: 1500
    [35msuccessScore[39m: 37
    [35magentMoney[39m: 6761
[09:34:03.026] [32mINFO[39m (44980): [36mSelf-funded business opened[39m
    [35magentId[39m: 1630
    [35mbizName[39m: "Прачечная  №47"
    [35mbizType[39m: "service"
    [35mlaunchCost[39m: 1500
    [35msuccessScore[39m: 37
    [35magentMoney[39m: 7133
[09:34:03.026] [32mINFO[39m (44980): [36mGovernment grant approved (need-driven)[39m
    [35magentId[39m: 3172
    [35mbizName[39m: "Магазин  №48"
    [35mbizType[39m: "service"
    [35mlaunchCost[39m: 1500
    [35msuccessScore[39m: 37
    [35mneedScore[39m: 74
    [35mmarketRatio[39m: 0.39
    [35mgovBudgetAfter[39m: 127380
[09:34:03.027] [32mINFO[39m (44980): [36mGovernment grant approved (need-driven)[39m
    [35magentId[39m: 3179
    [35mbizName[39m: "Супермаркет     №66"
    [35mbizType[39m: "food"
    [35mlaunchCost[39m: 2000
    [35msuccessScore[39m: 35
    [35mneedScore[39m: 50
    [35mmarketRatio[39m: 0.72
    [35mgovBudgetAfter[39m: 125380
[09:34:03.027] [32mINFO[39m (44980): [36mGovernment grant approved (need-driven)[39m
    [35magentId[39m: 205
    [35mbizName[39m: "Кафе     №67"
    [35mbizType[39m: "food"
    [35mlaunchCost[39m: 2000
    [35msuccessScore[39m: 34
    [35mneedScore[39m: 50
    [35mmarketRatio[39m: 0.7
    [35mgovBudgetAfter[39m: 123380
[09:34:13.625] [31mERROR[39m (44980): [36mTick error[39m
    err: {
      "type": "SqliteError",
      "message": "FOREIGN KEY constraint failed",
      "stack":
          SqliteError: FOREIGN KEY constraint failed
              at <anonymous> (E:\LifeSim Mayor Mode\artifacts\api-server\src\lib\simulation-engine.ts:4177:24)
              at sqliteTransaction (E:\LifeSim Mayor Mode\node_modules\.pnpm\better-sqlite3@12.9.0\node_modules\better-sqlite3\lib\methods\transaction.js:65:24)
              at SimulationEngine.syncToDB (E:\LifeSim Mayor Mode\artifacts\api-server\src\lib\simulation-engine.ts:4183:6)
              at async SimulationEngine.tick (E:\LifeSim Mayor Mode\artifacts\api-server\src\lib\simulation-engine.ts:3150:7)
      "code": "SQLITE_CONSTRAINT_FOREIGNKEY"
    }
[09:34:23.979] [31mERROR[39m (44980): [36mTick error[39m
    err: {
      "type": "SqliteError",
      "message": "FOREIGN KEY constraint failed",
      "stack":
          SqliteError: FOREIGN KEY constraint failed
              at <anonymous> (E:\LifeSim Mayor Mode\artifacts\api-server\src\lib\simulation-engine.ts:4177:24)
              at sqliteTransaction (E:\LifeSim Mayor Mode\node_modules\.pnpm\better-sqlite3@12.9.0\node_modules\better-sqlite3\lib\methods\transaction.js:65:24)
              at SimulationEngine.syncToDB (E:\LifeSim Mayor Mode\artifacts\api-server\src\lib\simulation-engine.ts:4183:6)
              at async SimulationEngine.tick (E:\LifeSim Mayor Mode\artifacts\api-server\src\lib\simulation-engine.ts:3150:7)
      "code": "SQLITE_CONSTRAINT_FOREIGNKEY"
    }
[09:34:34.235] [31mERROR[39m (44980): [36mTick error[39m
    err: {
      "type": "SqliteError",
      "message": "FOREIGN KEY constraint failed",
      "stack":
          SqliteError: FOREIGN KEY constraint failed
              at <anonymous> (E:\LifeSim Mayor Mode\artifacts\api-server\src\lib\simulation-engine.ts:4177:24)
              at sqliteTransaction (E:\LifeSim Mayor Mode\node_modules\.pnpm\better-sqlite3@12.9.0\node_modules\better-sqlite3\lib\methods\transaction.js:65:24)
              at SimulationEngine.syncToDB (E:\LifeSim Mayor Mode\artifacts\api-server\src\lib\simulation-engine.ts:4183:6)
              at async SimulationEngine.tick (E:\LifeSim Mayor Mode\artifacts\api-server\src\lib\simulation-engine.ts:3150:7)
      "code": "SQLITE_CONSTRAINT_FOREIGNKEY"
    }
[09:34:44.500] [31mERROR[39m (44980): [36mTick error[39m
    err: {
      "type": "SqliteError",
      "message": "FOREIGN KEY constraint failed",
      "stack":
          SqliteError: FOREIGN KEY constraint failed
              at <anonymous> (E:\LifeSim Mayor Mode\artifacts\api-server\src\lib\simulation-engine.ts:4177:24)
              at sqliteTransaction (E:\LifeSim Mayor Mode\node_modules\.pnpm\better-sqlite3@12.9.0\node_modules\better-sqlite3\lib\methods\transaction.js:65:24)
              at SimulationEngine.syncToDB (E:\LifeSim Mayor Mode\artifacts\api-server\src\lib\simulation-engine.ts:4183:6)
              at async SimulationEngine.tick (E:\LifeSim Mayor Mode\artifacts\api-server\src\lib\simulation-engine.ts:3150:7)
      "code": "SQLITE_CONSTRAINT_FOREIGNKEY"
    }
[09:34:54.758] [31mERROR[39m (44980): [36mTick error[39m
    err: {
      "type": "SqliteError",
      "message": "FOREIGN KEY constraint failed",
      "stack":
          SqliteError: FOREIGN KEY constraint failed
              at <anonymous> (E:\LifeSim Mayor Mode\artifacts\api-server\src\lib\simulation-engine.ts:4177:24)
              at sqliteTransaction (E:\LifeSim Mayor Mode\node_modules\.pnpm\better-sqlite3@12.9.0\node_modules\better-sqlite3\lib\methods\transaction.js:65:24)
              at SimulationEngine.syncToDB (E:\LifeSim Mayor Mode\artifacts\api-server\src\lib\simulation-engine.ts:4183:6)
              at async SimulationEngine.tick (E:\LifeSim Mayor Mode\artifacts\api-server\src\lib\simulation-engine.ts:3150:7)
      "code": "SQLITE_CONSTRAINT_FOREIGNKEY"
    }
[09:35:05.045] [31mERROR[39m (44980): [36mTick error[39m
    err: {
      "type": "SqliteError",
      "message": "FOREIGN KEY constraint failed",
      "stack":
          SqliteError: FOREIGN KEY constraint failed
              at <anonymous> (E:\LifeSim Mayor Mode\artifacts\api-server\src\lib\simulation-engine.ts:4177:24)
              at sqliteTransaction (E:\LifeSim Mayor Mode\node_modules\.pnpm\better-sqlite3@12.9.0\node_modules\better-sqlite3\lib\methods\transaction.js:65:24)
              at SimulationEngine.syncToDB (E:\LifeSim Mayor Mode\artifacts\api-server\src\lib\simulation-engine.ts:4183:6)
              at async SimulationEngine.tick (E:\LifeSim Mayor Mode\artifacts\api-server\src\lib\simulation-engine.ts:3150:7)
      "code": "SQLITE_CONSTRAINT_FOREIGNKEY"
    }
[09:35:15.332] [31mERROR[39m (44980): [36mTick error[39m
    err: {
      "type": "SqliteError",
      "message": "FOREIGN KEY constraint failed",
      "stack":
          SqliteError: FOREIGN KEY constraint failed
              at <anonymous> (E:\LifeSim Mayor Mode\artifacts\api-server\src\lib\simulation-engine.ts:4177:24)
              at sqliteTransaction (E:\LifeSim Mayor Mode\node_modules\.pnpm\better-sqlite3@12.9.0\node_modules\better-sqlite3\lib\methods\transaction.js:65:24)
              at SimulationEngine.syncToDB (E:\LifeSim Mayor Mode\artifacts\api-server\src\lib\simulation-engine.ts:4183:6)
              at async SimulationEngine.tick (E:\LifeSim Mayor Mode\artifacts\api-server\src\lib\simulation-engine.ts:3150:7)
      "code": "SQLITE_CONSTRAINT_FOREIGNKEY"
    }
[09:35:25.646] [31mERROR[39m (44980): [36mTick error[39m
    err: {
      "type": "SqliteError",
      "message": "FOREIGN KEY constraint failed",
      "stack":
          SqliteError: FOREIGN KEY constraint failed
              at <anonymous> (E:\LifeSim Mayor Mode\artifacts\api-server\src\lib\simulation-engine.ts:4177:24)
              at sqliteTransaction (E:\LifeSim Mayor Mode\node_modules\.pnpm\better-sqlite3@12.9.0\node_modules\better-sqlite3\lib\methods\transaction.js:65:24)
              at SimulationEngine.syncToDB (E:\LifeSim Mayor Mode\artifacts\api-server\src\lib\simulation-engine.ts:4183:6)
              at async SimulationEngine.tick (E:\LifeSim Mayor Mode\artifacts\api-server\src\lib\simulation-engine.ts:3150:7)
      "code": "SQLITE_CONSTRAINT_FOREIGNKEY"
    }
[09:35:46.424] [31mERROR[39m (44980): [36mTick error[39m
    err: {
      "type": "SqliteError",
      "message": "FOREIGN KEY constraint failed",
      "stack":
          SqliteError: FOREIGN KEY constraint failed
              at <anonymous> (E:\LifeSim Mayor Mode\artifacts\api-server\src\lib\simulation-engine.ts:4177:24)
              at sqliteTransaction (E:\LifeSim Mayor Mode\node_modules\.pnpm\better-sqlite3@12.9.0\node_modules\better-sqlite3\lib\methods\transaction.js:65:24)
              at SimulationEngine.syncToDB (E:\LifeSim Mayor Mode\artifacts\api-server\src\lib\simulation-engine.ts:4183:6)
              at async SimulationEngine.tick (E:\LifeSim Mayor Mode\artifacts\api-server\src\lib\simulation-engine.ts:3150:7)
      "code": "SQLITE_CONSTRAINT_FOREIGNKEY"
    }
[09:35:56.765] [31mERROR[39m (44980): [36mTick error[39m
    err: {
      "type": "SqliteError",
      "message": "FOREIGN KEY constraint failed",
      "stack":
          SqliteError: FOREIGN KEY constraint failed
              at <anonymous> (E:\LifeSim Mayor Mode\artifacts\api-server\src\lib\simulation-engine.ts:4177:24)
              at sqliteTransaction (E:\LifeSim Mayor Mode\node_modules\.pnpm\better-sqlite3@12.9.0\node_modules\better-sqlite3\lib\methods\transaction.js:65:24)
              at SimulationEngine.syncToDB (E:\LifeSim Mayor Mode\artifacts\api-server\src\lib\simulation-engine.ts:4183:6)
              at async SimulationEngine.tick (E:\LifeSim Mayor Mode\artifacts\api-server\src\lib\simulation-engine.ts:3150:7)
      "code": "SQLITE_CONSTRAINT_FOREIGNKEY"
    }
[09:36:07.057] [31mERROR[39m (44980): [36mTick error[39m
    err: {
      "type": "SqliteError",
      "message": "FOREIGN KEY constraint failed",
      "stack":
          SqliteError: FOREIGN KEY constraint failed
              at <anonymous> (E:\LifeSim Mayor Mode\artifacts\api-server\src\lib\simulation-engine.ts:4177:24)
              at sqliteTransaction (E:\LifeSim Mayor Mode\node_modules\.pnpm\better-sqlite3@12.9.0\node_modules\better-sqlite3\lib\methods\transaction.js:65:24)
              at SimulationEngine.syncToDB (E:\LifeSim Mayor Mode\artifacts\api-server\src\lib\simulation-engine.ts:4183:6)
              at async SimulationEngine.tick (E:\LifeSim Mayor Mode\artifacts\api-server\src\lib\simulation-engine.ts:3150:7)
      "code": "SQLITE_CONSTRAINT_FOREIGNKEY"
    }
[09:36:17.350] [31mERROR[39m (44980): [36mTick error[39m
    err: {
      "type": "SqliteError",
      "message": "FOREIGN KEY constraint failed",
      "stack":
          SqliteError: FOREIGN KEY constraint failed
              at <anonymous> (E:\LifeSim Mayor Mode\artifacts\api-server\src\lib\simulation-engine.ts:4177:24)
              at sqliteTransaction (E:\LifeSim Mayor Mode\node_modules\.pnpm\better-sqlite3@12.9.0\node_modules\better-sqlite3\lib\methods\transaction.js:65:24)
              at SimulationEngine.syncToDB (E:\LifeSim Mayor Mode\artifacts\api-server\src\lib\simulation-engine.ts:4183:6)
              at async SimulationEngine.tick (E:\LifeSim Mayor Mode\artifacts\api-server\src\lib\simulation-engine.ts:3150:7)
      "code": "SQLITE_CONSTRAINT_FOREIGNKEY"
    }
[09:36:38.006] [31mERROR[39m (44980): [36mTick error[39m
    err: {
      "type": "SqliteError",
      "message": "FOREIGN KEY constraint failed",
      "stack":
          SqliteError: FOREIGN KEY constraint failed
              at <anonymous> (E:\LifeSim Mayor Mode\artifacts\api-server\src\lib\simulation-engine.ts:4177:24)
              at sqliteTransaction (E:\LifeSim Mayor Mode\node_modules\.pnpm\better-sqlite3@12.9.0\node_modules\better-sqlite3\lib\methods\transaction.js:65:24)
              at SimulationEngine.syncToDB (E:\LifeSim Mayor Mode\artifacts\api-server\src\lib\simulation-engine.ts:4183:6)
              at async SimulationEngine.tick (E:\LifeSim Mayor Mode\artifacts\api-server\src\lib\simulation-engine.ts:3150:7)
      "code": "SQLITE_CONSTRAINT_FOREIGNKEY"
    }
[09:36:48.375] [31mERROR[39m (44980): [36mTick error[39m
    err: {
      "type": "SqliteError",
      "message": "FOREIGN KEY constraint failed",
      "stack":
          SqliteError: FOREIGN KEY constraint failed
              at <anonymous> (E:\LifeSim Mayor Mode\artifacts\api-server\src\lib\simulation-engine.ts:4177:24)
              at sqliteTransaction (E:\LifeSim Mayor Mode\node_modules\.pnpm\better-sqlite3@12.9.0\node_modules\better-sqlite3\lib\methods\transaction.js:65:24)
              at SimulationEngine.syncToDB (E:\LifeSim Mayor Mode\artifacts\api-server\src\lib\simulation-engine.ts:4183:6)
              at async SimulationEngine.tick (E:\LifeSim Mayor Mode\artifacts\api-server\src\lib\simulation-engine.ts:3150:7)
      "code": "SQLITE_CONSTRAINT_FOREIGNKEY"
    }
[09:36:58.648] [31mERROR[39m (44980): [36mTick error[39m
    err: {
      "type": "SqliteError",
      "message": "FOREIGN KEY constraint failed",
      "stack":
          SqliteError: FOREIGN KEY constraint failed
              at <anonymous> (E:\LifeSim Mayor Mode\artifacts\api-server\src\lib\simulation-engine.ts:4177:24)
              at sqliteTransaction (E:\LifeSim Mayor Mode\node_modules\.pnpm\better-sqlite3@12.9.0\node_modules\better-sqlite3\lib\methods\transaction.js:65:24)
              at SimulationEngine.syncToDB (E:\LifeSim Mayor Mode\artifacts\api-server\src\lib\simulation-engine.ts:4183:6)
              at async SimulationEngine.tick (E:\LifeSim Mayor Mode\artifacts\api-server\src\lib\simulation-engine.ts:3150:7)
      "code": "SQLITE_CONSTRAINT_FOREIGNKEY"
    }
[09:37:08.994] [31mERROR[39m (44980): [36mTick error[39m
    err: {
      "type": "SqliteError",
      "message": "FOREIGN KEY constraint failed",
      "stack":
          SqliteError: FOREIGN KEY constraint failed
              at <anonymous> (E:\LifeSim Mayor Mode\artifacts\api-server\src\lib\simulation-engine.ts:4177:24)
              at sqliteTransaction (E:\LifeSim Mayor Mode\node_modules\.pnpm\better-sqlite3@12.9.0\node_modules\better-sqlite3\lib\methods\transaction.js:65:24)
              at SimulationEngine.syncToDB (E:\LifeSim Mayor Mode\artifacts\api-server\src\lib\simulation-engine.ts:4183:6)
              at async SimulationEngine.tick (E:\LifeSim Mayor Mode\artifacts\api-server\src\lib\simulation-engine.ts:3150:7)
      "code": "SQLITE_CONSTRAINT_FOREIGNKEY"
    }
[09:37:19.345] [31mERROR[39m (44980): [36mTick error[39m
    err: {
      "type": "SqliteError",
      "message": "FOREIGN KEY constraint failed",
      "stack":
          SqliteError: FOREIGN KEY constraint failed
              at <anonymous> (E:\LifeSim Mayor Mode\artifacts\api-server\src\lib\simulation-engine.ts:4177:24)
              at sqliteTransaction (E:\LifeSim Mayor Mode\node_modules\.pnpm\better-sqlite3@12.9.0\node_modules\better-sqlite3\lib\methods\transaction.js:65:24)
              at SimulationEngine.syncToDB (E:\LifeSim Mayor Mode\artifacts\api-server\src\lib\simulation-engine.ts:4183:6)
              at async SimulationEngine.tick (E:\LifeSim Mayor Mode\artifacts\api-server\src\lib\simulation-engine.ts:3150:7)
      "code": "SQLITE_CONSTRAINT_FOREIGNKEY"
    }
[09:37:29.755] [31mERROR[39m (44980): [36mTick error[39m
    err: {
      "type": "SqliteError",
      "message": "FOREIGN KEY constraint failed",
      "stack":
          SqliteError: FOREIGN KEY constraint failed
              at <anonymous> (E:\LifeSim Mayor Mode\artifacts\api-server\src\lib\simulation-engine.ts:4177:24)
              at sqliteTransaction (E:\LifeSim Mayor Mode\node_modules\.pnpm\better-sqlite3@12.9.0\node_modules\better-sqlite3\lib\methods\transaction.js:65:24)
              at SimulationEngine.syncToDB (E:\LifeSim Mayor Mode\artifacts\api-server\src\lib\simulation-engine.ts:4183:6)
              at async SimulationEngine.tick (E:\LifeSim Mayor Mode\artifacts\api-server\src\lib\simulation-engine.ts:3150:7)
      "code": "SQLITE_CONSTRAINT_FOREIGNKEY"
    }
[09:37:40.070] [31mERROR[39m (44980): [36mTick error[39m
    err: {
      "type": "SqliteError",
      "message": "FOREIGN KEY constraint failed",
      "stack":
          SqliteError: FOREIGN KEY constraint failed
              at <anonymous> (E:\LifeSim Mayor Mode\artifacts\api-server\src\lib\simulation-engine.ts:4177:24)
              at sqliteTransaction (E:\LifeSim Mayor Mode\node_modules\.pnpm\better-sqlite3@12.9.0\node_modules\better-sqlite3\lib\methods\transaction.js:65:24)
              at SimulationEngine.syncToDB (E:\LifeSim Mayor Mode\artifacts\api-server\src\lib\simulation-engine.ts:4183:6)
              at async SimulationEngine.tick (E:\LifeSim Mayor Mode\artifacts\api-server\src\lib\simulation-engine.ts:3150:7)
      "code": "SQLITE_CONSTRAINT_FOREIGNKEY"
    }
[09:37:50.366] [31mERROR[39m (44980): [36mTick error[39m
    err: {
      "type": "SqliteError",
      "message": "FOREIGN KEY constraint failed",
      "stack":
          SqliteError: FOREIGN KEY constraint failed
              at <anonymous> (E:\LifeSim Mayor Mode\artifacts\api-server\src\lib\simulation-engine.ts:4177:24)
              at sqliteTransaction (E:\LifeSim Mayor Mode\node_modules\.pnpm\better-sqlite3@12.9.0\node_modules\better-sqlite3\lib\methods\transaction.js:65:24)
              at SimulationEngine.syncToDB (E:\LifeSim Mayor Mode\artifacts\api-server\src\lib\simulation-engine.ts:4183:6)
              at async SimulationEngine.tick (E:\LifeSim Mayor Mode\artifacts\api-server\src\lib\simulation-engine.ts:3150:7)
      "code": "SQLITE_CONSTRAINT_FOREIGNKEY"
    }
[09:38:00.657] [31mERROR[39m (44980): [36mTick error[39m
    err: {
      "type": "SqliteError",
      "message": "FOREIGN KEY constraint failed",
      "stack":
          SqliteError: FOREIGN KEY constraint failed
              at <anonymous> (E:\LifeSim Mayor Mode\artifacts\api-server\src\lib\simulation-engine.ts:4177:24)
              at sqliteTransaction (E:\LifeSim Mayor Mode\node_modules\.pnpm\better-sqlite3@12.9.0\node_modules\better-sqlite3\lib\methods\transaction.js:65:24)
              at SimulationEngine.syncToDB (E:\LifeSim Mayor Mode\artifacts\api-server\src\lib\simulation-engine.ts:4183:6)
              at async SimulationEngine.tick (E:\LifeSim Mayor Mode\artifacts\api-server\src\lib\simulation-engine.ts:3150:7)
      "code": "SQLITE_CONSTRAINT_FOREIGNKEY"
    }
[09:38:10.789] [32mINFO[39m (44980): [36mAgents died[39m
    [35mcount[39m: 5
    [35mpopulation[39m: 934
[09:38:10.792] [32mINFO[39m (44980): [36mNew agents born[39m
    [35mcount[39m: 9
    [35mpopulation[39m: 943
[09:38:10.805] [32mINFO[39m (44980): [36mAgents emigrated[39m
    [35mcount[39m: 22
    [35mpopulation[39m: 921
    [35mwellbeingScore[39m: 0.78
[09:38:10.809] [32mINFO[39m (44980): [36mAgents immigrated[39m
    [35mcount[39m: 11
    [35mpopulation[39m: 932
    [35mwellbeingScore[39m: 0.78
[09:38:10.810] [32mINFO[39m (44980): [36mOne-time government survival bailout issued[39m
    [35mbizId[39m: 111
    [35mbizName[39m: "Кафе     №35"
    [35mbalanceAfter[39m: 577
    [35mbailoutAmount[39m: 800
[09:38:10.810] [32mINFO[39m (44980): [36mOne-time government survival bailout issued[39m
    [35mbizId[39m: 141
    [35mbizName[39m: "Ресторан     №56"
    [35mbalanceAfter[39m: 427
    [35mbailoutAmount[39m: 800
[09:38:10.810] [32mINFO[39m (44980): [36mOne-time government survival bailout issued[39m
    [35mbizId[39m: 165
    [35mbizName[39m: "Закусочная     №62"
    [35mbalanceAfter[39m: 598
    [35mbailoutAmount[39m: 800
[09:38:10.810] [32mINFO[39m (44980): [36mOne-time government survival bailout issued[39m
    [35mbizId[39m: 166
    [35mbizName[39m: "Столовая     №63"
    [35mbalanceAfter[39m: 539
    [35mbailoutAmount[39m: 800
[09:38:10.810] [32mINFO[39m (44980): [36mOne-time government survival bailout issued[39m
    [35mbizId[39m: 193
    [35mbizName[39m: "Химчистка  №45"
    [35mbalanceAfter[39m: 624
    [35mbailoutAmount[39m: 800
[09:38:10.812] [32mINFO[39m (44980): [36mSelf-funded business opened[39m
    [35magentId[39m: 1552
    [35mbizName[39m: "Закусочная     №68"
    [35mbizType[39m: "food"
    [35mlaunchCost[39m: 2000
    [35msuccessScore[39m: 34
    [35magentMoney[39m: 9260
[09:38:10.812] [32mINFO[39m (44980): [36mGovernment grant approved (need-driven)[39m
    [35magentId[39m: 3304
    [35mbizName[39m: "Пекарня     №69"
    [35mbizType[39m: "food"
    [35mlaunchCost[39m: 2000
    [35msuccessScore[39m: 34
    [35mneedScore[39m: 53
    [35mmarketRatio[39m: 0.66
    [35mgovBudgetAfter[39m: 120183
[09:38:10.813] [32mINFO[39m (44980): [36mGovernment grant approved (need-driven)[39m
    [35magentId[39m: 3308
    [35mbizName[39m: "Супермаркет     №70"
    [35mbizType[39m: "food"
    [35mlaunchCost[39m: 2000
    [35msuccessScore[39m: 34
    [35mneedScore[39m: 53
    [35mmarketRatio[39m: 0.64
    [35mgovBudgetAfter[39m: 118183
[09:38:10.813] [32mINFO[39m (44980): [36mGovernment grant approved (need-driven)[39m
    [35magentId[39m: 3293
    [35mbizName[39m: "Супермаркет     №71"
    [35mbizType[39m: "food"
    [35mlaunchCost[39m: 2000
    [35msuccessScore[39m: 34
    [35mneedScore[39m: 53
    [35mmarketRatio[39m: 0.62
    [35mgovBudgetAfter[39m: 116183
[09:38:10.982] [31mERROR[39m (44980): [36mTick error[39m
    err: {
      "type": "SqliteError",
      "message": "FOREIGN KEY constraint failed",
      "stack":
          SqliteError: FOREIGN KEY constraint failed
              at <anonymous> (E:\LifeSim Mayor Mode\artifacts\api-server\src\lib\simulation-engine.ts:4177:24)
              at sqliteTransaction (E:\LifeSim Mayor Mode\node_modules\.pnpm\better-sqlite3@12.9.0\node_modules\better-sqlite3\lib\methods\transaction.js:65:24)
              at SimulationEngine.syncToDB (E:\LifeSim Mayor Mode\artifacts\api-server\src\lib\simulation-engine.ts:4183:6)
              at async SimulationEngine.tick (E:\LifeSim Mayor Mode\artifacts\api-server\src\lib\simulation-engine.ts:3150:7)
      "code": "SQLITE_CONSTRAINT_FOREIGNKEY"
    }
[09:38:21.484] [31mERROR[39m (44980): [36mTick error[39m
    err: {
      "type": "SqliteError",
      "message": "FOREIGN KEY constraint failed",
      "stack":
          SqliteError: FOREIGN KEY constraint failed
              at <anonymous> (E:\LifeSim Mayor Mode\artifacts\api-server\src\lib\simulation-engine.ts:4177:24)
              at sqliteTransaction (E:\LifeSim Mayor Mode\node_modules\.pnpm\better-sqlite3@12.9.0\node_modules\better-sqlite3\lib\methods\transaction.js:65:24)
              at SimulationEngine.syncToDB (E:\LifeSim Mayor Mode\artifacts\api-server\src\lib\simulation-engine.ts:4183:6)
              at async SimulationEngine.tick (E:\LifeSim Mayor Mode\artifacts\api-server\src\lib\simulation-engine.ts:3150:7)
      "code": "SQLITE_CONSTRAINT_FOREIGNKEY"
    }
[09:38:31.805] [31mERROR[39m (44980): [36mTick error[39m
    err: {
      "type": "SqliteError",
      "message": "FOREIGN KEY constraint failed",
      "stack":
          SqliteError: FOREIGN KEY constraint failed
              at <anonymous> (E:\LifeSim Mayor Mode\artifacts\api-server\src\lib\simulation-engine.ts:4177:24)
              at sqliteTransaction (E:\LifeSim Mayor Mode\node_modules\.pnpm\better-sqlite3@12.9.0\node_modules\better-sqlite3\lib\methods\transaction.js:65:24)
              at SimulationEngine.syncToDB (E:\LifeSim Mayor Mode\artifacts\api-server\src\lib\simulation-engine.ts:4183:6)
              at async SimulationEngine.tick (E:\LifeSim Mayor Mode\artifacts\api-server\src\lib\simulation-engine.ts:3150:7)
      "code": "SQLITE_CONSTRAINT_FOREIGNKEY"
    }
[09:38:42.103] [31mERROR[39m (44980): [36mTick error[39m
    err: {
      "type": "SqliteError",
      "message": "FOREIGN KEY constraint failed",
      "stack":
          SqliteError: FOREIGN KEY constraint failed
              at <anonymous> (E:\LifeSim Mayor Mode\artifacts\api-server\src\lib\simulation-engine.ts:4177:24)
              at sqliteTransaction (E:\LifeSim Mayor Mode\node_modules\.pnpm\better-sqlite3@12.9.0\node_modules\better-sqlite3\lib\methods\transaction.js:65:24)
              at SimulationEngine.syncToDB (E:\LifeSim Mayor Mode\artifacts\api-server\src\lib\simulation-engine.ts:4183:6)
              at async SimulationEngine.tick (E:\LifeSim Mayor Mode\artifacts\api-server\src\lib\simulation-engine.ts:3150:7)
      "code": "SQLITE_CONSTRAINT_FOREIGNKEY"
    }
[09:38:52.365] [31mERROR[39m (44980): [36mTick error[39m
    err: {
      "type": "SqliteError",
      "message": "FOREIGN KEY constraint failed",
      "stack":
          SqliteError: FOREIGN KEY constraint failed
              at <anonymous> (E:\LifeSim Mayor Mode\artifacts\api-server\src\lib\simulation-engine.ts:4177:24)
              at sqliteTransaction (E:\LifeSim Mayor Mode\node_modules\.pnpm\better-sqlite3@12.9.0\node_modules\better-sqlite3\lib\methods\transaction.js:65:24)
              at SimulationEngine.syncToDB (E:\LifeSim Mayor Mode\artifacts\api-server\src\lib\simulation-engine.ts:4183:6)
              at async SimulationEngine.tick (E:\LifeSim Mayor Mode\artifacts\api-server\src\lib\simulation-engine.ts:3150:7)
      "code": "SQLITE_CONSTRAINT_FOREIGNKEY"
    }
[09:39:02.489] [32mINFO[39m (44980): [36mBusiness going bankrupt — closing[39m
    [35mbizId[39m: 57
    [35mbizName[39m: "Магазин №16"
    [35mbalance[39m: -354
    [35mticksUnprofitable[39m: 78
[09:39:02.660] [31mERROR[39m (44980): [36mTick error[39m
    err: {
      "type": "SqliteError",
      "message": "FOREIGN KEY constraint failed",
      "stack":
          SqliteError: FOREIGN KEY constraint failed
              at <anonymous> (E:\LifeSim Mayor Mode\artifacts\api-server\src\lib\simulation-engine.ts:4177:24)
              at sqliteTransaction (E:\LifeSim Mayor Mode\node_modules\.pnpm\better-sqlite3@12.9.0\node_modules\better-sqlite3\lib\methods\transaction.js:65:24)
              at SimulationEngine.syncToDB (E:\LifeSim Mayor Mode\artifacts\api-server\src\lib\simulation-engine.ts:4183:6)
              at async SimulationEngine.tick (E:\LifeSim Mayor Mode\artifacts\api-server\src\lib\simulation-engine.ts:3150:7)
      "code": "SQLITE_CONSTRAINT_FOREIGNKEY"
    }
[09:39:12.923] [31mERROR[39m (44980): [36mTick error[39m
    err: {
      "type": "SqliteError",
      "message": "FOREIGN KEY constraint failed",
      "stack":
          SqliteError: FOREIGN KEY constraint failed
              at <anonymous> (E:\LifeSim Mayor Mode\artifacts\api-server\src\lib\simulation-engine.ts:4177:24)
              at sqliteTransaction (E:\LifeSim Mayor Mode\node_modules\.pnpm\better-sqlite3@12.9.0\node_modules\better-sqlite3\lib\methods\transaction.js:65:24)
              at SimulationEngine.syncToDB (E:\LifeSim Mayor Mode\artifacts\api-server\src\lib\simulation-engine.ts:4183:6)
              at async SimulationEngine.tick (E:\LifeSim Mayor Mode\artifacts\api-server\src\lib\simulation-engine.ts:3150:7)
      "code": "SQLITE_CONSTRAINT_FOREIGNKEY"
    }
[09:39:23.179] [31mERROR[39m (44980): [36mTick error[39m
    err: {
      "type": "SqliteError",
      "message": "FOREIGN KEY constraint failed",
      "stack":
          SqliteError: FOREIGN KEY constraint failed
              at <anonymous> (E:\LifeSim Mayor Mode\artifacts\api-server\src\lib\simulation-engine.ts:4177:24)
              at sqliteTransaction (E:\LifeSim Mayor Mode\node_modules\.pnpm\better-sqlite3@12.9.0\node_modules\better-sqlite3\lib\methods\transaction.js:65:24)
              at SimulationEngine.syncToDB (E:\LifeSim Mayor Mode\artifacts\api-server\src\lib\simulation-engine.ts:4183:6)
              at async SimulationEngine.tick (E:\LifeSim Mayor Mode\artifacts\api-server\src\lib\simulation-engine.ts:3150:7)
      "code": "SQLITE_CONSTRAINT_FOREIGNKEY"
    }
[09:39:33.431] [31mERROR[39m (44980): [36mTick error[39m
    err: {
      "type": "SqliteError",
      "message": "FOREIGN KEY constraint failed",
      "stack":
          SqliteError: FOREIGN KEY constraint failed
              at <anonymous> (E:\LifeSim Mayor Mode\artifacts\api-server\src\lib\simulation-engine.ts:4177:24)
              at sqliteTransaction (E:\LifeSim Mayor Mode\node_modules\.pnpm\better-sqlite3@12.9.0\node_modules\better-sqlite3\lib\methods\transaction.js:65:24)
              at SimulationEngine.syncToDB (E:\LifeSim Mayor Mode\artifacts\api-server\src\lib\simulation-engine.ts:4183:6)
              at async SimulationEngine.tick (E:\LifeSim Mayor Mode\artifacts\api-server\src\lib\simulation-engine.ts:3150:7)
      "code": "SQLITE_CONSTRAINT_FOREIGNKEY"
    }
[09:39:43.701] [31mERROR[39m (44980): [36mTick error[39m
    err: {
      "type": "SqliteError",
      "message": "FOREIGN KEY constraint failed",
      "stack":
          SqliteError: FOREIGN KEY constraint failed
              at <anonymous> (E:\LifeSim Mayor Mode\artifacts\api-server\src\lib\simulation-engine.ts:4177:24)
              at sqliteTransaction (E:\LifeSim Mayor Mode\node_modules\.pnpm\better-sqlite3@12.9.0\node_modules\better-sqlite3\lib\methods\transaction.js:65:24)
              at SimulationEngine.syncToDB (E:\LifeSim Mayor Mode\artifacts\api-server\src\lib\simulation-engine.ts:4183:6)
              at async SimulationEngine.tick (E:\LifeSim Mayor Mode\artifacts\api-server\src\lib\simulation-engine.ts:3150:7)
      "code": "SQLITE_CONSTRAINT_FOREIGNKEY"
    }
[09:39:53.978] [31mERROR[39m (44980): [36mTick error[39m
    err: {
      "type": "SqliteError",
      "message": "FOREIGN KEY constraint failed",
      "stack":
          SqliteError: FOREIGN KEY constraint failed
              at <anonymous> (E:\LifeSim Mayor Mode\artifacts\api-server\src\lib\simulation-engine.ts:4177:24)
              at sqliteTransaction (E:\LifeSim Mayor Mode\node_modules\.pnpm\better-sqlite3@12.9.0\node_modules\better-sqlite3\lib\methods\transaction.js:65:24)
              at SimulationEngine.syncToDB (E:\LifeSim Mayor Mode\artifacts\api-server\src\lib\simulation-engine.ts:4183:6)
              at async SimulationEngine.tick (E:\LifeSim Mayor Mode\artifacts\api-server\src\lib\simulation-engine.ts:3150:7)
      "code": "SQLITE_CONSTRAINT_FOREIGNKEY"
    }
[09:40:14.579] [31mERROR[39m (44980): [36mTick error[39m
    err: {
      "type": "SqliteError",
      "message": "FOREIGN KEY constraint failed",
      "stack":
          SqliteError: FOREIGN KEY constraint failed
              at <anonymous> (E:\LifeSim Mayor Mode\artifacts\api-server\src\lib\simulation-engine.ts:4177:24)
              at sqliteTransaction (E:\LifeSim Mayor Mode\node_modules\.pnpm\better-sqlite3@12.9.0\node_modules\better-sqlite3\lib\methods\transaction.js:65:24)
              at SimulationEngine.syncToDB (E:\LifeSim Mayor Mode\artifacts\api-server\src\lib\simulation-engine.ts:4183:6)
              at async SimulationEngine.tick (E:\LifeSim Mayor Mode\artifacts\api-server\src\lib\simulation-engine.ts:3150:7)
      "code": "SQLITE_CONSTRAINT_FOREIGNKEY"
    }
[09:40:24.882] [31mERROR[39m (44980): [36mTick error[39m
    err: {
      "type": "SqliteError",
      "message": "FOREIGN KEY constraint failed",
      "stack":
          SqliteError: FOREIGN KEY constraint failed
              at <anonymous> (E:\LifeSim Mayor Mode\artifacts\api-server\src\lib\simulation-engine.ts:4177:24)
              at sqliteTransaction (E:\LifeSim Mayor Mode\node_modules\.pnpm\better-sqlite3@12.9.0\node_modules\better-sqlite3\lib\methods\transaction.js:65:24)
              at SimulationEngine.syncToDB (E:\LifeSim Mayor Mode\artifacts\api-server\src\lib\simulation-engine.ts:4183:6)
              at async SimulationEngine.tick (E:\LifeSim Mayor Mode\artifacts\api-server\src\lib\simulation-engine.ts:3150:7)
      "code": "SQLITE_CONSTRAINT_FOREIGNKEY"
    }
[09:40:35.171] [31mERROR[39m (44980): [36mTick error[39m
    err: {
      "type": "SqliteError",
      "message": "FOREIGN KEY constraint failed",
      "stack":
          SqliteError: FOREIGN KEY constraint failed
              at <anonymous> (E:\LifeSim Mayor Mode\artifacts\api-server\src\lib\simulation-engine.ts:4177:24)
              at sqliteTransaction (E:\LifeSim Mayor Mode\node_modules\.pnpm\better-sqlite3@12.9.0\node_modules\better-sqlite3\lib\methods\transaction.js:65:24)
              at SimulationEngine.syncToDB (E:\LifeSim Mayor Mode\artifacts\api-server\src\lib\simulation-engine.ts:4183:6)
              at async SimulationEngine.tick (E:\LifeSim Mayor Mode\artifacts\api-server\src\lib\simulation-engine.ts:3150:7)
      "code": "SQLITE_CONSTRAINT_FOREIGNKEY"
    }
[09:40:45.447] [31mERROR[39m (44980): [36mTick error[39m
    err: {
      "type": "SqliteError",
      "message": "FOREIGN KEY constraint failed",
      "stack":
          SqliteError: FOREIGN KEY constraint failed
              at <anonymous> (E:\LifeSim Mayor Mode\artifacts\api-server\src\lib\simulation-engine.ts:4177:24)
              at sqliteTransaction (E:\LifeSim Mayor Mode\node_modules\.pnpm\better-sqlite3@12.9.0\node_modules\better-sqlite3\lib\methods\transaction.js:65:24)
              at SimulationEngine.syncToDB (E:\LifeSim Mayor Mode\artifacts\api-server\src\lib\simulation-engine.ts:4183:6)
              at async SimulationEngine.tick (E:\LifeSim Mayor Mode\artifacts\api-server\src\lib\simulation-engine.ts:3150:7)
      "code": "SQLITE_CONSTRAINT_FOREIGNKEY"
    }
[09:40:55.751] [31mERROR[39m (44980): [36mTick error[39m
    err: {
      "type": "SqliteError",
      "message": "FOREIGN KEY constraint failed",
      "stack":
          SqliteError: FOREIGN KEY constraint failed
              at <anonymous> (E:\LifeSim Mayor Mode\artifacts\api-server\src\lib\simulation-engine.ts:4177:24)
              at sqliteTransaction (E:\LifeSim Mayor Mode\node_modules\.pnpm\better-sqlite3@12.9.0\node_modules\better-sqlite3\lib\methods\transaction.js:65:24)
              at SimulationEngine.syncToDB (E:\LifeSim Mayor Mode\artifacts\api-server\src\lib\simulation-engine.ts:4183:6)
              at async SimulationEngine.tick (E:\LifeSim Mayor Mode\artifacts\api-server\src\lib\simulation-engine.ts:3150:7)
      "code": "SQLITE_CONSTRAINT_FOREIGNKEY"
    }
[09:41:06.059] [31mERROR[39m (44980): [36mTick error[39m
    err: {
      "type": "SqliteError",
      "message": "FOREIGN KEY constraint failed",
      "stack":
          SqliteError: FOREIGN KEY constraint failed
              at <anonymous> (E:\LifeSim Mayor Mode\artifacts\api-server\src\lib\simulation-engine.ts:4177:24)
              at sqliteTransaction (E:\LifeSim Mayor Mode\node_modules\.pnpm\better-sqlite3@12.9.0\node_modules\better-sqlite3\lib\methods\transaction.js:65:24)
              at SimulationEngine.syncToDB (E:\LifeSim Mayor Mode\artifacts\api-server\src\lib\simulation-engine.ts:4183:6)
              at async SimulationEngine.tick (E:\LifeSim Mayor Mode\artifacts\api-server\src\lib\simulation-engine.ts:3150:7)
      "code": "SQLITE_CONSTRAINT_FOREIGNKEY"
    }
[09:41:16.205] [32mINFO[39m (44980): [36mBusiness going bankrupt — closing[39m
    [35mbizId[39m: 21
    [35mbizName[39m: "Закусочная №11"
    [35mbalance[39m: -331
    [35mticksUnprofitable[39m: 43
[09:41:16.229] [32mINFO[39m (44980): [36mBusiness going bankrupt — closing[39m
    [35mbizId[39m: 100
    [35mbizName[39m: "Парикмахерская  №29"
    [35mbalance[39m: -406
    [35mticksUnprofitable[39m: 43
[09:41:16.229] [32mINFO[39m (44980): [36mBusiness going bankrupt — closing[39m
    [35mbizId[39m: 426
    [35mbizName[39m: "Продуктовый     №62"
    [35mbalance[39m: -585
    [35mticksUnprofitable[39m: 43
[09:41:16.396] [31mERROR[39m (44980): [36mTick error[39m
    err: {
      "type": "SqliteError",
      "message": "FOREIGN KEY constraint failed",
      "stack":
          SqliteError: FOREIGN KEY constraint failed
              at <anonymous> (E:\LifeSim Mayor Mode\artifacts\api-server\src\lib\simulation-engine.ts:4177:24)
              at sqliteTransaction (E:\LifeSim Mayor Mode\node_modules\.pnpm\better-sqlite3@12.9.0\node_modules\better-sqlite3\lib\methods\transaction.js:65:24)
              at SimulationEngine.syncToDB (E:\LifeSim Mayor Mode\artifacts\api-server\src\lib\simulation-engine.ts:4183:6)
              at async SimulationEngine.tick (E:\LifeSim Mayor Mode\artifacts\api-server\src\lib\simulation-engine.ts:3150:7)
      "code": "SQLITE_CONSTRAINT_FOREIGNKEY"
    }
[09:41:26.545] [32mINFO[39m (44980): [36mBusiness going bankrupt — closing[39m
    [35mbizId[39m: 454
    [35mbizName[39m: "Столовая     №64"
    [35mbalance[39m: -773
    [35mticksUnprofitable[39m: 44
[09:41:26.852] [31mERROR[39m (44980): [36mTick error[39m
    err: {
      "type": "SqliteError",
      "message": "FOREIGN KEY constraint failed",
      "stack":
          SqliteError: FOREIGN KEY constraint failed
              at <anonymous> (E:\LifeSim Mayor Mode\artifacts\api-server\src\lib\simulation-engine.ts:4177:24)
              at sqliteTransaction (E:\LifeSim Mayor Mode\node_modules\.pnpm\better-sqlite3@12.9.0\node_modules\better-sqlite3\lib\methods\transaction.js:65:24)
              at SimulationEngine.syncToDB (E:\LifeSim Mayor Mode\artifacts\api-server\src\lib\simulation-engine.ts:4183:6)
              at async SimulationEngine.tick (E:\LifeSim Mayor Mode\artifacts\api-server\src\lib\simulation-engine.ts:3150:7)
      "code": "SQLITE_CONSTRAINT_FOREIGNKEY"
    }
[09:41:37.225] [31mERROR[39m (44980): [36mTick error[39m
    err: {
      "type": "SqliteError",
      "message": "FOREIGN KEY constraint failed",
      "stack":
          SqliteError: FOREIGN KEY constraint failed
              at <anonymous> (E:\LifeSim Mayor Mode\artifacts\api-server\src\lib\simulation-engine.ts:4177:24)
              at sqliteTransaction (E:\LifeSim Mayor Mode\node_modules\.pnpm\better-sqlite3@12.9.0\node_modules\better-sqlite3\lib\methods\transaction.js:65:24)
              at SimulationEngine.syncToDB (E:\LifeSim Mayor Mode\artifacts\api-server\src\lib\simulation-engine.ts:4183:6)
              at async SimulationEngine.tick (E:\LifeSim Mayor Mode\artifacts\api-server\src\lib\simulation-engine.ts:3150:7)
      "code": "SQLITE_CONSTRAINT_FOREIGNKEY"
    }
[09:41:47.648] [31mERROR[39m (44980): [36mTick error[39m
    err: {
      "type": "SqliteError",
      "message": "FOREIGN KEY constraint failed",
      "stack":
          SqliteError: FOREIGN KEY constraint failed
              at <anonymous> (E:\LifeSim Mayor Mode\artifacts\api-server\src\lib\simulation-engine.ts:4177:24)
              at sqliteTransaction (E:\LifeSim Mayor Mode\node_modules\.pnpm\better-sqlite3@12.9.0\node_modules\better-sqlite3\lib\methods\transaction.js:65:24)
              at SimulationEngine.syncToDB (E:\LifeSim Mayor Mode\artifacts\api-server\src\lib\simulation-engine.ts:4183:6)
              at async SimulationEngine.tick (E:\LifeSim Mayor Mode\artifacts\api-server\src\lib\simulation-engine.ts:3150:7)
      "code": "SQLITE_CONSTRAINT_FOREIGNKEY"
    }
[09:41:58.125] [31mERROR[39m (44980): [36mTick error[39m
    err: {
      "type": "SqliteError",
      "message": "FOREIGN KEY constraint failed",
      "stack":
          SqliteError: FOREIGN KEY constraint failed
              at <anonymous> (E:\LifeSim Mayor Mode\artifacts\api-server\src\lib\simulation-engine.ts:4177:24)
              at sqliteTransaction (E:\LifeSim Mayor Mode\node_modules\.pnpm\better-sqlite3@12.9.0\node_modules\better-sqlite3\lib\methods\transaction.js:65:24)
              at SimulationEngine.syncToDB (E:\LifeSim Mayor Mode\artifacts\api-server\src\lib\simulation-engine.ts:4183:6)
              at async SimulationEngine.tick (E:\LifeSim Mayor Mode\artifacts\api-server\src\lib\simulation-engine.ts:3150:7)
      "code": "SQLITE_CONSTRAINT_FOREIGNKEY"
    }
[09:42:08.590] [31mERROR[39m (44980): [36mTick error[39m
    err: {
      "type": "SqliteError",
      "message": "FOREIGN KEY constraint failed",
      "stack":
          SqliteError: FOREIGN KEY constraint failed
              at <anonymous> (E:\LifeSim Mayor Mode\artifacts\api-server\src\lib\simulation-engine.ts:4177:24)
              at sqliteTransaction (E:\LifeSim Mayor Mode\node_modules\.pnpm\better-sqlite3@12.9.0\node_modules\better-sqlite3\lib\methods\transaction.js:65:24)
              at SimulationEngine.syncToDB (E:\LifeSim Mayor Mode\artifacts\api-server\src\lib\simulation-engine.ts:4183:6)
              at async SimulationEngine.tick (E:\LifeSim Mayor Mode\artifacts\api-server\src\lib\simulation-engine.ts:3150:7)
      "code": "SQLITE_CONSTRAINT_FOREIGNKEY"
    }
[09:42:18.818] [32mINFO[39m (44980): [36mAgents died[39m
    [35mcount[39m: 8
    [35mpopulation[39m: 924
[09:42:18.821] [32mINFO[39m (44980): [36mNew agents born[39m
    [35mcount[39m: 9
    [35mpopulation[39m: 933
[09:42:18.828] [32mINFO[39m (44980): [36mAgents emigrated[39m
    [35mcount[39m: 13
    [35mpopulation[39m: 920
    [35mwellbeingScore[39m: 0.78
[09:42:18.831] [32mINFO[39m (44980): [36mAgents immigrated[39m
    [35mcount[39m: 11
    [35mpopulation[39m: 931
    [35mwellbeingScore[39m: 0.78
[09:42:18.832] [32mINFO[39m (44980): [36mOne-time government survival bailout issued[39m
    [35mbizId[39m: 120
    [35mbizName[39m: "Парикмахерская  №40"
    [35mbalanceAfter[39m: 534
    [35mbailoutAmount[39m: 800
[09:42:18.832] [32mINFO[39m (44980): [36mOne-time government survival bailout issued[39m
    [35mbizId[39m: 262
    [35mbizName[39m: "Супермаркет     №62"
    [35mbalanceAfter[39m: 458
    [35mbailoutAmount[39m: 800
[09:42:18.832] [32mINFO[39m (44980): [36mOne-time government survival bailout issued[39m
    [35mbizId[39m: 285
    [35mbizName[39m: "Закусочная     №64"
    [35mbalanceAfter[39m: 561
    [35mbailoutAmount[39m: 800
[09:42:18.832] [32mINFO[39m (44980): [36mOne-time government survival bailout issued[39m
    [35mbizId[39m: 287
    [35mbizName[39m: "Ресторан     №66"
    [35mbalanceAfter[39m: 621
    [35mbailoutAmount[39m: 800
[09:42:18.832] [32mINFO[39m (44980): [36mOne-time government survival bailout issued[39m
    [35mbizId[39m: 334
    [35mbizName[39m: "Кафе     №63"
    [35mbalanceAfter[39m: 517
    [35mbailoutAmount[39m: 800
[09:42:18.834] [32mINFO[39m (44980): [36mSelf-funded business opened[39m
    [35magentId[39m: 1621
    [35mbizName[39m: "Птицефабрика     №32"
    [35mbizType[39m: "farm"
    [35mlaunchCost[39m: 1800
    [35msuccessScore[39m: 33
    [35magentMoney[39m: 9369
[09:42:18.834] [32mINFO[39m (44980): [36mSelf-funded business opened[39m
    [35magentId[39m: 1624
    [35mbizName[39m: "Овощная ферма     №33"
    [35mbizType[39m: "farm"
    [35mlaunchCost[39m: 1800
    [35msuccessScore[39m: 33
    [35magentMoney[39m: 4060
[09:42:18.835] [32mINFO[39m (44980): [36mGovernment grant approved (need-driven)[39m
    [35magentId[39m: 1985
    [35mbizName[39m: "Птицефабрика     №34"
    [35mbizType[39m: "farm"
    [35mlaunchCost[39m: 1800
    [35msuccessScore[39m: 33
    [35mneedScore[39m: 0
    [35mmarketRatio[39m: 1
    [35mgovBudgetAfter[39m: 112998
[09:42:18.835] [32mINFO[39m (44980): [36mGovernment grant approved (need-driven)[39m
    [35magentId[39m: 3426
    [35mbizName[39m: "Птицефабрика     №35"
    [35mbizType[39m: "farm"
    [35mlaunchCost[39m: 1800
    [35msuccessScore[39m: 33
    [35mneedScore[39m: 0
    [35mmarketRatio[39m: 1
    [35mgovBudgetAfter[39m: 111198
[09:42:18.836] [32mINFO[39m (44980): [36mGovernment grant approved (need-driven)[39m
    [35magentId[39m: 3433
    [35mbizName[39m: "Агроферма     №36"
    [35mbizType[39m: "farm"
    [35mlaunchCost[39m: 1800
    [35msuccessScore[39m: 33
    [35mneedScore[39m: 0
    [35mmarketRatio[39m: 1
    [35mgovBudgetAfter[39m: 109398
[09:42:19.004] [31mERROR[39m (44980): [36mTick error[39m
    err: {
      "type": "SqliteError",
      "message": "FOREIGN KEY constraint failed",
      "stack":
          SqliteError: FOREIGN KEY constraint failed
              at <anonymous> (E:\LifeSim Mayor Mode\artifacts\api-server\src\lib\simulation-engine.ts:4177:24)
              at sqliteTransaction (E:\LifeSim Mayor Mode\node_modules\.pnpm\better-sqlite3@12.9.0\node_modules\better-sqlite3\lib\methods\transaction.js:65:24)
              at SimulationEngine.syncToDB (E:\LifeSim Mayor Mode\artifacts\api-server\src\lib\simulation-engine.ts:4183:6)
              at async SimulationEngine.tick (E:\LifeSim Mayor Mode\artifacts\api-server\src\lib\simulation-engine.ts:3150:7)
      "code": "SQLITE_CONSTRAINT_FOREIGNKEY"
    }
[09:42:29.467] [31mERROR[39m (44980): [36mTick error[39m
    err: {
      "type": "SqliteError",
      "message": "FOREIGN KEY constraint failed",
      "stack":
          SqliteError: FOREIGN KEY constraint failed
              at <anonymous> (E:\LifeSim Mayor Mode\artifacts\api-server\src\lib\simulation-engine.ts:4177:24)
              at sqliteTransaction (E:\LifeSim Mayor Mode\node_modules\.pnpm\better-sqlite3@12.9.0\node_modules\better-sqlite3\lib\methods\transaction.js:65:24)
              at SimulationEngine.syncToDB (E:\LifeSim Mayor Mode\artifacts\api-server\src\lib\simulation-engine.ts:4183:6)
              at async SimulationEngine.tick (E:\LifeSim Mayor Mode\artifacts\api-server\src\lib\simulation-engine.ts:3150:7)
      "code": "SQLITE_CONSTRAINT_FOREIGNKEY"
    }
[09:42:39.913] [31mERROR[39m (44980): [36mTick error[39m
    err: {
      "type": "SqliteError",
      "message": "FOREIGN KEY constraint failed",
      "stack":
          SqliteError: FOREIGN KEY constraint failed
              at <anonymous> (E:\LifeSim Mayor Mode\artifacts\api-server\src\lib\simulation-engine.ts:4177:24)
              at sqliteTransaction (E:\LifeSim Mayor Mode\node_modules\.pnpm\better-sqlite3@12.9.0\node_modules\better-sqlite3\lib\methods\transaction.js:65:24)
              at SimulationEngine.syncToDB (E:\LifeSim Mayor Mode\artifacts\api-server\src\lib\simulation-engine.ts:4183:6)
              at async SimulationEngine.tick (E:\LifeSim Mayor Mode\artifacts\api-server\src\lib\simulation-engine.ts:3150:7)
      "code": "SQLITE_CONSTRAINT_FOREIGNKEY"
    }
[09:42:50.408] [31mERROR[39m (44980): [36mTick error[39m
    err: {
      "type": "SqliteError",
      "message": "FOREIGN KEY constraint failed",
      "stack":
          SqliteError: FOREIGN KEY constraint failed
              at <anonymous> (E:\LifeSim Mayor Mode\artifacts\api-server\src\lib\simulation-engine.ts:4177:24)
              at sqliteTransaction (E:\LifeSim Mayor Mode\node_modules\.pnpm\better-sqlite3@12.9.0\node_modules\better-sqlite3\lib\methods\transaction.js:65:24)
              at SimulationEngine.syncToDB (E:\LifeSim Mayor Mode\artifacts\api-server\src\lib\simulation-engine.ts:4183:6)
              at async SimulationEngine.tick (E:\LifeSim Mayor Mode\artifacts\api-server\src\lib\simulation-engine.ts:3150:7)
      "code": "SQLITE_CONSTRAINT_FOREIGNKEY"
    }
[09:43:00.813] [31mERROR[39m (44980): [36mTick error[39m
    err: {
      "type": "SqliteError",
      "message": "FOREIGN KEY constraint failed",
      "stack":
          SqliteError: FOREIGN KEY constraint failed
              at <anonymous> (E:\LifeSim Mayor Mode\artifacts\api-server\src\lib\simulation-engine.ts:4177:24)
              at sqliteTransaction (E:\LifeSim Mayor Mode\node_modules\.pnpm\better-sqlite3@12.9.0\node_modules\better-sqlite3\lib\methods\transaction.js:65:24)
              at SimulationEngine.syncToDB (E:\LifeSim Mayor Mode\artifacts\api-server\src\lib\simulation-engine.ts:4183:6)
              at async SimulationEngine.tick (E:\LifeSim Mayor Mode\artifacts\api-server\src\lib\simulation-engine.ts:3150:7)
      "code": "SQLITE_CONSTRAINT_FOREIGNKEY"
    }
[09:43:11.075] [31mERROR[39m (44980): [36mTick error[39m
    err: {
      "type": "SqliteError",
      "message": "FOREIGN KEY constraint failed",
      "stack":
          SqliteError: FOREIGN KEY constraint failed
              at <anonymous> (E:\LifeSim Mayor Mode\artifacts\api-server\src\lib\simulation-engine.ts:4177:24)
              at sqliteTransaction (E:\LifeSim Mayor Mode\node_modules\.pnpm\better-sqlite3@12.9.0\node_modules\better-sqlite3\lib\methods\transaction.js:65:24)
              at SimulationEngine.syncToDB (E:\LifeSim Mayor Mode\artifacts\api-server\src\lib\simulation-engine.ts:4183:6)
              at async SimulationEngine.tick (E:\LifeSim Mayor Mode\artifacts\api-server\src\lib\simulation-engine.ts:3150:7)
      "code": "SQLITE_CONSTRAINT_FOREIGNKEY"
    }
[09:43:21.325] [31mERROR[39m (44980): [36mTick error[39m
    err: {
      "type": "SqliteError",
      "message": "FOREIGN KEY constraint failed",
      "stack":
          SqliteError: FOREIGN KEY constraint failed
              at <anonymous> (E:\LifeSim Mayor Mode\artifacts\api-server\src\lib\simulation-engine.ts:4177:24)
              at sqliteTransaction (E:\LifeSim Mayor Mode\node_modules\.pnpm\better-sqlite3@12.9.0\node_modules\better-sqlite3\lib\methods\transaction.js:65:24)
              at SimulationEngine.syncToDB (E:\LifeSim Mayor Mode\artifacts\api-server\src\lib\simulation-engine.ts:4183:6)
              at async SimulationEngine.tick (E:\LifeSim Mayor Mode\artifacts\api-server\src\lib\simulation-engine.ts:3150:7)
      "code": "SQLITE_CONSTRAINT_FOREIGNKEY"
    }
[09:43:31.568] [31mERROR[39m (44980): [36mTick error[39m
    err: {
      "type": "SqliteError",
      "message": "FOREIGN KEY constraint failed",
      "stack":
          SqliteError: FOREIGN KEY constraint failed
              at <anonymous> (E:\LifeSim Mayor Mode\artifacts\api-server\src\lib\simulation-engine.ts:4177:24)
              at sqliteTransaction (E:\LifeSim Mayor Mode\node_modules\.pnpm\better-sqlite3@12.9.0\node_modules\better-sqlite3\lib\methods\transaction.js:65:24)
              at SimulationEngine.syncToDB (E:\LifeSim Mayor Mode\artifacts\api-server\src\lib\simulation-engine.ts:4183:6)
              at async SimulationEngine.tick (E:\LifeSim Mayor Mode\artifacts\api-server\src\lib\simulation-engine.ts:3150:7)
      "code": "SQLITE_CONSTRAINT_FOREIGNKEY"
    }
[09:43:41.827] [31mERROR[39m (44980): [36mTick error[39m
    err: {
      "type": "SqliteError",
      "message": "FOREIGN KEY constraint failed",
      "stack":
          SqliteError: FOREIGN KEY constraint failed
              at <anonymous> (E:\LifeSim Mayor Mode\artifacts\api-server\src\lib\simulation-engine.ts:4177:24)
              at sqliteTransaction (E:\LifeSim Mayor Mode\node_modules\.pnpm\better-sqlite3@12.9.0\node_modules\better-sqlite3\lib\methods\transaction.js:65:24)
              at SimulationEngine.syncToDB (E:\LifeSim Mayor Mode\artifacts\api-server\src\lib\simulation-engine.ts:4183:6)
              at async SimulationEngine.tick (E:\LifeSim Mayor Mode\artifacts\api-server\src\lib\simulation-engine.ts:3150:7)
      "code": "SQLITE_CONSTRAINT_FOREIGNKEY"
    }
[09:43:52.080] [31mERROR[39m (44980): [36mTick error[39m
    err: {
      "type": "SqliteError",
      "message": "FOREIGN KEY constraint failed",
      "stack":
          SqliteError: FOREIGN KEY constraint failed
              at <anonymous> (E:\LifeSim Mayor Mode\artifacts\api-server\src\lib\simulation-engine.ts:4177:24)
              at sqliteTransaction (E:\LifeSim Mayor Mode\node_modules\.pnpm\better-sqlite3@12.9.0\node_modules\better-sqlite3\lib\methods\transaction.js:65:24)
              at SimulationEngine.syncToDB (E:\LifeSim Mayor Mode\artifacts\api-server\src\lib\simulation-engine.ts:4183:6)
              at async SimulationEngine.tick (E:\LifeSim Mayor Mode\artifacts\api-server\src\lib\simulation-engine.ts:3150:7)
      "code": "SQLITE_CONSTRAINT_FOREIGNKEY"
    }
[09:44:02.341] [31mERROR[39m (44980): [36mTick error[39m
    err: {
      "type": "SqliteError",
      "message": "FOREIGN KEY constraint failed",
      "stack":
          SqliteError: FOREIGN KEY constraint failed
              at <anonymous> (E:\LifeSim Mayor Mode\artifacts\api-server\src\lib\simulation-engine.ts:4177:24)
              at sqliteTransaction (E:\LifeSim Mayor Mode\node_modules\.pnpm\better-sqlite3@12.9.0\node_modules\better-sqlite3\lib\methods\transaction.js:65:24)
              at SimulationEngine.syncToDB (E:\LifeSim Mayor Mode\artifacts\api-server\src\lib\simulation-engine.ts:4183:6)
              at async SimulationEngine.tick (E:\LifeSim Mayor Mode\artifacts\api-server\src\lib\simulation-engine.ts:3150:7)
      "code": "SQLITE_CONSTRAINT_FOREIGNKEY"
    }
[09:44:12.630] [31mERROR[39m (44980): [36mTick error[39m
    err: {
      "type": "SqliteError",
      "message": "FOREIGN KEY constraint failed",
      "stack":
          SqliteError: FOREIGN KEY constraint failed
              at <anonymous> (E:\LifeSim Mayor Mode\artifacts\api-server\src\lib\simulation-engine.ts:4177:24)
              at sqliteTransaction (E:\LifeSim Mayor Mode\node_modules\.pnpm\better-sqlite3@12.9.0\node_modules\better-sqlite3\lib\methods\transaction.js:65:24)
              at SimulationEngine.syncToDB (E:\LifeSim Mayor Mode\artifacts\api-server\src\lib\simulation-engine.ts:4183:6)
              at async SimulationEngine.tick (E:\LifeSim Mayor Mode\artifacts\api-server\src\lib\simulation-engine.ts:3150:7)
      "code": "SQLITE_CONSTRAINT_FOREIGNKEY"
    }
[09:44:22.922] [31mERROR[39m (44980): [36mTick error[39m
    err: {
      "type": "SqliteError",
      "message": "FOREIGN KEY constraint failed",
      "stack":
          SqliteError: FOREIGN KEY constraint failed
              at <anonymous> (E:\LifeSim Mayor Mode\artifacts\api-server\src\lib\simulation-engine.ts:4177:24)
              at sqliteTransaction (E:\LifeSim Mayor Mode\node_modules\.pnpm\better-sqlite3@12.9.0\node_modules\better-sqlite3\lib\methods\transaction.js:65:24)
              at SimulationEngine.syncToDB (E:\LifeSim Mayor Mode\artifacts\api-server\src\lib\simulation-engine.ts:4183:6)
              at async SimulationEngine.tick (E:\LifeSim Mayor Mode\artifacts\api-server\src\lib\simulation-engine.ts:3150:7)
      "code": "SQLITE_CONSTRAINT_FOREIGNKEY"
    }
[09:44:33.234] [31mERROR[39m (44980): [36mTick error[39m
    err: {
      "type": "SqliteError",
      "message": "FOREIGN KEY constraint failed",
      "stack":
          SqliteError: FOREIGN KEY constraint failed
              at <anonymous> (E:\LifeSim Mayor Mode\artifacts\api-server\src\lib\simulation-engine.ts:4177:24)
              at sqliteTransaction (E:\LifeSim Mayor Mode\node_modules\.pnpm\better-sqlite3@12.9.0\node_modules\better-sqlite3\lib\methods\transaction.js:65:24)
              at SimulationEngine.syncToDB (E:\LifeSim Mayor Mode\artifacts\api-server\src\lib\simulation-engine.ts:4183:6)
              at async SimulationEngine.tick (E:\LifeSim Mayor Mode\artifacts\api-server\src\lib\simulation-engine.ts:3150:7)
      "code": "SQLITE_CONSTRAINT_FOREIGNKEY"
    }
[09:44:43.521] [31mERROR[39m (44980): [36mTick error[39m
    err: {
      "type": "SqliteError",
      "message": "FOREIGN KEY constraint failed",
      "stack":
          SqliteError: FOREIGN KEY constraint failed
              at <anonymous> (E:\LifeSim Mayor Mode\artifacts\api-server\src\lib\simulation-engine.ts:4177:24)
              at sqliteTransaction (E:\LifeSim Mayor Mode\node_modules\.pnpm\better-sqlite3@12.9.0\node_modules\better-sqlite3\lib\methods\transaction.js:65:24)
              at SimulationEngine.syncToDB (E:\LifeSim Mayor Mode\artifacts\api-server\src\lib\simulation-engine.ts:4183:6)
              at async SimulationEngine.tick (E:\LifeSim Mayor Mode\artifacts\api-server\src\lib\simulation-engine.ts:3150:7)
      "code": "SQLITE_CONSTRAINT_FOREIGNKEY"
    }
[09:44:53.809] [31mERROR[39m (44980): [36mTick error[39m
    err: {
      "type": "SqliteError",
      "message": "FOREIGN KEY constraint failed",
      "stack":
          SqliteError: FOREIGN KEY constraint failed
              at <anonymous> (E:\LifeSim Mayor Mode\artifacts\api-server\src\lib\simulation-engine.ts:4177:24)
              at sqliteTransaction (E:\LifeSim Mayor Mode\node_modules\.pnpm\better-sqlite3@12.9.0\node_modules\better-sqlite3\lib\methods\transaction.js:65:24)
              at SimulationEngine.syncToDB (E:\LifeSim Mayor Mode\artifacts\api-server\src\lib\simulation-engine.ts:4183:6)
              at async SimulationEngine.tick (E:\LifeSim Mayor Mode\artifacts\api-server\src\lib\simulation-engine.ts:3150:7)
      "code": "SQLITE_CONSTRAINT_FOREIGNKEY"
    }
[09:45:04.101] [31mERROR[39m (44980): [36mTick error[39m
    err: {
      "type": "SqliteError",
      "message": "FOREIGN KEY constraint failed",
      "stack":
          SqliteError: FOREIGN KEY constraint failed
              at <anonymous> (E:\LifeSim Mayor Mode\artifacts\api-server\src\lib\simulation-engine.ts:4177:24)
              at sqliteTransaction (E:\LifeSim Mayor Mode\node_modules\.pnpm\better-sqlite3@12.9.0\node_modules\better-sqlite3\lib\methods\transaction.js:65:24)
              at SimulationEngine.syncToDB (E:\LifeSim Mayor Mode\artifacts\api-server\src\lib\simulation-engine.ts:4183:6)
              at async SimulationEngine.tick (E:\LifeSim Mayor Mode\artifacts\api-server\src\lib\simulation-engine.ts:3150:7)
      "code": "SQLITE_CONSTRAINT_FOREIGNKEY"
    }
[09:45:14.403] [31mERROR[39m (44980): [36mTick error[39m
    err: {
      "type": "SqliteError",
      "message": "FOREIGN KEY constraint failed",
      "stack":
          SqliteError: FOREIGN KEY constraint failed
              at <anonymous> (E:\LifeSim Mayor Mode\artifacts\api-server\src\lib\simulation-engine.ts:4177:24)
              at sqliteTransaction (E:\LifeSim Mayor Mode\node_modules\.pnpm\better-sqlite3@12.9.0\node_modules\better-sqlite3\lib\methods\transaction.js:65:24)
              at SimulationEngine.syncToDB (E:\LifeSim Mayor Mode\artifacts\api-server\src\lib\simulation-engine.ts:4183:6)
              at async SimulationEngine.tick (E:\LifeSim Mayor Mode\artifacts\api-server\src\lib\simulation-engine.ts:3150:7)
      "code": "SQLITE_CONSTRAINT_FOREIGNKEY"
    }
[09:45:24.533] [32mINFO[39m (44980): [36mBusiness going bankrupt — closing[39m
    [35mbizId[39m: 125
    [35mbizName[39m: "Закусочная     №43"
    [35mbalance[39m: -677
    [35mticksUnprofitable[39m: 43
[09:45:24.717] [31mERROR[39m (44980): [36mTick error[39m
    err: {
      "type": "SqliteError",
      "message": "FOREIGN KEY constraint failed",
      "stack":
          SqliteError: FOREIGN KEY constraint failed
              at <anonymous> (E:\LifeSim Mayor Mode\artifacts\api-server\src\lib\simulation-engine.ts:4177:24)
              at sqliteTransaction (E:\LifeSim Mayor Mode\node_modules\.pnpm\better-sqlite3@12.9.0\node_modules\better-sqlite3\lib\methods\transaction.js:65:24)
              at SimulationEngine.syncToDB (E:\LifeSim Mayor Mode\artifacts\api-server\src\lib\simulation-engine.ts:4183:6)
              at async SimulationEngine.tick (E:\LifeSim Mayor Mode\artifacts\api-server\src\lib\simulation-engine.ts:3150:7)
      "code": "SQLITE_CONSTRAINT_FOREIGNKEY"
    }
[09:45:35.010] [31mERROR[39m (44980): [36mTick error[39m
    err: {
      "type": "SqliteError",
      "message": "FOREIGN KEY constraint failed",
      "stack":
          SqliteError: FOREIGN KEY constraint failed
              at <anonymous> (E:\LifeSim Mayor Mode\artifacts\api-server\src\lib\simulation-engine.ts:4177:24)
              at sqliteTransaction (E:\LifeSim Mayor Mode\node_modules\.pnpm\better-sqlite3@12.9.0\node_modules\better-sqlite3\lib\methods\transaction.js:65:24)
              at SimulationEngine.syncToDB (E:\LifeSim Mayor Mode\artifacts\api-server\src\lib\simulation-engine.ts:4183:6)
              at async SimulationEngine.tick (E:\LifeSim Mayor Mode\artifacts\api-server\src\lib\simulation-engine.ts:3150:7)
      "code": "SQLITE_CONSTRAINT_FOREIGNKEY"
    }
[09:45:45.138] [32mINFO[39m (44980): [36mBusiness going bankrupt — closing[39m
    [35mbizId[39m: 455
    [35mbizName[39m: "Супермаркет     №65"
    [35mbalance[39m: -305
    [35mticksUnprofitable[39m: 45
[09:45:45.314] [31mERROR[39m (44980): [36mTick error[39m
    err: {
      "type": "SqliteError",
      "message": "FOREIGN KEY constraint failed",
      "stack":
          SqliteError: FOREIGN KEY constraint failed
              at <anonymous> (E:\LifeSim Mayor Mode\artifacts\api-server\src\lib\simulation-engine.ts:4177:24)
              at sqliteTransaction (E:\LifeSim Mayor Mode\node_modules\.pnpm\better-sqlite3@12.9.0\node_modules\better-sqlite3\lib\methods\transaction.js:65:24)
              at SimulationEngine.syncToDB (E:\LifeSim Mayor Mode\artifacts\api-server\src\lib\simulation-engine.ts:4183:6)
              at async SimulationEngine.tick (E:\LifeSim Mayor Mode\artifacts\api-server\src\lib\simulation-engine.ts:3150:7)
      "code": "SQLITE_CONSTRAINT_FOREIGNKEY"
    }
[09:45:55.628] [31mERROR[39m (44980): [36mTick error[39m
    err: {
      "type": "SqliteError",
      "message": "FOREIGN KEY constraint failed",
      "stack":
          SqliteError: FOREIGN KEY constraint failed
              at <anonymous> (E:\LifeSim Mayor Mode\artifacts\api-server\src\lib\simulation-engine.ts:4177:24)
              at sqliteTransaction (E:\LifeSim Mayor Mode\node_modules\.pnpm\better-sqlite3@12.9.0\node_modules\better-sqlite3\lib\methods\transaction.js:65:24)
              at SimulationEngine.syncToDB (E:\LifeSim Mayor Mode\artifacts\api-server\src\lib\simulation-engine.ts:4183:6)
              at async SimulationEngine.tick (E:\LifeSim Mayor Mode\artifacts\api-server\src\lib\simulation-engine.ts:3150:7)
      "code": "SQLITE_CONSTRAINT_FOREIGNKEY"
    }
[09:46:05.919] [31mERROR[39m (44980): [36mTick error[39m
    err: {
      "type": "SqliteError",
      "message": "FOREIGN KEY constraint failed",
      "stack":
          SqliteError: FOREIGN KEY constraint failed
              at <anonymous> (E:\LifeSim Mayor Mode\artifacts\api-server\src\lib\simulation-engine.ts:4177:24)
              at sqliteTransaction (E:\LifeSim Mayor Mode\node_modules\.pnpm\better-sqlite3@12.9.0\node_modules\better-sqlite3\lib\methods\transaction.js:65:24)
              at SimulationEngine.syncToDB (E:\LifeSim Mayor Mode\artifacts\api-server\src\lib\simulation-engine.ts:4183:6)
              at async SimulationEngine.tick (E:\LifeSim Mayor Mode\artifacts\api-server\src\lib\simulation-engine.ts:3150:7)
      "code": "SQLITE_CONSTRAINT_FOREIGNKEY"
    }
[09:46:16.222] [31mERROR[39m (44980): [36mTick error[39m
    err: {
      "type": "SqliteError",
      "message": "FOREIGN KEY constraint failed",
      "stack":
          SqliteError: FOREIGN KEY constraint failed
              at <anonymous> (E:\LifeSim Mayor Mode\artifacts\api-server\src\lib\simulation-engine.ts:4177:24)
              at sqliteTransaction (E:\LifeSim Mayor Mode\node_modules\.pnpm\better-sqlite3@12.9.0\node_modules\better-sqlite3\lib\methods\transaction.js:65:24)
              at SimulationEngine.syncToDB (E:\LifeSim Mayor Mode\artifacts\api-server\src\lib\simulation-engine.ts:4183:6)
              at async SimulationEngine.tick (E:\LifeSim Mayor Mode\artifacts\api-server\src\lib\simulation-engine.ts:3150:7)
      "code": "SQLITE_CONSTRAINT_FOREIGNKEY"
    }
[09:46:26.319] [32mINFO[39m (44980): [36mAgents died[39m
    [35mcount[39m: 7
    [35mpopulation[39m: 924
[09:46:26.321] [32mINFO[39m (44980): [36mNew agents born[39m
    [35mcount[39m: 9
    [35mpopulation[39m: 933
[09:46:26.333] [32mINFO[39m (44980): [36mAgents emigrated[39m
    [35mcount[39m: 21
    [35mpopulation[39m: 912
    [35mwellbeingScore[39m: 0.78
[09:46:26.335] [32mINFO[39m (44980): [36mAgents immigrated[39m
    [35mcount[39m: 11
    [35mpopulation[39m: 923
    [35mwellbeingScore[39m: 0.78
[09:46:26.336] [32mINFO[39m (44980): [36mOne-time government survival bailout issued[39m
    [35mbizId[39m: 14
    [35mbizName[39m: "Кафе №4"
    [35mbalanceAfter[39m: 596
    [35mbailoutAmount[39m: 800
[09:46:26.336] [32mINFO[39m (44980): [36mOne-time government survival bailout issued[39m
    [35mbizId[39m: 38
    [35mbizName[39m: "Столовая №28"
    [35mbalanceAfter[39m: 569
    [35mbailoutAmount[39m: 800
[09:46:26.336] [32mINFO[39m (44980): [36mOne-time government survival bailout issued[39m
    [35mbizId[39m: 261
    [35mbizName[39m: "Супермаркет     №61"
    [35mbalanceAfter[39m: 599
    [35mbailoutAmount[39m: 800
[09:46:26.336] [32mINFO[39m (44980): [36mOne-time government survival bailout issued[39m
    [35mbizId[39m: 362
    [35mbizName[39m: "Парикмахерская  №38"
    [35mbalanceAfter[39m: 605
    [35mbailoutAmount[39m: 800
[09:46:26.336] [32mINFO[39m (44980): [36mOne-time government survival bailout issued[39m
    [35mbizId[39m: 364
    [35mbizName[39m: "Магазин  №40"
    [35mbalanceAfter[39m: 587
    [35mbailoutAmount[39m: 800
[09:46:26.337] [32mINFO[39m (44980): [36mSelf-funded business opened[39m
    [35magentId[39m: 1613
    [35mbizName[39m: "Пекарня     №67"
    [35mbizType[39m: "food"
    [35mlaunchCost[39m: 2000
    [35msuccessScore[39m: 37
    [35magentMoney[39m: 8453
[09:46:26.338] [32mINFO[39m (44980): [36mSelf-funded business opened[39m
    [35magentId[39m: 1634
    [35mbizName[39m: "Кафе     №68"
    [35mbizType[39m: "food"
    [35mlaunchCost[39m: 2000
    [35msuccessScore[39m: 37
    [35magentMoney[39m: 4144
[09:46:26.338] [32mINFO[39m (44980): [36mGovernment grant approved (need-driven)[39m
    [35magentId[39m: 3649
    [35mbizName[39m: "Столовая     №69"
    [35mbizType[39m: "food"
    [35mlaunchCost[39m: 2000
    [35msuccessScore[39m: 37
    [35mneedScore[39m: 52
    [35mmarketRatio[39m: 0.81
    [35mgovBudgetAfter[39m: 106806
[09:46:26.339] [32mINFO[39m (44980): [36mGovernment grant approved (need-driven)[39m
    [35magentId[39m: 3655
    [35mbizName[39m: "Столовая     №70"
    [35mbizType[39m: "food"
    [35mlaunchCost[39m: 2000
    [35msuccessScore[39m: 34
    [35mneedScore[39m: 52
    [35mmarketRatio[39m: 0.67
    [35mgovBudgetAfter[39m: 104806
[09:46:26.339] [32mINFO[39m (44980): [36mGovernment grant approved (need-driven)[39m
    [35magentId[39m: 3654
    [35mbizName[39m: "Химический завод №22"
    [35mbizType[39m: "workshop"
    [35mlaunchCost[39m: 2200
    [35msuccessScore[39m: 33
    [35mneedScore[39m: 0
    [35mmarketRatio[39m: 1
    [35mgovBudgetAfter[39m: 102606
[09:46:36.989] [31mERROR[39m (44980): [36mTick error[39m
    err: {
      "type": "SqliteError",
      "message": "FOREIGN KEY constraint failed",
      "stack":
          SqliteError: FOREIGN KEY constraint failed
              at <anonymous> (E:\LifeSim Mayor Mode\artifacts\api-server\src\lib\simulation-engine.ts:4177:24)
              at sqliteTransaction (E:\LifeSim Mayor Mode\node_modules\.pnpm\better-sqlite3@12.9.0\node_modules\better-sqlite3\lib\methods\transaction.js:65:24)
              at SimulationEngine.syncToDB (E:\LifeSim Mayor Mode\artifacts\api-server\src\lib\simulation-engine.ts:4183:6)
              at async SimulationEngine.tick (E:\LifeSim Mayor Mode\artifacts\api-server\src\lib\simulation-engine.ts:3150:7)
      "code": "SQLITE_CONSTRAINT_FOREIGNKEY"
    }
[09:46:47.120] [32mINFO[39m (44980): [36mBusiness going bankrupt — closing[39m
    [35mbizId[39m: 12
    [35mbizName[39m: "Ресторан №2"
    [35mbalance[39m: -321
    [35mticksUnprofitable[39m: 123
[09:46:47.291] [31mERROR[39m (44980): [36mTick error[39m
    err: {
      "type": "SqliteError",
      "message": "FOREIGN KEY constraint failed",
      "stack":
          SqliteError: FOREIGN KEY constraint failed
              at <anonymous> (E:\LifeSim Mayor Mode\artifacts\api-server\src\lib\simulation-engine.ts:4177:24)
              at sqliteTransaction (E:\LifeSim Mayor Mode\node_modules\.pnpm\better-sqlite3@12.9.0\node_modules\better-sqlite3\lib\methods\transaction.js:65:24)
              at SimulationEngine.syncToDB (E:\LifeSim Mayor Mode\artifacts\api-server\src\lib\simulation-engine.ts:4183:6)
              at async SimulationEngine.tick (E:\LifeSim Mayor Mode\artifacts\api-server\src\lib\simulation-engine.ts:3150:7)
      "code": "SQLITE_CONSTRAINT_FOREIGNKEY"
    }
[09:46:57.541] [31mERROR[39m (44980): [36mTick error[39m
    err: {
      "type": "SqliteError",
      "message": "FOREIGN KEY constraint failed",
      "stack":
          SqliteError: FOREIGN KEY constraint failed
              at <anonymous> (E:\LifeSim Mayor Mode\artifacts\api-server\src\lib\simulation-engine.ts:4177:24)
              at sqliteTransaction (E:\LifeSim Mayor Mode\node_modules\.pnpm\better-sqlite3@12.9.0\node_modules\better-sqlite3\lib\methods\transaction.js:65:24)
              at SimulationEngine.syncToDB (E:\LifeSim Mayor Mode\artifacts\api-server\src\lib\simulation-engine.ts:4183:6)
              at async SimulationEngine.tick (E:\LifeSim Mayor Mode\artifacts\api-server\src\lib\simulation-engine.ts:3150:7)
      "code": "SQLITE_CONSTRAINT_FOREIGNKEY"
    }
[09:47:07.818] [31mERROR[39m (44980): [36mTick error[39m
    err: {
      "type": "SqliteError",
      "message": "FOREIGN KEY constraint failed",
      "stack":
          SqliteError: FOREIGN KEY constraint failed
              at <anonymous> (E:\LifeSim Mayor Mode\artifacts\api-server\src\lib\simulation-engine.ts:4177:24)
              at sqliteTransaction (E:\LifeSim Mayor Mode\node_modules\.pnpm\better-sqlite3@12.9.0\node_modules\better-sqlite3\lib\methods\transaction.js:65:24)
              at SimulationEngine.syncToDB (E:\LifeSim Mayor Mode\artifacts\api-server\src\lib\simulation-engine.ts:4183:6)
              at async SimulationEngine.tick (E:\LifeSim Mayor Mode\artifacts\api-server\src\lib\simulation-engine.ts:3150:7)
      "code": "SQLITE_CONSTRAINT_FOREIGNKEY"
    }
[09:47:18.089] [31mERROR[39m (44980): [36mTick error[39m
    err: {
      "type": "SqliteError",
      "message": "FOREIGN KEY constraint failed",
      "stack":
          SqliteError: FOREIGN KEY constraint failed
              at <anonymous> (E:\LifeSim Mayor Mode\artifacts\api-server\src\lib\simulation-engine.ts:4177:24)
              at sqliteTransaction (E:\LifeSim Mayor Mode\node_modules\.pnpm\better-sqlite3@12.9.0\node_modules\better-sqlite3\lib\methods\transaction.js:65:24)
              at SimulationEngine.syncToDB (E:\LifeSim Mayor Mode\artifacts\api-server\src\lib\simulation-engine.ts:4183:6)
              at async SimulationEngine.tick (E:\LifeSim Mayor Mode\artifacts\api-server\src\lib\simulation-engine.ts:3150:7)
      "code": "SQLITE_CONSTRAINT_FOREIGNKEY"
    }
[09:47:28.358] [31mERROR[39m (44980): [36mTick error[39m
    err: {
      "type": "SqliteError",
      "message": "FOREIGN KEY constraint failed",
      "stack":
          SqliteError: FOREIGN KEY constraint failed
              at <anonymous> (E:\LifeSim Mayor Mode\artifacts\api-server\src\lib\simulation-engine.ts:4177:24)
              at sqliteTransaction (E:\LifeSim Mayor Mode\node_modules\.pnpm\better-sqlite3@12.9.0\node_modules\better-sqlite3\lib\methods\transaction.js:65:24)
              at SimulationEngine.syncToDB (E:\LifeSim Mayor Mode\artifacts\api-server\src\lib\simulation-engine.ts:4183:6)
              at async SimulationEngine.tick (E:\LifeSim Mayor Mode\artifacts\api-server\src\lib\simulation-engine.ts:3150:7)
      "code": "SQLITE_CONSTRAINT_FOREIGNKEY"
    }
[09:47:38.608] [31mERROR[39m (44980): [36mTick error[39m
    err: {
      "type": "SqliteError",
      "message": "FOREIGN KEY constraint failed",
      "stack":
          SqliteError: FOREIGN KEY constraint failed
              at <anonymous> (E:\LifeSim Mayor Mode\artifacts\api-server\src\lib\simulation-engine.ts:4177:24)
              at sqliteTransaction (E:\LifeSim Mayor Mode\node_modules\.pnpm\better-sqlite3@12.9.0\node_modules\better-sqlite3\lib\methods\transaction.js:65:24)
              at SimulationEngine.syncToDB (E:\LifeSim Mayor Mode\artifacts\api-server\src\lib\simulation-engine.ts:4183:6)
              at async SimulationEngine.tick (E:\LifeSim Mayor Mode\artifacts\api-server\src\lib\simulation-engine.ts:3150:7)
      "code": "SQLITE_CONSTRAINT_FOREIGNKEY"
    }
[09:47:48.880] [31mERROR[39m (44980): [36mTick error[39m
    err: {
      "type": "SqliteError",
      "message": "FOREIGN KEY constraint failed",
      "stack":
          SqliteError: FOREIGN KEY constraint failed
              at <anonymous> (E:\LifeSim Mayor Mode\artifacts\api-server\src\lib\simulation-engine.ts:4177:24)
              at sqliteTransaction (E:\LifeSim Mayor Mode\node_modules\.pnpm\better-sqlite3@12.9.0\node_modules\better-sqlite3\lib\methods\transaction.js:65:24)
              at SimulationEngine.syncToDB (E:\LifeSim Mayor Mode\artifacts\api-server\src\lib\simulation-engine.ts:4183:6)
              at async SimulationEngine.tick (E:\LifeSim Mayor Mode\artifacts\api-server\src\lib\simulation-engine.ts:3150:7)
      "code": "SQLITE_CONSTRAINT_FOREIGNKEY"
    }
[09:47:59.147] [31mERROR[39m (44980): [36mTick error[39m
    err: {
      "type": "SqliteError",
      "message": "FOREIGN KEY constraint failed",
      "stack":
          SqliteError: FOREIGN KEY constraint failed
              at <anonymous> (E:\LifeSim Mayor Mode\artifacts\api-server\src\lib\simulation-engine.ts:4177:24)
              at sqliteTransaction (E:\LifeSim Mayor Mode\node_modules\.pnpm\better-sqlite3@12.9.0\node_modules\better-sqlite3\lib\methods\transaction.js:65:24)
              at SimulationEngine.syncToDB (E:\LifeSim Mayor Mode\artifacts\api-server\src\lib\simulation-engine.ts:4183:6)
              at async SimulationEngine.tick (E:\LifeSim Mayor Mode\artifacts\api-server\src\lib\simulation-engine.ts:3150:7)
      "code": "SQLITE_CONSTRAINT_FOREIGNKEY"
    }
[09:48:09.431] [31mERROR[39m (44980): [36mTick error[39m
    err: {
      "type": "SqliteError",
      "message": "FOREIGN KEY constraint failed",
      "stack":
          SqliteError: FOREIGN KEY constraint failed
              at <anonymous> (E:\LifeSim Mayor Mode\artifacts\api-server\src\lib\simulation-engine.ts:4177:24)
              at sqliteTransaction (E:\LifeSim Mayor Mode\node_modules\.pnpm\better-sqlite3@12.9.0\node_modules\better-sqlite3\lib\methods\transaction.js:65:24)
              at SimulationEngine.syncToDB (E:\LifeSim Mayor Mode\artifacts\api-server\src\lib\simulation-engine.ts:4183:6)
              at async SimulationEngine.tick (E:\LifeSim Mayor Mode\artifacts\api-server\src\lib\simulation-engine.ts:3150:7)
      "code": "SQLITE_CONSTRAINT_FOREIGNKEY"
    }
[09:48:19.695] [31mERROR[39m (44980): [36mTick error[39m
    err: {
      "type": "SqliteError",
      "message": "FOREIGN KEY constraint failed",
      "stack":
          SqliteError: FOREIGN KEY constraint failed
              at <anonymous> (E:\LifeSim Mayor Mode\artifacts\api-server\src\lib\simulation-engine.ts:4177:24)
              at sqliteTransaction (E:\LifeSim Mayor Mode\node_modules\.pnpm\better-sqlite3@12.9.0\node_modules\better-sqlite3\lib\methods\transaction.js:65:24)
              at SimulationEngine.syncToDB (E:\LifeSim Mayor Mode\artifacts\api-server\src\lib\simulation-engine.ts:4183:6)
              at async SimulationEngine.tick (E:\LifeSim Mayor Mode\artifacts\api-server\src\lib\simulation-engine.ts:3150:7)
      "code": "SQLITE_CONSTRAINT_FOREIGNKEY"
    }
[09:48:29.973] [31mERROR[39m (44980): [36mTick error[39m
    err: {
      "type": "SqliteError",
      "message": "FOREIGN KEY constraint failed",
      "stack":
          SqliteError: FOREIGN KEY constraint failed
              at <anonymous> (E:\LifeSim Mayor Mode\artifacts\api-server\src\lib\simulation-engine.ts:4177:24)
              at sqliteTransaction (E:\LifeSim Mayor Mode\node_modules\.pnpm\better-sqlite3@12.9.0\node_modules\better-sqlite3\lib\methods\transaction.js:65:24)
              at SimulationEngine.syncToDB (E:\LifeSim Mayor Mode\artifacts\api-server\src\lib\simulation-engine.ts:4183:6)
              at async SimulationEngine.tick (E:\LifeSim Mayor Mode\artifacts\api-server\src\lib\simulation-engine.ts:3150:7)
      "code": "SQLITE_CONSTRAINT_FOREIGNKEY"
    }
[09:48:40.279] [31mERROR[39m (44980): [36mTick error[39m
    err: {
      "type": "SqliteError",
      "message": "FOREIGN KEY constraint failed",
      "stack":
          SqliteError: FOREIGN KEY constraint failed
              at <anonymous> (E:\LifeSim Mayor Mode\artifacts\api-server\src\lib\simulation-engine.ts:4177:24)
              at sqliteTransaction (E:\LifeSim Mayor Mode\node_modules\.pnpm\better-sqlite3@12.9.0\node_modules\better-sqlite3\lib\methods\transaction.js:65:24)
              at SimulationEngine.syncToDB (E:\LifeSim Mayor Mode\artifacts\api-server\src\lib\simulation-engine.ts:4183:6)
              at async SimulationEngine.tick (E:\LifeSim Mayor Mode\artifacts\api-server\src\lib\simulation-engine.ts:3150:7)
      "code": "SQLITE_CONSTRAINT_FOREIGNKEY"
    }
[09:48:50.584] [31mERROR[39m (44980): [36mTick error[39m
    err: {
      "type": "SqliteError",
      "message": "FOREIGN KEY constraint failed",
      "stack":
          SqliteError: FOREIGN KEY constraint failed
              at <anonymous> (E:\LifeSim Mayor Mode\artifacts\api-server\src\lib\simulation-engine.ts:4177:24)
              at sqliteTransaction (E:\LifeSim Mayor Mode\node_modules\.pnpm\better-sqlite3@12.9.0\node_modules\better-sqlite3\lib\methods\transaction.js:65:24)
              at SimulationEngine.syncToDB (E:\LifeSim Mayor Mode\artifacts\api-server\src\lib\simulation-engine.ts:4183:6)
              at async SimulationEngine.tick (E:\LifeSim Mayor Mode\artifacts\api-server\src\lib\simulation-engine.ts:3150:7)
      "code": "SQLITE_CONSTRAINT_FOREIGNKEY"
    }
[09:49:00.892] [31mERROR[39m (44980): [36mTick error[39m
    err: {
      "type": "SqliteError",
      "message": "FOREIGN KEY constraint failed",
      "stack":
          SqliteError: FOREIGN KEY constraint failed
              at <anonymous> (E:\LifeSim Mayor Mode\artifacts\api-server\src\lib\simulation-engine.ts:4177:24)
              at sqliteTransaction (E:\LifeSim Mayor Mode\node_modules\.pnpm\better-sqlite3@12.9.0\node_modules\better-sqlite3\lib\methods\transaction.js:65:24)
              at SimulationEngine.syncToDB (E:\LifeSim Mayor Mode\artifacts\api-server\src\lib\simulation-engine.ts:4183:6)
              at async SimulationEngine.tick (E:\LifeSim Mayor Mode\artifacts\api-server\src\lib\simulation-engine.ts:3150:7)
      "code": "SQLITE_CONSTRAINT_FOREIGNKEY"
    }
[09:49:11.194] [31mERROR[39m (44980): [36mTick error[39m
    err: {
      "type": "SqliteError",
      "message": "FOREIGN KEY constraint failed",
      "stack":
          SqliteError: FOREIGN KEY constraint failed
              at <anonymous> (E:\LifeSim Mayor Mode\artifacts\api-server\src\lib\simulation-engine.ts:4177:24)
              at sqliteTransaction (E:\LifeSim Mayor Mode\node_modules\.pnpm\better-sqlite3@12.9.0\node_modules\better-sqlite3\lib\methods\transaction.js:65:24)
              at SimulationEngine.syncToDB (E:\LifeSim Mayor Mode\artifacts\api-server\src\lib\simulation-engine.ts:4183:6)
              at async SimulationEngine.tick (E:\LifeSim Mayor Mode\artifacts\api-server\src\lib\simulation-engine.ts:3150:7)
      "code": "SQLITE_CONSTRAINT_FOREIGNKEY"
    }
[09:49:21.333] [32mINFO[39m (44980): [36mBusiness going bankrupt — closing[39m
    [35mbizId[39m: 59
    [35mbizName[39m: "Сервисный центр №18"
    [35mbalance[39m: -328
    [35mticksUnprofitable[39m: 42
[09:49:21.504] [31mERROR[39m (44980): [36mTick error[39m
    err: {
      "type": "SqliteError",
      "message": "FOREIGN KEY constraint failed",
      "stack":
          SqliteError: FOREIGN KEY constraint failed
              at <anonymous> (E:\LifeSim Mayor Mode\artifacts\api-server\src\lib\simulation-engine.ts:4177:24)
              at sqliteTransaction (E:\LifeSim Mayor Mode\node_modules\.pnpm\better-sqlite3@12.9.0\node_modules\better-sqlite3\lib\methods\transaction.js:65:24)
              at SimulationEngine.syncToDB (E:\LifeSim Mayor Mode\artifacts\api-server\src\lib\simulation-engine.ts:4183:6)
              at async SimulationEngine.tick (E:\LifeSim Mayor Mode\artifacts\api-server\src\lib\simulation-engine.ts:3150:7)
      "code": "SQLITE_CONSTRAINT_FOREIGNKEY"
    }
[09:49:31.813] [31mERROR[39m (44980): [36mTick error[39m
    err: {
      "type": "SqliteError",
      "message": "FOREIGN KEY constraint failed",
      "stack":
          SqliteError: FOREIGN KEY constraint failed
              at <anonymous> (E:\LifeSim Mayor Mode\artifacts\api-server\src\lib\simulation-engine.ts:4177:24)
              at sqliteTransaction (E:\LifeSim Mayor Mode\node_modules\.pnpm\better-sqlite3@12.9.0\node_modules\better-sqlite3\lib\methods\transaction.js:65:24)
              at SimulationEngine.syncToDB (E:\LifeSim Mayor Mode\artifacts\api-server\src\lib\simulation-engine.ts:4183:6)
              at async SimulationEngine.tick (E:\LifeSim Mayor Mode\artifacts\api-server\src\lib\simulation-engine.ts:3150:7)
      "code": "SQLITE_CONSTRAINT_FOREIGNKEY"
    }
[09:49:42.136] [31mERROR[39m (44980): [36mTick error[39m
    err: {
      "type": "SqliteError",
      "message": "FOREIGN KEY constraint failed",
      "stack":
          SqliteError: FOREIGN KEY constraint failed
              at <anonymous> (E:\LifeSim Mayor Mode\artifacts\api-server\src\lib\simulation-engine.ts:4177:24)
              at sqliteTransaction (E:\LifeSim Mayor Mode\node_modules\.pnpm\better-sqlite3@12.9.0\node_modules\better-sqlite3\lib\methods\transaction.js:65:24)
              at SimulationEngine.syncToDB (E:\LifeSim Mayor Mode\artifacts\api-server\src\lib\simulation-engine.ts:4183:6)
              at async SimulationEngine.tick (E:\LifeSim Mayor Mode\artifacts\api-server\src\lib\simulation-engine.ts:3150:7)
      "code": "SQLITE_CONSTRAINT_FOREIGNKEY"
    }
[09:49:52.452] [31mERROR[39m (44980): [36mTick error[39m
    err: {
      "type": "SqliteError",
      "message": "FOREIGN KEY constraint failed",
      "stack":
          SqliteError: FOREIGN KEY constraint failed
              at <anonymous> (E:\LifeSim Mayor Mode\artifacts\api-server\src\lib\simulation-engine.ts:4177:24)
              at sqliteTransaction (E:\LifeSim Mayor Mode\node_modules\.pnpm\better-sqlite3@12.9.0\node_modules\better-sqlite3\lib\methods\transaction.js:65:24)
              at SimulationEngine.syncToDB (E:\LifeSim Mayor Mode\artifacts\api-server\src\lib\simulation-engine.ts:4183:6)
              at async SimulationEngine.tick (E:\LifeSim Mayor Mode\artifacts\api-server\src\lib\simulation-engine.ts:3150:7)
      "code": "SQLITE_CONSTRAINT_FOREIGNKEY"
    }
[09:50:02.774] [31mERROR[39m (44980): [36mTick error[39m
    err: {
      "type": "SqliteError",
      "message": "FOREIGN KEY constraint failed",
      "stack":
          SqliteError: FOREIGN KEY constraint failed
              at <anonymous> (E:\LifeSim Mayor Mode\artifacts\api-server\src\lib\simulation-engine.ts:4177:24)
              at sqliteTransaction (E:\LifeSim Mayor Mode\node_modules\.pnpm\better-sqlite3@12.9.0\node_modules\better-sqlite3\lib\methods\transaction.js:65:24)
              at SimulationEngine.syncToDB (E:\LifeSim Mayor Mode\artifacts\api-server\src\lib\simulation-engine.ts:4183:6)
              at async SimulationEngine.tick (E:\LifeSim Mayor Mode\artifacts\api-server\src\lib\simulation-engine.ts:3150:7)
      "code": "SQLITE_CONSTRAINT_FOREIGNKEY"
    }
[09:50:13.079] [31mERROR[39m (44980): [36mTick error[39m
    err: {
      "type": "SqliteError",
      "message": "FOREIGN KEY constraint failed",
      "stack":
          SqliteError: FOREIGN KEY constraint failed
              at <anonymous> (E:\LifeSim Mayor Mode\artifacts\api-server\src\lib\simulation-engine.ts:4177:24)
              at sqliteTransaction (E:\LifeSim Mayor Mode\node_modules\.pnpm\better-sqlite3@12.9.0\node_modules\better-sqlite3\lib\methods\transaction.js:65:24)
              at SimulationEngine.syncToDB (E:\LifeSim Mayor Mode\artifacts\api-server\src\lib\simulation-engine.ts:4183:6)
              at async SimulationEngine.tick (E:\LifeSim Mayor Mode\artifacts\api-server\src\lib\simulation-engine.ts:3150:7)
      "code": "SQLITE_CONSTRAINT_FOREIGNKEY"
    }
[09:50:33.532] [32mINFO[39m (44980): [36mAgents died[39m
    [35mcount[39m: 7
    [35mpopulation[39m: 916
[09:50:33.534] [32mINFO[39m (44980): [36mNew agents born[39m
    [35mcount[39m: 9
    [35mpopulation[39m: 925
[09:50:33.546] [32mINFO[39m (44980): [36mAgents emigrated[39m
    [35mcount[39m: 19
    [35mpopulation[39m: 906
    [35mwellbeingScore[39m: 0.78
[09:50:33.549] [32mINFO[39m (44980): [36mAgents immigrated[39m
    [35mcount[39m: 11
    [35mpopulation[39m: 917
    [35mwellbeingScore[39m: 0.78
[09:50:33.549] [32mINFO[39m (44980): [36mWorld event triggered[39m
    [35mevent[39m: {
      "id": "good_harvest-30",
      "type": "good_harvest",
      "name": "Богатый урожай",
      "description": "Благоприятная погода дала рекордный урожай. Фермы работают на полную мощность.",
      "icon": "🌾",
      "startDay": 30,
      "endDay": 32,
      "severity": "positive"
    }
    [35mday[39m: 30
[09:50:33.550] [32mINFO[39m (44980): [36mOne-time government survival bailout issued[39m
    [35mbizId[39m: 128
    [35mbizName[39m: "Пекарня     №40"
    [35mbalanceAfter[39m: 599
    [35mbailoutAmount[39m: 800
[09:50:33.550] [32mINFO[39m (44980): [36mOne-time government survival bailout issued[39m
    [35mbizId[39m: 192
    [35mbizName[39m: "Химчистка  №44"
    [35mbalanceAfter[39m: 629
    [35mbailoutAmount[39m: 800
[09:50:33.550] [32mINFO[39m (44980): [36mOne-time government survival bailout issued[39m
    [35mbizId[39m: 394
    [35mbizName[39m: "Химчистка  №42"
    [35mbalanceAfter[39m: 475
    [35mbailoutAmount[39m: 800
[09:50:33.550] [32mINFO[39m (44980): [36mOne-time government survival bailout issued[39m
    [35mbizId[39m: 395
    [35mbizName[39m: "Химчистка  №43"
    [35mbalanceAfter[39m: 576
    [35mbailoutAmount[39m: 800
[09:50:33.550] [32mINFO[39m (44980): [36mOne-time government survival bailout issued[39m
    [35mbizId[39m: 425
    [35mbizName[39m: "Супермаркет     №61"
    [35mbalanceAfter[39m: 624
    [35mbailoutAmount[39m: 800
[09:50:33.551] [32mINFO[39m (44980): [36mSelf-funded business opened[39m
    [35magentId[39m: 1542
    [35mbizName[39m: "Аптека  №46"
    [35mbizType[39m: "service"
    [35mlaunchCost[39m: 1500
    [35msuccessScore[39m: 36
    [35magentMoney[39m: 4758
[09:50:33.552] [32mINFO[39m (44980): [36mSelf-funded business opened[39m
    [35magentId[39m: 1611
    [35mbizName[39m: "Магазин  №47"
    [35mbizType[39m: "service"
    [35mlaunchCost[39m: 1500
    [35msuccessScore[39m: 36
    [35magentMoney[39m: 5752
[09:50:33.552] [32mINFO[39m (44980): [36mSelf-funded business opened[39m
    [35magentId[39m: 1631
    [35mbizName[39m: "Сервисный центр  №48"
    [35mbizType[39m: "service"
    [35mlaunchCost[39m: 1500
    [35msuccessScore[39m: 36
    [35magentMoney[39m: 8176
[09:50:33.553] [32mINFO[39m (44980): [36mGovernment grant approved (need-driven)[39m
    [35magentId[39m: 3789
    [35mbizName[39m: "Химчистка  №49"
    [35mbizType[39m: "service"
    [35mlaunchCost[39m: 1500
    [35msuccessScore[39m: 36
    [35mneedScore[39m: 72
    [35mmarketRatio[39m: 0.35
    [35mgovBudgetAfter[39m: 101530
[09:50:33.553] [32mINFO[39m (44980): [36mGovernment grant approved (need-driven)[39m
    [35magentId[39m: 3779
    [35mbizName[39m: "Кафе     №70"
    [35mbizType[39m: "food"
    [35mlaunchCost[39m: 2000
    [35msuccessScore[39m: 34
    [35mneedScore[39m: 50
    [35mmarketRatio[39m: 0.71
    [35mgovBudgetAfter[39m: 99530
[09:50:33.554] [32mINFO[39m (44980): [36mGovernment grant approved (need-driven)[39m
    [35magentId[39m: 3784
    [35mbizName[39m: "Животноводческий комплекс     №37"
    [35mbizType[39m: "farm"
    [35mlaunchCost[39m: 1800
    [35msuccessScore[39m: 33
    [35mneedScore[39m: 0
    [35mmarketRatio[39m: 1
    [35mgovBudgetAfter[39m: 97730
[09:50:33.729] [31mERROR[39m (44980): [36mTick error[39m
    err: {
      "type": "SqliteError",
      "message": "FOREIGN KEY constraint failed",
      "stack":
          SqliteError: FOREIGN KEY constraint failed
              at <anonymous> (E:\LifeSim Mayor Mode\artifacts\api-server\src\lib\simulation-engine.ts:4177:24)
              at sqliteTransaction (E:\LifeSim Mayor Mode\node_modules\.pnpm\better-sqlite3@12.9.0\node_modules\better-sqlite3\lib\methods\transaction.js:65:24)
              at SimulationEngine.syncToDB (E:\LifeSim Mayor Mode\artifacts\api-server\src\lib\simulation-engine.ts:4183:6)
              at async SimulationEngine.tick (E:\LifeSim Mayor Mode\artifacts\api-server\src\lib\simulation-engine.ts:3150:7)
      "code": "SQLITE_CONSTRAINT_FOREIGNKEY"
    }
[09:50:44.080] [31mERROR[39m (44980): [36mTick error[39m
    err: {
      "type": "SqliteError",
      "message": "FOREIGN KEY constraint failed",
      "stack":
          SqliteError: FOREIGN KEY constraint failed
              at <anonymous> (E:\LifeSim Mayor Mode\artifacts\api-server\src\lib\simulation-engine.ts:4177:24)
              at sqliteTransaction (E:\LifeSim Mayor Mode\node_modules\.pnpm\better-sqlite3@12.9.0\node_modules\better-sqlite3\lib\methods\transaction.js:65:24)
              at SimulationEngine.syncToDB (E:\LifeSim Mayor Mode\artifacts\api-server\src\lib\simulation-engine.ts:4183:6)
              at async SimulationEngine.tick (E:\LifeSim Mayor Mode\artifacts\api-server\src\lib\simulation-engine.ts:3150:7)
      "code": "SQLITE_CONSTRAINT_FOREIGNKEY"
    }
[09:50:54.380] [31mERROR[39m (44980): [36mTick error[39m
    err: {
      "type": "SqliteError",
      "message": "FOREIGN KEY constraint failed",
      "stack":
          SqliteError: FOREIGN KEY constraint failed
              at <anonymous> (E:\LifeSim Mayor Mode\artifacts\api-server\src\lib\simulation-engine.ts:4177:24)
              at sqliteTransaction (E:\LifeSim Mayor Mode\node_modules\.pnpm\better-sqlite3@12.9.0\node_modules\better-sqlite3\lib\methods\transaction.js:65:24)
              at SimulationEngine.syncToDB (E:\LifeSim Mayor Mode\artifacts\api-server\src\lib\simulation-engine.ts:4183:6)
              at async SimulationEngine.tick (E:\LifeSim Mayor Mode\artifacts\api-server\src\lib\simulation-engine.ts:3150:7)
      "code": "SQLITE_CONSTRAINT_FOREIGNKEY"
    }
[09:51:04.658] [31mERROR[39m (44980): [36mTick error[39m
    err: {
      "type": "SqliteError",
      "message": "FOREIGN KEY constraint failed",
      "stack":
          SqliteError: FOREIGN KEY constraint failed
              at <anonymous> (E:\LifeSim Mayor Mode\artifacts\api-server\src\lib\simulation-engine.ts:4177:24)
              at sqliteTransaction (E:\LifeSim Mayor Mode\node_modules\.pnpm\better-sqlite3@12.9.0\node_modules\better-sqlite3\lib\methods\transaction.js:65:24)
              at SimulationEngine.syncToDB (E:\LifeSim Mayor Mode\artifacts\api-server\src\lib\simulation-engine.ts:4183:6)
              at async SimulationEngine.tick (E:\LifeSim Mayor Mode\artifacts\api-server\src\lib\simulation-engine.ts:3150:7)
      "code": "SQLITE_CONSTRAINT_FOREIGNKEY"
    }
[09:51:14.938] [31mERROR[39m (44980): [36mTick error[39m
    err: {
      "type": "SqliteError",
      "message": "FOREIGN KEY constraint failed",
      "stack":
          SqliteError: FOREIGN KEY constraint failed
              at <anonymous> (E:\LifeSim Mayor Mode\artifacts\api-server\src\lib\simulation-engine.ts:4177:24)
              at sqliteTransaction (E:\LifeSim Mayor Mode\node_modules\.pnpm\better-sqlite3@12.9.0\node_modules\better-sqlite3\lib\methods\transaction.js:65:24)
              at SimulationEngine.syncToDB (E:\LifeSim Mayor Mode\artifacts\api-server\src\lib\simulation-engine.ts:4183:6)
              at async SimulationEngine.tick (E:\LifeSim Mayor Mode\artifacts\api-server\src\lib\simulation-engine.ts:3150:7)
      "code": "SQLITE_CONSTRAINT_FOREIGNKEY"
    }
[09:51:25.202] [31mERROR[39m (44980): [36mTick error[39m
    err: {
      "type": "SqliteError",
      "message": "FOREIGN KEY constraint failed",
      "stack":
          SqliteError: FOREIGN KEY constraint failed
              at <anonymous> (E:\LifeSim Mayor Mode\artifacts\api-server\src\lib\simulation-engine.ts:4177:24)
              at sqliteTransaction (E:\LifeSim Mayor Mode\node_modules\.pnpm\better-sqlite3@12.9.0\node_modules\better-sqlite3\lib\methods\transaction.js:65:24)
              at SimulationEngine.syncToDB (E:\LifeSim Mayor Mode\artifacts\api-server\src\lib\simulation-engine.ts:4183:6)
              at async SimulationEngine.tick (E:\LifeSim Mayor Mode\artifacts\api-server\src\lib\simulation-engine.ts:3150:7)
      "code": "SQLITE_CONSTRAINT_FOREIGNKEY"
    }
[09:51:45.709] [31mERROR[39m (44980): [36mTick error[39m
    err: {
      "type": "SqliteError",
      "message": "FOREIGN KEY constraint failed",
      "stack":
          SqliteError: FOREIGN KEY constraint failed
              at <anonymous> (E:\LifeSim Mayor Mode\artifacts\api-server\src\lib\simulation-engine.ts:4177:24)
              at sqliteTransaction (E:\LifeSim Mayor Mode\node_modules\.pnpm\better-sqlite3@12.9.0\node_modules\better-sqlite3\lib\methods\transaction.js:65:24)
              at SimulationEngine.syncToDB (E:\LifeSim Mayor Mode\artifacts\api-server\src\lib\simulation-engine.ts:4183:6)
              at async SimulationEngine.tick (E:\LifeSim Mayor Mode\artifacts\api-server\src\lib\simulation-engine.ts:3150:7)
      "code": "SQLITE_CONSTRAINT_FOREIGNKEY"
    }
[09:51:55.969] [31mERROR[39m (44980): [36mTick error[39m
    err: {
      "type": "SqliteError",
      "message": "FOREIGN KEY constraint failed",
      "stack":
          SqliteError: FOREIGN KEY constraint failed
              at <anonymous> (E:\LifeSim Mayor Mode\artifacts\api-server\src\lib\simulation-engine.ts:4177:24)
              at sqliteTransaction (E:\LifeSim Mayor Mode\node_modules\.pnpm\better-sqlite3@12.9.0\node_modules\better-sqlite3\lib\methods\transaction.js:65:24)
              at SimulationEngine.syncToDB (E:\LifeSim Mayor Mode\artifacts\api-server\src\lib\simulation-engine.ts:4183:6)
              at async SimulationEngine.tick (E:\LifeSim Mayor Mode\artifacts\api-server\src\lib\simulation-engine.ts:3150:7)
      "code": "SQLITE_CONSTRAINT_FOREIGNKEY"
    }
[09:52:06.358] [31mERROR[39m (44980): [36mTick error[39m
    err: {
      "type": "SqliteError",
      "message": "FOREIGN KEY constraint failed",
      "stack":
          SqliteError: FOREIGN KEY constraint failed
              at <anonymous> (E:\LifeSim Mayor Mode\artifacts\api-server\src\lib\simulation-engine.ts:4177:24)
              at sqliteTransaction (E:\LifeSim Mayor Mode\node_modules\.pnpm\better-sqlite3@12.9.0\node_modules\better-sqlite3\lib\methods\transaction.js:65:24)
              at SimulationEngine.syncToDB (E:\LifeSim Mayor Mode\artifacts\api-server\src\lib\simulation-engine.ts:4183:6)
              at async SimulationEngine.tick (E:\LifeSim Mayor Mode\artifacts\api-server\src\lib\simulation-engine.ts:3150:7)
      "code": "SQLITE_CONSTRAINT_FOREIGNKEY"
    }
[09:52:16.653] [31mERROR[39m (44980): [36mTick error[39m
    err: {
      "type": "SqliteError",
      "message": "FOREIGN KEY constraint failed",
      "stack":
          SqliteError: FOREIGN KEY constraint failed
              at <anonymous> (E:\LifeSim Mayor Mode\artifacts\api-server\src\lib\simulation-engine.ts:4177:24)
              at sqliteTransaction (E:\LifeSim Mayor Mode\node_modules\.pnpm\better-sqlite3@12.9.0\node_modules\better-sqlite3\lib\methods\transaction.js:65:24)
              at SimulationEngine.syncToDB (E:\LifeSim Mayor Mode\artifacts\api-server\src\lib\simulation-engine.ts:4183:6)
              at async SimulationEngine.tick (E:\LifeSim Mayor Mode\artifacts\api-server\src\lib\simulation-engine.ts:3150:7)
      "code": "SQLITE_CONSTRAINT_FOREIGNKEY"
    }
[09:52:26.954] [31mERROR[39m (44980): [36mTick error[39m
    err: {
      "type": "SqliteError",
      "message": "FOREIGN KEY constraint failed",
      "stack":
          SqliteError: FOREIGN KEY constraint failed
              at <anonymous> (E:\LifeSim Mayor Mode\artifacts\api-server\src\lib\simulation-engine.ts:4177:24)
              at sqliteTransaction (E:\LifeSim Mayor Mode\node_modules\.pnpm\better-sqlite3@12.9.0\node_modules\better-sqlite3\lib\methods\transaction.js:65:24)
              at SimulationEngine.syncToDB (E:\LifeSim Mayor Mode\artifacts\api-server\src\lib\simulation-engine.ts:4183:6)
              at async SimulationEngine.tick (E:\LifeSim Mayor Mode\artifacts\api-server\src\lib\simulation-engine.ts:3150:7)
      "code": "SQLITE_CONSTRAINT_FOREIGNKEY"
    }
[09:52:37.227] [31mERROR[39m (44980): [36mTick error[39m
    err: {
      "type": "SqliteError",
      "message": "FOREIGN KEY constraint failed",
      "stack":
          SqliteError: FOREIGN KEY constraint failed
              at <anonymous> (E:\LifeSim Mayor Mode\artifacts\api-server\src\lib\simulation-engine.ts:4177:24)
              at sqliteTransaction (E:\LifeSim Mayor Mode\node_modules\.pnpm\better-sqlite3@12.9.0\node_modules\better-sqlite3\lib\methods\transaction.js:65:24)
              at SimulationEngine.syncToDB (E:\LifeSim Mayor Mode\artifacts\api-server\src\lib\simulation-engine.ts:4183:6)
              at async SimulationEngine.tick (E:\LifeSim Mayor Mode\artifacts\api-server\src\lib\simulation-engine.ts:3150:7)
      "code": "SQLITE_CONSTRAINT_FOREIGNKEY"
    }
[09:52:47.531] [31mERROR[39m (44980): [36mTick error[39m
    err: {
      "type": "SqliteError",
      "message": "FOREIGN KEY constraint failed",
      "stack":
          SqliteError: FOREIGN KEY constraint failed
              at <anonymous> (E:\LifeSim Mayor Mode\artifacts\api-server\src\lib\simulation-engine.ts:4177:24)
              at sqliteTransaction (E:\LifeSim Mayor Mode\node_modules\.pnpm\better-sqlite3@12.9.0\node_modules\better-sqlite3\lib\methods\transaction.js:65:24)
              at SimulationEngine.syncToDB (E:\LifeSim Mayor Mode\artifacts\api-server\src\lib\simulation-engine.ts:4183:6)
              at async SimulationEngine.tick (E:\LifeSim Mayor Mode\artifacts\api-server\src\lib\simulation-engine.ts:3150:7)
      "code": "SQLITE_CONSTRAINT_FOREIGNKEY"
    }
[09:52:57.799] [31mERROR[39m (44980): [36mTick error[39m
    err: {
      "type": "SqliteError",
      "message": "FOREIGN KEY constraint failed",
      "stack":
          SqliteError: FOREIGN KEY constraint failed
              at <anonymous> (E:\LifeSim Mayor Mode\artifacts\api-server\src\lib\simulation-engine.ts:4177:24)
              at sqliteTransaction (E:\LifeSim Mayor Mode\node_modules\.pnpm\better-sqlite3@12.9.0\node_modules\better-sqlite3\lib\methods\transaction.js:65:24)
              at SimulationEngine.syncToDB (E:\LifeSim Mayor Mode\artifacts\api-server\src\lib\simulation-engine.ts:4183:6)
              at async SimulationEngine.tick (E:\LifeSim Mayor Mode\artifacts\api-server\src\lib\simulation-engine.ts:3150:7)
      "code": "SQLITE_CONSTRAINT_FOREIGNKEY"
    }
[09:53:07.915] [32mINFO[39m (44980): [36mBusiness going bankrupt — closing[39m
    [35mbizId[39m: 51
    [35mbizName[39m: "Парикмахерская №10"
    [35mbalance[39m: -326
    [35mticksUnprofitable[39m: 40
[09:53:08.101] [31mERROR[39m (44980): [36mTick error[39m
    err: {
      "type": "SqliteError",
      "message": "FOREIGN KEY constraint failed",
      "stack":
          SqliteError: FOREIGN KEY constraint failed
              at <anonymous> (E:\LifeSim Mayor Mode\artifacts\api-server\src\lib\simulation-engine.ts:4177:24)
              at sqliteTransaction (E:\LifeSim Mayor Mode\node_modules\.pnpm\better-sqlite3@12.9.0\node_modules\better-sqlite3\lib\methods\transaction.js:65:24)
              at SimulationEngine.syncToDB (E:\LifeSim Mayor Mode\artifacts\api-server\src\lib\simulation-engine.ts:4183:6)
              at async SimulationEngine.tick (E:\LifeSim Mayor Mode\artifacts\api-server\src\lib\simulation-engine.ts:3150:7)
      "code": "SQLITE_CONSTRAINT_FOREIGNKEY"
    }
[09:53:18.386] [31mERROR[39m (44980): [36mTick error[39m
    err: {
      "type": "SqliteError",
      "message": "FOREIGN KEY constraint failed",
      "stack":
          SqliteError: FOREIGN KEY constraint failed
              at <anonymous> (E:\LifeSim Mayor Mode\artifacts\api-server\src\lib\simulation-engine.ts:4177:24)
              at sqliteTransaction (E:\LifeSim Mayor Mode\node_modules\.pnpm\better-sqlite3@12.9.0\node_modules\better-sqlite3\lib\methods\transaction.js:65:24)
              at SimulationEngine.syncToDB (E:\LifeSim Mayor Mode\artifacts\api-server\src\lib\simulation-engine.ts:4183:6)
              at async SimulationEngine.tick (E:\LifeSim Mayor Mode\artifacts\api-server\src\lib\simulation-engine.ts:3150:7)
      "code": "SQLITE_CONSTRAINT_FOREIGNKEY"
    }
[09:53:28.660] [31mERROR[39m (44980): [36mTick error[39m
    err: {
      "type": "SqliteError",
      "message": "FOREIGN KEY constraint failed",
      "stack":
          SqliteError: FOREIGN KEY constraint failed
              at <anonymous> (E:\LifeSim Mayor Mode\artifacts\api-server\src\lib\simulation-engine.ts:4177:24)
              at sqliteTransaction (E:\LifeSim Mayor Mode\node_modules\.pnpm\better-sqlite3@12.9.0\node_modules\better-sqlite3\lib\methods\transaction.js:65:24)
              at SimulationEngine.syncToDB (E:\LifeSim Mayor Mode\artifacts\api-server\src\lib\simulation-engine.ts:4183:6)
              at async SimulationEngine.tick (E:\LifeSim Mayor Mode\artifacts\api-server\src\lib\simulation-engine.ts:3150:7)
      "code": "SQLITE_CONSTRAINT_FOREIGNKEY"
    }
[09:53:38.974] [31mERROR[39m (44980): [36mTick error[39m
    err: {
      "type": "SqliteError",
      "message": "FOREIGN KEY constraint failed",
      "stack":
          SqliteError: FOREIGN KEY constraint failed
              at <anonymous> (E:\LifeSim Mayor Mode\artifacts\api-server\src\lib\simulation-engine.ts:4177:24)
              at sqliteTransaction (E:\LifeSim Mayor Mode\node_modules\.pnpm\better-sqlite3@12.9.0\node_modules\better-sqlite3\lib\methods\transaction.js:65:24)
              at SimulationEngine.syncToDB (E:\LifeSim Mayor Mode\artifacts\api-server\src\lib\simulation-engine.ts:4183:6)
              at async SimulationEngine.tick (E:\LifeSim Mayor Mode\artifacts\api-server\src\lib\simulation-engine.ts:3150:7)
      "code": "SQLITE_CONSTRAINT_FOREIGNKEY"
    }
[09:53:49.273] [31mERROR[39m (44980): [36mTick error[39m
    err: {
      "type": "SqliteError",
      "message": "FOREIGN KEY constraint failed",
      "stack":
          SqliteError: FOREIGN KEY constraint failed
              at <anonymous> (E:\LifeSim Mayor Mode\artifacts\api-server\src\lib\simulation-engine.ts:4177:24)
              at sqliteTransaction (E:\LifeSim Mayor Mode\node_modules\.pnpm\better-sqlite3@12.9.0\node_modules\better-sqlite3\lib\methods\transaction.js:65:24)
              at SimulationEngine.syncToDB (E:\LifeSim Mayor Mode\artifacts\api-server\src\lib\simulation-engine.ts:4183:6)
              at async SimulationEngine.tick (E:\LifeSim Mayor Mode\artifacts\api-server\src\lib\simulation-engine.ts:3150:7)
      "code": "SQLITE_CONSTRAINT_FOREIGNKEY"
    }
[09:53:59.593] [31mERROR[39m (44980): [36mTick error[39m
    err: {
      "type": "SqliteError",
      "message": "FOREIGN KEY constraint failed",
      "stack":
          SqliteError: FOREIGN KEY constraint failed
              at <anonymous> (E:\LifeSim Mayor Mode\artifacts\api-server\src\lib\simulation-engine.ts:4177:24)
              at sqliteTransaction (E:\LifeSim Mayor Mode\node_modules\.pnpm\better-sqlite3@12.9.0\node_modules\better-sqlite3\lib\methods\transaction.js:65:24)
              at SimulationEngine.syncToDB (E:\LifeSim Mayor Mode\artifacts\api-server\src\lib\simulation-engine.ts:4183:6)
              at async SimulationEngine.tick (E:\LifeSim Mayor Mode\artifacts\api-server\src\lib\simulation-engine.ts:3150:7)
      "code": "SQLITE_CONSTRAINT_FOREIGNKEY"
    }
[09:54:09.885] [31mERROR[39m (44980): [36mTick error[39m
    err: {
      "type": "SqliteError",
      "message": "FOREIGN KEY constraint failed",
      "stack":
          SqliteError: FOREIGN KEY constraint failed
              at <anonymous> (E:\LifeSim Mayor Mode\artifacts\api-server\src\lib\simulation-engine.ts:4177:24)
              at sqliteTransaction (E:\LifeSim Mayor Mode\node_modules\.pnpm\better-sqlite3@12.9.0\node_modules\better-sqlite3\lib\methods\transaction.js:65:24)
              at SimulationEngine.syncToDB (E:\LifeSim Mayor Mode\artifacts\api-server\src\lib\simulation-engine.ts:4183:6)
              at async SimulationEngine.tick (E:\LifeSim Mayor Mode\artifacts\api-server\src\lib\simulation-engine.ts:3150:7)
      "code": "SQLITE_CONSTRAINT_FOREIGNKEY"
    }
[09:54:20.216] [31mERROR[39m (44980): [36mTick error[39m
    err: {
      "type": "SqliteError",
      "message": "FOREIGN KEY constraint failed",
      "stack":
          SqliteError: FOREIGN KEY constraint failed
              at <anonymous> (E:\LifeSim Mayor Mode\artifacts\api-server\src\lib\simulation-engine.ts:4177:24)
              at sqliteTransaction (E:\LifeSim Mayor Mode\node_modules\.pnpm\better-sqlite3@12.9.0\node_modules\better-sqlite3\lib\methods\transaction.js:65:24)
              at SimulationEngine.syncToDB (E:\LifeSim Mayor Mode\artifacts\api-server\src\lib\simulation-engine.ts:4183:6)
              at async SimulationEngine.tick (E:\LifeSim Mayor Mode\artifacts\api-server\src\lib\simulation-engine.ts:3150:7)
      "code": "SQLITE_CONSTRAINT_FOREIGNKEY"
    }
[09:54:30.667] [31mERROR[39m (44980): [36mTick error[39m
    err: {
      "type": "SqliteError",
      "message": "FOREIGN KEY constraint failed",
      "stack":
          SqliteError: FOREIGN KEY constraint failed
              at <anonymous> (E:\LifeSim Mayor Mode\artifacts\api-server\src\lib\simulation-engine.ts:4177:24)
              at sqliteTransaction (E:\LifeSim Mayor Mode\node_modules\.pnpm\better-sqlite3@12.9.0\node_modules\better-sqlite3\lib\methods\transaction.js:65:24)
              at SimulationEngine.syncToDB (E:\LifeSim Mayor Mode\artifacts\api-server\src\lib\simulation-engine.ts:4183:6)
              at async SimulationEngine.tick (E:\LifeSim Mayor Mode\artifacts\api-server\src\lib\simulation-engine.ts:3150:7)
      "code": "SQLITE_CONSTRAINT_FOREIGNKEY"
    }
[09:54:40.844] [32mINFO[39m (44980): [36mAgents died[39m
    [35mcount[39m: 11
    [35mpopulation[39m: 906
[09:54:40.846] [32mINFO[39m (44980): [36mNew agents born[39m
    [35mcount[39m: 9
    [35mpopulation[39m: 915
[09:54:40.858] [32mINFO[39m (44980): [36mAgents emigrated[39m
    [35mcount[39m: 19
    [35mpopulation[39m: 896
    [35mwellbeingScore[39m: 0.78
[09:54:40.860] [32mINFO[39m (44980): [36mAgents immigrated[39m
    [35mcount[39m: 11
    [35mpopulation[39m: 907
    [35mwellbeingScore[39m: 0.78
[09:54:40.862] [32mINFO[39m (44980): [36mOne-time government survival bailout issued[39m
    [35mbizId[39m: 263
    [35mbizName[39m: "Супермаркет     №63"
    [35mbalanceAfter[39m: 644
    [35mbailoutAmount[39m: 800
[09:54:40.862] [32mINFO[39m (44980): [36mOne-time government survival bailout issued[39m
    [35mbizId[39m: 363
    [35mbizName[39m: "Химчистка  №39"
    [35mbalanceAfter[39m: 496
    [35mbailoutAmount[39m: 800
[09:54:40.862] [32mINFO[39m (44980): [36mOne-time government survival bailout issued[39m
    [35mbizId[39m: 365
    [35mbizName[39m: "Продуктовый     №59"
    [35mbalanceAfter[39m: 582
    [35mbailoutAmount[39m: 800
[09:54:40.862] [32mINFO[39m (44980): [36mOne-time government survival bailout issued[39m
    [35mbizId[39m: 397
    [35mbizName[39m: "Столовая     №59"
    [35mbalanceAfter[39m: 627
    [35mbailoutAmount[39m: 800
[09:54:40.862] [32mINFO[39m (44980): [36mOne-time government survival bailout issued[39m
    [35mbizId[39m: 482
    [35mbizName[39m: "Пекарня     №67"
    [35mbalanceAfter[39m: 535
    [35mbailoutAmount[39m: 800
[09:54:40.863] [32mINFO[39m (44980): [36mSelf-funded business opened[39m
    [35magentId[39m: 1589
    [35mbizName[39m: "Ресторан     №71"
    [35mbizType[39m: "food"
    [35mlaunchCost[39m: 2000
    [35msuccessScore[39m: 34
    [35magentMoney[39m: 9465
[09:54:40.864] [32mINFO[39m (44980): [36mGovernment grant approved (need-driven)[39m
    [35magentId[39m: 3902
    [35mbizName[39m: "Пекарня     №72"
    [35mbizType[39m: "food"
    [35mlaunchCost[39m: 2000
    [35msuccessScore[39m: 34
    [35mneedScore[39m: 52
    [35mmarketRatio[39m: 0.68
    [35mgovBudgetAfter[39m: 96869
[09:54:40.864] [32mINFO[39m (44980): [36mGovernment grant approved (need-driven)[39m
    [35magentId[39m: 3914
    [35mbizName[39m: "Цех упаковки №23"
    [35mbizType[39m: "workshop"
    [35mlaunchCost[39m: 2200
    [35msuccessScore[39m: 33
    [35mneedScore[39m: 0
    [35mmarketRatio[39m: 1
    [35mgovBudgetAfter[39m: 94669
[09:54:40.865] [32mINFO[39m (44980): [36mGovernment grant approved (need-driven)[39m
    [35magentId[39m: 3918
    [35mbizName[39m: "Овощная ферма     №38"
    [35mbizType[39m: "farm"
    [35mlaunchCost[39m: 1800
    [35msuccessScore[39m: 33
    [35mneedScore[39m: 0
    [35mmarketRatio[39m: 1
    [35mgovBudgetAfter[39m: 92869
[09:54:40.865] [32mINFO[39m (44980): [36mGame finished[39m
    [35mstatus[39m: "defeat"
    [35mreason[39m: "Срок партии истёк: цель сценария не выполнена."
[09:54:41.052] [31mERROR[39m (44980): [36mTick error[39m
    err: {
      "type": "SqliteError",
      "message": "FOREIGN KEY constraint failed",
      "stack":
          SqliteError: FOREIGN KEY constraint failed
              at <anonymous> (E:\LifeSim Mayor Mode\artifacts\api-server\src\lib\simulation-engine.ts:4177:24)
              at sqliteTransaction (E:\LifeSim Mayor Mode\node_modules\.pnpm\better-sqlite3@12.9.0\node_modules\better-sqlite3\lib\methods\transaction.js:65:24)
              at SimulationEngine.syncToDB (E:\LifeSim Mayor Mode\artifacts\api-server\src\lib\simulation-engine.ts:4183:6)
              at async SimulationEngine.tick (E:\LifeSim Mayor Mode\artifacts\api-server\src\lib\simulation-engine.ts:3150:7)
      "code": "SQLITE_CONSTRAINT_FOREIGNKEY"
    }
